taxonKey	year_2020_em_status_occs_Brussels	year_2020_em_status_occupancy_Brussels	year_2021_em_status_occs_Brussels	year_2021_em_status_occupancy_Brussels	year_2022_em_status_occs_Brussels	year_2022_em_status_occupancy_Brussels	mean_growth	canonicalName	kingdomKey	classKey	class	kingdom
1017419	1	1	1	1	0	0		Oxidus gracilis	1	361	Diplopoda	Animalia
1031394	1	1	1	1	1	1		Ectopsocus petersi	1	216	Insecta	Animalia
1031400	0	0	0	0	0	0		Ectopsocus briggsi	1	216	Insecta	Animalia
1031684	0	0	0	0	0	0		Lepinotus patruelis	1	216	Insecta	Animalia
1031742	1	1	1	1	1	1		Dorypteryx domestica	1	216	Insecta	Animalia
1047536	3	3	3	3	3	2	1.2081317888527174	Leptinotarsa decemlineata	1	216	Insecta	Animalia
1095946	1	1	1	1	1	1		Reesa vespulae	1	216	Insecta	Animalia
1152186	2	3	2	3	2	2		Callidiellum rufipennis	1	216	Insecta	Animalia
1309600	1	1	1	1	1	1		Andricus kollari	1	216	Insecta	Animalia
1309606	1	1	1	1	1	1		Andricus grossulariae	1	216	Insecta	Animalia
1309635	1	1	1	1	1	1		Aphelonyx cerricola	1	216	Insecta	Animalia
1311477	3	3	3	3	3	3		Vespa velutina	1	216	Insecta	Animalia
1346919	3	3	2	2	3	2		Isodontia mexicana	1	216	Insecta	Animalia
1421091	3	3	2	2	2	2		Lepisma saccharinum	1	216	Insecta	Animalia
1421095	3	3	3	3	3	2		Ctenolepisma lineata	1	216	Insecta	Animalia
1622599	1	1	1	1	1	1		Rhagoletis cingulata	1	216	Insecta	Animalia
1622658	1	3	3	3	1	1		Rhagoletis completa	1	216	Insecta	Animalia
1690429	1	2	1	1	1	1	0.8479551825338048	Meconema meridionale	1	216	Insecta	Animalia
1702101	1	1	1	1	1	1		Anacridium aegyptium	1	216	Insecta	Animalia
1718308	0	0	3	3	3	3		Acheta domesticus	1	216	Insecta	Animalia
1719204	0	0	0	0	0	0		Gryllomorpha dalmatina	1	216	Insecta	Animalia
1749449	2	2	1	1	3	3		Cameraria ohridella	1	216	Insecta	Animalia
1997215	3	3	2	2	3	3		Blattella germanica	1	216	Insecta	Animalia
2010226	1	1	1	1	1	1		Sthenarus rotermundi	1	216	Insecta	Animalia
2020655	1	2	1	3	1	3	0.4656140235975427	Corythucha ciliata	1	216	Insecta	Animalia
2020686	0	0	0	0	3	3		Stephanitis takeyai	1	216	Insecta	Animalia
2020779	1	1	1	1	1	1		Buchananiella continua	1	216	Insecta	Animalia
2037925	3	3	3	3	3	3	1.1614034597425809	Orientus ishidae	1	216	Insecta	Animalia
2038171	2	2	2	2	1	1		Opsius stactogalus	1	216	Insecta	Animalia
2041682	3	3	3	3	3	2	1.239314647936157	Graphocephala fennahi	1	216	Insecta	Animalia
2049661	2	2	1	1	1	1		Adelges abietis	1	216	Insecta	Animalia
2077985	1	1	1	1	0	0		Impatientinum asiaticum	1	216	Insecta	Animalia
2078852	3	1	1	1	1	1	0.9210697407809029	Nezara viridula	1	216	Insecta	Animalia
2091932	1	1	1	1	3	3		Pulvinaria hydrangeae	1	216	Insecta	Animalia
2092040	0	0	0	0	0	0		Pulvinaria regalis	1	216	Insecta	Animalia
2142456	1	1	1	1	1	1		Uloborus plumipes	1	367	Arachnida	Animalia
2149679	1	1	1	1	1	1		Holocnemus pluchei	1	367	Arachnida	Animalia
2153287	3	3	3	3	3	3		Zoropsis spinimana	1	367	Arachnida	Animalia
2164198	3	3	2	3	3	3		Cheiracanthium mildei	1	367	Arachnida	Animalia
2174528	1	1	3	2	1	1		Saitis barbipes	1	367	Arachnida	Animalia
2188249	1	1	1	1	0	0		Varroa destructor	1	367	Arachnida	Animalia
2226990	0	0	0	0	0	0		Pacifastacus leniusculus	1	229	Malacostraca	Animalia
2227300	1	1	0	0	3	2		Procambarus clarkii	1	229	Malacostraca	Animalia
2294275	1	1	1	1	0	0		Eobania vermiculata	1	225	Gastropoda	Animalia
2294284	3	3	3	3	1	1		Otala lactea	1	225	Gastropoda	Animalia
2295442	3	3	3	3	2	2		Limacus flavus	1	225	Gastropoda	Animalia
2297108	1	1	1	1	1	1		Milax gagates	1	225	Gastropoda	Animalia
2337607	1	1	1	1	1	1		Silurus glanis	1			Animalia
2362868	1	1	1	1	1	1		Pseudorasbora parva	1			Animalia
2362881	1	1	1	1	1	1		Leucaspius delineatus	1			Animalia
2379089	1	1	1	1	1	1		Neogobius melanostomus	1			Animalia
2426640	0	0	3	3	1	1		Pelophylax bedriagae	1	131	Amphibia	Animalia
2426661	2	2	2	2	2	2		Pelophylax ridibundus	1	131	Amphibia	Animalia
2427091	0	0	0	0	0	0		Lithobates catesbeianus	1	131	Amphibia	Animalia
2435035	2	2	2	2	2	2		Felis catus	1	359	Mammalia	Animalia
2436940	1	2	1	3	1	2	0.9204063057346168	Oryctolagus cuniculus	1	359	Mammalia	Animalia
2437232	0	0	0	0	0	0		Cynomys ludovicianus	1	359	Mammalia	Animalia
2437282	1	1	1	1	0	0		Tamiasciurus hudsonicus	1	359	Mammalia	Animalia
2437450	0	2	0	2	0	2	0.6220457351682113	Tamias sibiricus	1	359	Mammalia	Animalia
2439261	2	2	2	2	2	3	1.0417589352683196	Rattus norvegicus	1	359	Mammalia	Animalia
2439270	0	0	0	0	0	0		Rattus rattus	1	359	Mammalia	Animalia
2440946	1	1	3	3	1	1		Muntiacus reevesi	1	359	Mammalia	Animalia
2441905	1	1	0	0	0	0		Chelydra serpentina	1	11418114	Testudines	Animalia
2442843	1	1	1	1	1	1		Pseudemys nelsoni	1	11418114	Testudines	Animalia
2443002	2	2	2	3	2	2		Trachemys scripta	1	11418114	Testudines	Animalia
2443079	3	3	2	3	1	1		Graptemys ouachitensis	1	11418114	Testudines	Animalia
2443133	1	1	1	1	1	1		Chrysemys picta	1	11418114	Testudines	Animalia
2455615	1	1	1	1	0	0		Pantherophis guttatus	1	11592253	Squamata	Animalia
2465380	1	1	1	1	0	0		Python regius	1	11592253	Squamata	Animalia
2474051	1	1	1	1	1	1		Alectoris rufa	1	212	Aves	Animalia
2479226	3	1	3	1	3	1	1.1644053053575345	Psittacula krameri	1	212	Aves	Animalia
2479311	0	0	0	0	2	2		Platycercus elegans	1	212	Aves	Animalia
2479329	0	0	0	0	0	0		Platycercus eximius	1	212	Aves	Animalia
2479407	0	1	0	1	0	1	0.8343921528523185	Myiopsitta monachus	1	212	Aves	Animalia
2479544	3	3	1	1	1	1		Agapornis fischeri	1	212	Aves	Animalia
2479798	3	2	3	2	3	3	1.2121625658877426	Melopsittacus undulatus	1	212	Aves	Animalia
2479964	0	0	0	0	3	3		Poicephalus senegalus	1	212	Aves	Animalia
2479977	1	2	1	1	1	3	0.9110721018443677	Nymphicus hollandicus	1	212	Aves	Animalia
2480089	1	1	1	1	0	0		Psephotus haematonotus	1	212	Aves	Animalia
2480181	1	1	1	1	1	1		Psittacus erithacus	1	212	Aves	Animalia
2480350	0	0	0	0	0	0		Pelecanus onocrotalus	1	212	Aves	Animalia
2480352	0	0	0	0	0	0		Pelecanus rufescens	1	212	Aves	Animalia
2480410	0	0	0	0	0	0		Parabuteo unicinctus	1	212	Aves	Animalia
2480772	0	0	0	0	0	0		Plegadis ridgwayi	1	212	Aves	Animalia
2486151	0	0	0	0	0	0		Pycnonotus jocosus	1	212	Aves	Animalia
2489010	1	1	1	1	0	0		Acridotheres cristatellus	1	212	Aves	Animalia
2493598	1	1	1	1	0	0		Lonchura punctulata	1	212	Aves	Animalia
2493633	0	0	3	3	3	3		Taeniopygia guttata	1	212	Aves	Animalia
2493660	0	0	0	0	0	0		Estrilda astrild	1	212	Aves	Animalia
2494303	3	3	1	1	2	2		Serinus canaria	1	212	Aves	Animalia
2495414	3	0	3	0	3	0	1.2349870498276174	Columba livia	1	212	Aves	Animalia
2495494	0	0	0	0	0	0		Geopelia cuneata	1	212	Aves	Animalia
2498010	0	0	0	0	0	0		Tadorna cana	1	212	Aves	Animalia
2498034	3	1	3	2	3	1	1.0626397886447254	Anser cygnoides	1	212	Aves	Animalia
2498035	1	1	2	2	1	1		Anser indicus	1	212	Aves	Animalia
2498046	0	0	0	0	0	0		Chenonetta jubata	1	212	Aves	Animalia
2498065	0	0	0	0	0	0		Anas flavirostris	1	212	Aves	Animalia
2498090	1	1	1	1	1	1		Anas bahamensis	1	212	Aves	Animalia
2498167	3	3	1	1	1	1		Anser caerulescens	1	212	Aves	Animalia
2498252	3	1	3	1	3	1	1.0855591239802087	Alopochen aegyptiaca	1	212	Aves	Animalia
2498305	1	1	1	1	1	1		Oxyura jamaicensis	1	212	Aves	Animalia
2498344	0	0	3	3	3	3		Cygnus atratus	1	212	Aves	Animalia
2498384	1	1	3	3	2	3		Callonetta leucophrys	1	212	Aves	Animalia
2498387	1	2	1	2	1	2	0.7572924691578797	Aix sponsa	1	212	Aves	Animalia
2498388	3	1	1	1	1	1	0.9988358698832266	Aix galericulata	1	212	Aves	Animalia
2498393	0	0	0	0	0	0		Dendrocygna autumnalis	1	212	Aves	Animalia
2516809	0	0	0	0	0	0		Melampsoridium betulinum	5	270	Pucciniomycetes	Fungi
2650827	2	2	2	2	2	2		Cyrtomium fortunei	6	7228684	Polypodiopsida	Plantae
2650829	1	1	0	0	2	3		Cyrtomium falcatum	6	7228684	Polypodiopsida	Plantae
2651816	1	1	1	1	1	1		Adiantum capillus-veneris	6	7228684	Polypodiopsida	Plantae
2651826	0	0	0	0	0	0		Adiantum raddianum	6	7228684	Polypodiopsida	Plantae
2677047	1	1	1	1	0	0		Orthodontium lineare	6	327	Bryopsida	Plantae
2683866	3	3	2	2	2	2		Chamaecyparis lawsoniana	6	194	Pinopsida	Plantae
2683894	0	0	0	0	0	0		Xanthocyparis nootkatensis	6	194	Pinopsida	Plantae
2684171	0	0	0	0	0	0		Thuja plicata	6	194	Pinopsida	Plantae
2684178	0	0	0	0	0	0		Thuja occidentalis	6	194	Pinopsida	Plantae
2684191	1	1	2	3	1	1		Taxodium distichum	6	194	Pinopsida	Plantae
2684984	1	1	1	1	1	1		Araucaria araucana	6	194	Pinopsida	Plantae
2685361	0	0	0	0	3	3		Abies grandis	6	194	Pinopsida	Plantae
2685484	0	0	0	0	2	2		Abies alba	6	194	Pinopsida	Plantae
2685663	0	0	0	0	0	0		Abies homolepis	6	194	Pinopsida	Plantae
2685796	0	0	0	0	0	0		Pseudotsuga menziesii	6	194	Pinopsida	Plantae
2686212	3	3	1	1	2	2		Larix decidua	6	194	Pinopsida	Plantae
2687182	0	0	0	0	0	0		Tsuga canadensis	6	194	Pinopsida	Plantae
2687210	3	3	1	1	1	1		Tsuga heterophylla	6	194	Pinopsida	Plantae
2702058	0	0	0	0	0	0		Juncus anthelatus	6	196	Liliopsida	Plantae
2703041	3	3	1	1	1	1		Arundo donax	6	196	Liliopsida	Plantae
2703712	1	1	1	1	1	1	0.8422954786393294	Bromus carinatus	6	196	Liliopsida	Plantae
2704523	0	0	0	0	0	0		Cortaderia selloana	6	196	Liliopsida	Plantae
2705090	1	1	1	2	1	1	0.9320549084883072	Panicum miliaceum	6	196	Liliopsida	Plantae
2706026	1	1	1	1	1	1		Miscanthus sinensis	6	196	Liliopsida	Plantae
2716226	0	0	0	0	0	0		Cyperus esculentus	6	196	Liliopsida	Plantae
2722515	3	3	3	3	1	1		Carex morrowii	6	196	Liliopsida	Plantae
2726360	1	1	2	3	1	1		Carex grayi	6	196	Liliopsida	Plantae
2739071	1	1	1	1	1	1		Trachycarpus fortunei	6	196	Liliopsida	Plantae
2747564	2	2	3	3	2	2		Crocus tommasinianus	6	196	Liliopsida	Plantae
2747567	3	3	1	1	2	2		Crocus vernus	6	196	Liliopsida	Plantae
2749791	0	0	0	0	0	0		Gladiolus italicus	6	196	Liliopsida	Plantae
2752849	0	0	0	0	0	0		Erythronium dens-canis	6	196	Liliopsida	Plantae
2765156	2	2	1	1	1	1		Tradescantia fluminensis	6	196	Liliopsida	Plantae
2766030	0	0	0	0	0	0		Pontederia cordata	6	196	Liliopsida	Plantae
2767229	1	1	1	1	1	1		Scilla sardensis	6	196	Liliopsida	Plantae
2767428	1	1	1	1	1	1		Puschkinia scilloides	6	196	Liliopsida	Plantae
2769622	0	0	0	0	0	0		Muscari azureum	6	196	Liliopsida	Plantae
2772094	1	1	0	0	2	2		Muscari botryoides	6	196	Liliopsida	Plantae
2772174	0	0	0	0	2	2		Muscari armeniacum	6	196	Liliopsida	Plantae
2772666	3	3	1	1	1	1		Hyacinthus orientalis	6	196	Liliopsida	Plantae
2772885	0	0	0	0	0	0		Ornithogalum pyramidale	6	196	Liliopsida	Plantae
2775619	3	3	1	1	1	1		Yucca gloriosa	6	196	Liliopsida	Plantae
2781103	0	0	3	3	1	1		Hemerocallis lilioasphodelus	6	196	Liliopsida	Plantae
2855398	3	3	3	3	1	1		Galanthus elwesii	6	196	Liliopsida	Plantae
2856920	0	0	0	0	0	0		Allium hollandicum	6	196	Liliopsida	Plantae
2857017	2	3	2	3	2	3		Allium paradoxum	6	196	Liliopsida	Plantae
2857341	1	1	1	1	1	1		Allium zebdanense	6	196	Liliopsida	Plantae
2857697	1	1	1	1	1	1		Allium cepa	6	196	Liliopsida	Plantae
2865565	1	1	0	0	0	0		Lagarosiphon major	6	196	Liliopsida	Plantae
2867614	3	3	3	3	2	2		Lemna minuta	6	196	Liliopsida	Plantae
2867631	1	1	1	1	0	0		Lemna turionifera	6	196	Liliopsida	Plantae
2873877	3	3	3	3	1	1		Linum austriacum	6	220	Magnoliopsida	Plantae
2874190	0	0	0	0	0	0		Passiflora edulis	6	220	Magnoliopsida	Plantae
2874199	0	0	0	0	0	0		Passiflora caerulea	6	220	Magnoliopsida	Plantae
2875968	3	3	2	2	1	1		Corylus colurna	6	220	Magnoliopsida	Plantae
2876049	0	0	2	2	2	2		Corylus maxima	6	220	Magnoliopsida	Plantae
2876607	0	3	0	2	0	2	0.7343112511536752	Alnus cordata	6	220	Magnoliopsida	Plantae
2880539	1	1	1	1	1	1	0.9845246144256514	Quercus rubra	6	220	Magnoliopsida	Plantae
2880580	2	2	2	2	3	3		Quercus cerris	6	220	Magnoliopsida	Plantae
2882482	0	1	0	1	0	1	0.582876494219108	Calluna vulgaris	6	220	Magnoliopsida	Plantae
2888323	0	0	0	0	0	0		Clethra alnifolia	6	220	Magnoliopsida	Plantae
2888435	1	1	1	1	1	1		Papaver bracteatum	6	220	Magnoliopsida	Plantae
2888437	0	0	0	0	0	0		Papaver orientale	6	220	Magnoliopsida	Plantae
2888439	0	3	0	3	0	2	0.9243597300758843	Papaver somniferum	6	220	Magnoliopsida	Plantae
2888564	0	0	0	0	0	0		Lamprocapnos spectabilis	6	220	Magnoliopsida	Plantae
2888579	0	0	0	0	0	0		Leycesteria formosa	6	220	Magnoliopsida	Plantae
2888585	3	3	2	3	2	3		Viburnum tinus	6	220	Magnoliopsida	Plantae
2888625	1	1	2	3	2	2		Viburnum rhytidophyllum	6	220	Magnoliopsida	Plantae
2888636	0	0	0	0	0	0		Symphoricarpos orbiculatus	6	220	Magnoliopsida	Plantae
2888706	0	0	0	0	3	3		Kolkwitzia amabilis	6	220	Magnoliopsida	Plantae
2888806	3	3	1	1	1	1		Scabiosa ochroleuca	6	220	Magnoliopsida	Plantae
2888867	3	3	1	1	3	3		Rheum rhabarbarum	6	220	Magnoliopsida	Plantae
2888990	0	0	0	0	0	0		Rumex salicifolius	6	220	Magnoliopsida	Plantae
2889934	3	3	3	2	3	2	1.23684213291324	Tropaeolum majus	6	220	Magnoliopsida	Plantae
2889980	0	0	0	0	0	0		Geranium magnificum	6	220	Magnoliopsida	Plantae
2890541	1	1	1	3	1	2	0.8698813783277565	Geranium purpureum	6	220	Magnoliopsida	Plantae
2891707	2	2	3	3	2	2		Oxalis debilis	6	220	Magnoliopsida	Plantae
2891783	1	1	3	3	3	3		Impatiens balfourii	6	220	Magnoliopsida	Plantae
2913169	1	1	3	2	1	1		Galium parisiense	6	220	Magnoliopsida	Plantae
2925496	1	1	1	1	1	1		Verbena rigida	6	220	Magnoliopsida	Plantae
2926042	1	1	1	1	1	1		Nonea lutea	6	220	Magnoliopsida	Plantae
2926572	0	0	0	0	0	0		Physostegia virginiana	6	220	Magnoliopsida	Plantae
2926992	3	3	2	2	1	1		Salvia hispanica	6	220	Magnoliopsida	Plantae
2927492	0	0	0	0	0	0		Cuscuta gronovii	6	220	Magnoliopsida	Plantae
2927727	0	0	0	0	0	0		Phlox subulata	6	220	Magnoliopsida	Plantae
2928026	1	1	1	1	1	1		Nemophila menziesii	6	220	Magnoliopsida	Plantae
2928538	1	1	1	1	0	0		Ipomoea hederacea	6	220	Magnoliopsida	Plantae
2928668	1	1	1	1	1	1		Dichondra argentea	6	220	Magnoliopsida	Plantae
2928761	3	3	1	1	3	3		Nicotiana alata	6	220	Magnoliopsida	Plantae
2928859	0	0	0	0	0	0		Petunia atkinsiana	6	220	Magnoliopsida	Plantae
2928861	1	1	0	0	0	0		Petunia integrifolia	6	220	Magnoliopsida	Plantae
2959443	1	1	3	3	1	1		Gleditsia triacanthos	6	220	Magnoliopsida	Plantae
2965354	1	1	1	1	1	0	0.9624731743060095	Medicago falcata	6	220	Magnoliopsida	Plantae
2975132	1	1	1	1	1	1		Vicia narbonensis	6	220	Magnoliopsida	Plantae
2984466	1	1	0	0	0	0		Laportea aestuans	6	220	Magnoliopsida	Plantae
2984492	0	0	0	0	0	0		Celtis australis	6	220	Magnoliopsida	Plantae
2984532	1	1	0	0	3	3		Zelkova serrata	6	220	Magnoliopsida	Plantae
2984676	1	1	1	1	0	0		Pachysandra terminalis	6	220	Magnoliopsida	Plantae
2985964	1	1	1	1	1	1		Deutzia gracilis	6	220	Magnoliopsida	Plantae
2985965	1	1	1	1	2	2		Deutzia scabra	6	220	Magnoliopsida	Plantae
2985995	0	0	0	0	0	0		Hydrangea paniculata	6	220	Magnoliopsida	Plantae
2986111	1	1	3	3	2	2		Ribes aureum	6	220	Magnoliopsida	Plantae
2988188	1	2	1	1	1	3	0.786624821869174	Pyracantha coccinea	6	220	Magnoliopsida	Plantae
2995149	3	3	2	2	2	2		Rubus phoenicolasius	6	220	Magnoliopsida	Plantae
2996525	0	2	0	2	0	2	0.48363545859942586	Rubus armeniacus	6	220	Magnoliopsida	Plantae
3000610	3	3	1	1	1	1		Chaenomeles japonica	6	220	Magnoliopsida	Plantae
3000679	1	1	1	1	0	0		Chaenomeles speciosa	6	220	Magnoliopsida	Plantae
3003244	3	3	2	2	3	3		Rosa multiflora Thunb.	6	220	Magnoliopsida	Plantae
3012089	3	3	3	3	3	3		Sorbaria sorbifolia	6	220	Magnoliopsida	Plantae
3015457	1	1	1	1	1	1		Crataegus persimilis	6	220	Magnoliopsida	Plantae
3021496	1	3	1	3	1	3	0.7893062261412455	Prunus laurocerasus	6	220	Magnoliopsida	Plantae
3021730	3	1	3	1	3	1	1.108761358322385	Prunus cerasifera	6	220	Magnoliopsida	Plantae
3025617	1	0	1	0	1	0	0.8266355133521325	Cotoneaster horizontalis	6	220	Magnoliopsida	Plantae
3026004	0	0	0	0	0	0		Cotoneaster watereri	6	220	Magnoliopsida	Plantae
3026074	3	3	3	2	2	2		Cotoneaster salicifolius	6	220	Magnoliopsida	Plantae
3026092	1	1	1	1	2	2		Cotoneaster hjelmqvistii	6	220	Magnoliopsida	Plantae
3026162	2	2	2	2	2	2		Cotoneaster franchetii	6	220	Magnoliopsida	Plantae
3026294	1	2	1	3	1	3	0.8992776075549951	Cotoneaster bullatus	6	220	Magnoliopsida	Plantae
3026622	0	0	0	0	0	0		Spiraea vanhouttei	6	220	Magnoliopsida	Plantae
3028528	1	2	1	3	1	3	0.8965224875256805	Alchemilla mollis	6	220	Magnoliopsida	Plantae
3033077	3	3	3	3	2	2		Aucuba japonica	6	220	Magnoliopsida	Plantae
3033242	2	2	2	2	1	1		Anemone blanda	6	220	Magnoliopsida	Plantae
3033865	1	1	1	1	1	1	0.9933122150040967	Mahonia aquifolium	6	220	Magnoliopsida	Plantae
3033896	1	1	1	1	3	3		Berberis thunbergii	6	220	Magnoliopsida	Plantae
3033965	0	0	0	0	3	3		Akebia quinata	6	220	Magnoliopsida	Plantae
3034015	0	0	0	0	2	3		Laurus nobilis	6	220	Magnoliopsida	Plantae
3034046	1	1	0	0	0	0		Persea americana	6	220	Magnoliopsida	Plantae
3036892	1	1	3	3	1	1		Aralia elata	6	220	Magnoliopsida	Plantae
3039046	2	2	1	1	1	1		Fatsia japonica	6	220	Magnoliopsida	Plantae
3039194	3	3	1	1	3	3		Parthenocissus quinquefolia	6	220	Magnoliopsida	Plantae
3040184	0	0	3	3	3	3		Populus balsamifera	6	220	Magnoliopsida	Plantae
3040185	1	0	1	3	1	3	0.9855035126728554	Populus canescens	6	220	Magnoliopsida	Plantae
3040233	3	1	3	1	3	1	1.0108625915757812	Populus alba	6	220	Magnoliopsida	Plantae
3040241	0	0	0	0	0	0		Populus jackii	6	220	Magnoliopsida	Plantae
3040999	0	0	0	0	0	0		Raphanus raphanistrum landra	6	220	Magnoliopsida	Plantae
3042845	1	2	1	3	1	2	0.8380868449992452	Brassica oleracea	6	220	Magnoliopsida	Plantae
3054117	3	3	3	3	3	3		Aubrieta deltoidea	6	220	Magnoliopsida	Plantae
3054357	1	3	1	2	1	2	0.6856080085409162	Juglans nigra	6	220	Magnoliopsida	Plantae
3054368	0	1	0	1	0	1	0.9301993464833116	Juglans regia	6	220	Magnoliopsida	Plantae
3064669	1	1	1	1	1	1		Euphorbia myrsinites	6	220	Magnoliopsida	Plantae
3067119	2	2	3	3	3	3		Euphorbia maculata	6	220	Magnoliopsida	Plantae
3067353	3	3	1	1	3	3		Euphorbia characias	6	220	Magnoliopsida	Plantae
3067891	3	3	1	1	1	1		Euphorbia prostrata	6	220	Magnoliopsida	Plantae
3083680	1	1	1	1	1	1		Atriplex micrantha	6	220	Magnoliopsida	Plantae
3084015	1	1	3	3	3	3		Phytolacca americana	6	220	Magnoliopsida	Plantae
3084022	3	3	2	2	3	3		Phytolacca acinosa	6	220	Magnoliopsida	Plantae
3085357	0	0	0	0	3	3		Saponaria ocymoides	6	220	Magnoliopsida	Plantae
3085366	1	1	1	1	1	1		Agrostemma brachyloba	6	220	Magnoliopsida	Plantae
3085420	2	2	1	1	1	1		Dianthus caryophyllus	6	220	Magnoliopsida	Plantae
3088310	0	0	0	0	3	3		Petasites japonicus	6	220	Magnoliopsida	Plantae
3088488	1	1	2	2	1	1		Tagetes erecta	6	220	Magnoliopsida	Plantae
3098912	3	3	2	2	2	2		Cosmos bipinnatus	6	220	Magnoliopsida	Plantae
3098951	2	3	2	3	3	3		Cosmos sulphureus	6	220	Magnoliopsida	Plantae
3104314	0	0	0	0	0	0		Liatris spicata	6	220	Magnoliopsida	Plantae
3110041	0	0	0	0	0	0		Amphiachyris dracunculoides	6	220	Magnoliopsida	Plantae
3112361	1	1	1	1	1	1		Cynara scolymus	6	220	Magnoliopsida	Plantae
3112364	1	1	1	1	1	1		Cynara cardunculus	6	220	Magnoliopsida	Plantae
3120790	1	2	1	2	1	1	0.9473020640825204	Artemisia verlotiorum	6	220	Magnoliopsida	Plantae
3128225	1	3	1	2	1	3	0.9311960325068444	Centaurea nigra	6	220	Magnoliopsida	Plantae
3128888	0	0	0	0	0	0		Centaurea solstitialis	6	220	Magnoliopsida	Plantae
3131614	1	1	1	1	1	1		Helichrysum italicum	6	220	Magnoliopsida	Plantae
3133887	1	1	2	2	2	2		Coreopsis verticillata	6	220	Magnoliopsida	Plantae
3133938	1	1	1	1	1	1		Coreopsis lanceolata	6	220	Magnoliopsida	Plantae
3138195	0	0	0	0	0	0		Eutrochium maculatum	6	220	Magnoliopsida	Plantae
3146683	0	1	0	1	0	1	0.8402679407421987	Erigeron sumatrensis	6	220	Magnoliopsida	Plantae
3147018	3	3	2	2	2	2		Erigeron floribundus	6	220	Magnoliopsida	Plantae
3147168	3	3	2	3	3	3		Erigeron karvinskianus	6	220	Magnoliopsida	Plantae
3150935	1	1	1	1	1	1		Echinacea purpurea	6	220	Magnoliopsida	Plantae
3152583	3	3	2	2	3	2		Hibiscus syriacus	6	220	Magnoliopsida	Plantae
3152816	3	3	1	1	1	1		Platanus orientalis	6	220	Magnoliopsida	Plantae
3152824	2	2	2	2	1	1		Liquidambar styraciflua	6	220	Magnoliopsida	Plantae
3152861	0	0	3	3	3	3		Liriodendron tulipifera	6	220	Magnoliopsida	Plantae
3169137	1	1	1	1	3	3		Euonymus fortunei	6	220	Magnoliopsida	Plantae
3170823	0	3	0	3	0	2	0.6405766291679973	Paulownia tomentosa	6	220	Magnoliopsida	Plantae
3171952	1	1	0	0	0	0		Verbascum speciosum	6	220	Magnoliopsida	Plantae
3172059	0	0	2	2	1	1		Veronica spicata	6	220	Magnoliopsida	Plantae
3172291	1	1	1	1	1	1	0.9685544377173314	Ligustrum ovalifolium	6	220	Magnoliopsida	Plantae
3172613	1	1	1	1	1	1		Catalpa ovata	6	220	Magnoliopsida	Plantae
3172615	1	2	1	2	1	1	0.7181018275100982	Catalpa bignonioides	6	220	Magnoliopsida	Plantae
3189073	2	2	2	2	1	1		Epilobium brachycarpum	6	220	Magnoliopsida	Plantae
3189815	3	1	3	1	3	1	1.0121657281355578	Aesculus hippocastanum	6	220	Magnoliopsida	Plantae
3189824	0	0	0	0	0	0		Aesculus flava	6	220	Magnoliopsida	Plantae
3189828	1	1	1	1	1	1		Aesculus parviflora	6	220	Magnoliopsida	Plantae
3189835	1	1	1	1	1	1		Acer macrophyllum	6	220	Magnoliopsida	Plantae
3189837	3	3	3	3	2	2		Acer saccharinum	6	220	Magnoliopsida	Plantae
3189866	1	3	1	3	1	3	0.9672669218886646	Acer negundo	6	220	Magnoliopsida	Plantae
3189882	0	0	0	0	0	0		Acer palmatum	6	220	Magnoliopsida	Plantae
3190522	1	1	1	1	2	2		Cotinus coggygria	6	220	Magnoliopsida	Plantae
3190653	3	1	3	1	3	1	1.1030278899308916	Ailanthus altissima	6	220	Magnoliopsida	Plantae
3602683	0	3	0	2	0	2	0.4247697015833408	Papaver cambricum	6	220	Magnoliopsida	Plantae
3631129	0	0	0	0	0	0		Eryngium giganteum	6	220	Magnoliopsida	Plantae
3663237	1	1	3	3	1	1		Cornus sanguinea australis	6	220	Magnoliopsida	Plantae
3664589	3	3	3	3	1	1		Oenothera lindheimeri	6	220	Magnoliopsida	Plantae
3666776	1	1	1	1	3	2		Oenothera ersteinensis	6	220	Magnoliopsida	Plantae
3690997	1	1	2	2	2	2		Cardamine occulta	6	220	Magnoliopsida	Plantae
3693336	0	0	0	0	0	0		Rorippa anceps	6	220	Magnoliopsida	Plantae
3797084	1	1	2	2	1	1		Alkekengi officinarum	6	220	Magnoliopsida	Plantae
3814157	1	1	1	1	1	1		Eudianthe coeli-rosa	6	220	Magnoliopsida	Plantae
4033335	0	0	0	0	0	0		Bistorta affinis	6	220	Magnoliopsida	Plantae
4038485	1	1	1	1	0	0		Reynoutria bohemica	6	220	Magnoliopsida	Plantae
4067302	2	2	3	3	1	1		Symphytum grandiflorum	6	220	Magnoliopsida	Plantae
4097656	0	0	0	0	0	0		Alnus spaethii	6	220	Magnoliopsida	Plantae
4102952	3	3	1	1	1	1		Knautia macedonica	6	220	Magnoliopsida	Plantae
4127352	1	1	1	1	1	1		Sasaella ramosa	6	196	Liliopsida	Plantae
4201607	1	2	1	3	1	3	0.9699096549282987	Phedimus spurius	6	220	Magnoliopsida	Plantae
4201695	0	0	0	0	0	0		Phedimus hybridus	6	220	Magnoliopsida	Plantae
4264680	0	0	0	0	0	0		Myocastor coypus	1	359	Mammalia	Animalia
4314683	0	0	0	0	0	0		Chelicorophium curvispinum	1	229	Malacostraca	Animalia
4409643	1	1	1	1	0	0		Leuciscus idus	1			Animalia
4427283	3	3	1	1	1	1		Anthrenocerus australis	1	216	Insecta	Animalia
4427319	1	1	1	1	1	1		Anthrenus angustefasciatus	1	216	Insecta	Animalia
4460066	2	0	0	0	0	0	0.8806842300654156	Chrysolina americana	1	216	Insecta	Animalia
4483961	2	2	2	2	1	1		Viridicerus ustulatus	1	216	Insecta	Animalia
4483971	0	0	2	2	3	2		Populicerus albicans	1	216	Insecta	Animalia
4484176	1	1	0	0	2	3		Cacopsylla fulguralis	1	216	Insecta	Animalia
4486243	2	2	2	2	3	3		Oxycarenus lavaterae	1	216	Insecta	Animalia
4486297	1	1	1	1	1	1		Arocatus longiceps	1	216	Insecta	Animalia
4486365	0	0	0	0	0	0		Nysius huttoni	1	216	Insecta	Animalia
4486382	1	1	1	1	1	1		Orsillus depressus	1	216	Insecta	Animalia
4487610	1	1	1	1	0	0		Neolygus populi	1	216	Insecta	Animalia
4488821	1	1	1	1	1	1	0.8395374761582052	Deraeocoris flavilinea	1	216	Insecta	Animalia
4496869	1	1	0	0	0	0		Neuroterus saliens	1	216	Insecta	Animalia
4496973	0	0	0	0	0	0		Andricus gemmeus	1	216	Insecta	Animalia
4497054	1	1	1	1	2	2		Andricus lignicolus	1	216	Insecta	Animalia
4497120	0	0	0	0	0	0		Andricus corruptrix	1	216	Insecta	Animalia
4497124	1	1	1	1	1	1		Andricus quercuscalicis	1	216	Insecta	Animalia
4497180	1	1	1	1	1	1		Andricus aries	1	216	Insecta	Animalia
4532122	1	0	1	0	1	1	0.8971882833283715	Cydalima perspectalis	1	216	Insecta	Animalia
4565039	3	3	3	3	2	2		Hygromia cinctella	1	225	Gastropoda	Animalia
4567717	1	1	2	2	2	2		Boettgerilla pallens	1	225	Gastropoda	Animalia
4568269	0	0	0	0	0	0		Paralaoma servilis	1	225	Gastropoda	Animalia
4926977	0	0	0	0	0	0		Catalpa erubescens	6	220	Magnoliopsida	Plantae
4938160	0	0	0	0	0	0		Berberis gagnepainii	6	220	Magnoliopsida	Plantae
4989904	3	1	3	1	3	1	1.2363290970048402	Harmonia axyridis	1	216	Insecta	Animalia
4990176	1	1	2	2	2	2		Rhyzobius forestieri	1	216	Insecta	Animalia
5123474	2	3	3	3	2	2		Anthophila nemorana	1	216	Insecta	Animalia
5153082	1	1	1	1	1	1		Homotoma ficus	1	216	Insecta	Animalia
5156102	3	1	3	1	1	1	1.0018063771308823	Leptoglossus occidentalis	1	216	Insecta	Animalia
5218786	1	1	1	1	2	3		Procyon lotor	1	359	Mammalia	Animalia
5219858	2	2	2	2	1	1		Ondatra zibethicus	1	359	Mammalia	Animalia
5220136	0	0	0	0	0	0		Dama dama	1	359	Mammalia	Animalia
5228034	1	1	1	1	1	1		Chrysolophus pictus	1	212	Aves	Animalia
5228080	1	1	1	1	1	1		Callipepla californica	1	212	Aves	Animalia
5229044	0	0	0	0	0	0		Psittacula cyanocephala	1	212	Aves	Animalia
5229055	3	1	3	1	3	1	1.0417551320892355	Psittacula eupatria	1	212	Aves	Animalia
5229110	1	1	1	1	0	0		Cyanoramphus novaezelandiae	1	212	Aves	Animalia
5230734	1	1	1	1	1	1		Onychognathus tristramii	1	212	Aves	Animalia
5232428	0	1	0	1	0	1	0.556900417650375	Chloephaga picta	1	212	Aves	Animalia
5232437	2	1	2	1	2	1	1.0187691876553826	Branta canadensis	1	212	Aves	Animalia
5232452	3	1	3	2	3	1	1.7557040694265447	Branta hutchinsii	1	212	Aves	Animalia
5281901	1	1	1	2	1	2	0.6810022261489245	Campylopus introflexus	6	327	Bryopsida	Plantae
5284702	1	1	1	1	1	1		Cedrus atlantica	6	194	Pinopsida	Plantae
5284809	3	3	1	1	3	3		Pinus nigra	6	194	Pinopsida	Plantae
5284884	3	3	2	2	2	2		Picea abies	6	194	Pinopsida	Plantae
5284982	0	0	3	3	2	3		Pinus strobus	6	194	Pinopsida	Plantae
5285074	0	0	0	0	0	0		Pinus wallichiana	6	194	Pinopsida	Plantae
5285385	0	0	0	0	0	0		Pinus mugo	6	194	Pinopsida	Plantae
5285565	0	0	0	0	3	3		Pinus pinaster	6	194	Pinopsida	Plantae
5285637	2	2	2	2	2	2		Pinus sylvestris	6	194	Pinopsida	Plantae
5289686	3	1	3	2	3	2	1.012218377197943	Setaria verticillata	6	196	Liliopsida	Plantae
5300716	1	1	1	1	1	1		Fritillaria imperialis	6	196	Liliopsida	Plantae
5304294	0	0	0	0	0	0		Hyacinthoides massartiana	6	196	Liliopsida	Plantae
5328909	1	1	1	1	3	3		Sagittaria latifolia	6	196	Liliopsida	Plantae
5330661	3	1	3	1	3	1	1.0620593893558978	Arum italicum	6	196	Liliopsida	Plantae
5332004	0	0	0	0	0	0		Betula nana	6	220	Magnoliopsida	Plantae
5332120	0	0	0	0	0	0		Betula papyrifera	6	220	Magnoliopsida	Plantae
5332305	0	0	0	0	3	3		Ostrya carpinifolia	6	220	Magnoliopsida	Plantae
5334240	0	0	0	0	3	3		Lonicera japonica	6	220	Magnoliopsida	Plantae
5341201	3	3	3	3	2	3		Anchusa officinalis	6	220	Magnoliopsida	Plantae
5341497	0	0	3	3	1	1		Nepeta racemosa	6	220	Magnoliopsida	Plantae
5341540	1	1	0	0	0	0		Gilia achilleifolia	6	220	Magnoliopsida	Plantae
5353590	1	1	1	1	3	3		Cercis siliquastrum	6	220	Magnoliopsida	Plantae
5355395	1	1	1	1	1	1		Spartium junceum	6	220	Magnoliopsida	Plantae
5361785	0	2	0	3	0	2	0.6121787168293769	Myriophyllum aquaticum	6	220	Magnoliopsida	Plantae
5362004	0	0	0	0	0	0		Sedum sarmentosum	6	220	Magnoliopsida	Plantae
5362054	0	0	0	0	0	0		Crassula helmsii	6	220	Magnoliopsida	Plantae
5362573	1	2	1	2	1	2	0.9635425091031928	Pyrus communis	6	220	Magnoliopsida	Plantae
5363119	0	0	0	0	0	0		Pyrus calleryana	6	220	Magnoliopsida	Plantae
5365705	1	2	1	2	1	2	0.9520102076778034	Potentilla intermedia	6	220	Magnoliopsida	Plantae
5367294	1	3	1	3	1	2	0.93409164148631	Potentilla recta	6	220	Magnoliopsida	Plantae
5369784	1	1	3	3	3	3		Geum macrophyllum	6	220	Magnoliopsida	Plantae
5371655	0	0	0	0	0	0		Halesia carolina	6	220	Magnoliopsida	Plantae
5372639	1	1	1	1	2	2		Salix babylonica	6	220	Magnoliopsida	Plantae
5372655	0	0	3	3	3	3		Salix eleagnos	6	220	Magnoliopsida	Plantae
5373124	1	1	1	1	2	2		Malcolmia maritima (L.) W.T.Aiton	6	220	Magnoliopsida	Plantae
5377163	1	1	1	1	1	1		Iberis amara	6	220	Magnoliopsida	Plantae
5384361	0	0	0	0	0	0		Amaranthus bouchonii	6	220	Magnoliopsida	Plantae
5384390	0	0	0	0	0	0		Amaranthus cruentus	6	220	Magnoliopsida	Plantae
5384393	0	0	0	0	0	0		Amaranthus palmeri	6	220	Magnoliopsida	Plantae
5403605	0	0	0	0	0	0		Crepis sancta	6	220	Magnoliopsida	Plantae
5410151	3	3	3	3	2	2		Campanula poscharskyana	6	220	Magnoliopsida	Plantae
5410210	0	0	0	0	0	0		Campanula fenestrellata	6	220	Magnoliopsida	Plantae
5410411	0	0	0	0	0	0	0.8140669931388259	Campanula portenschlagiana	6	220	Magnoliopsida	Plantae
5410661	1	1	1	1	0	0		Campanula pyramidalis	6	220	Magnoliopsida	Plantae
5411453	1	1	0	0	0	0		Campanula medium	6	220	Magnoliopsida	Plantae
5415012	3	3	1	1	2	2		Linaria purpurea	6	220	Magnoliopsida	Plantae
5415455	2	3	1	1	1	1		Acanthus mollis	6	220	Magnoliopsida	Plantae
5421039	0	0	3	3	1	1		Ludwigia grandiflora	6	220	Magnoliopsida	Plantae
5421180	3	3	2	2	2	2		Koelreuteria paniculata	6	220	Magnoliopsida	Plantae
5561475	1	1	1	1	1	1		Chaenostoma cordatum	6	220	Magnoliopsida	Plantae
5584611	1	1	1	1	3	3		Silene chalcedonica	6	220	Magnoliopsida	Plantae
5587240	0	0	0	0	2	2		Silene vulgaris vulgaris	6	220	Magnoliopsida	Plantae
5598915	1	1	1	3	1	2	0.8175573321180076	Lonicera pileata	6	220	Magnoliopsida	Plantae
5686494	0	0	0	0	0	0		Decaisnea insignis	6	220	Magnoliopsida	Plantae
5774728	1	1	1	1	1	1		Eriophyes pyri	1	367	Arachnida	Animalia
5892120	0	0	0	0	0	0		Girardia tigrina	1			Animalia
5959228	1	1	1	1	1	1		Ara severus	1	212	Aves	Animalia
6026954	0	0	0	0	0	0		Scandix stellata	6	220	Magnoliopsida	Plantae
6096602	1	1	1	1	1	1		Lophocolea semiteres	6	126	Jungermanniopsida	Plantae
6098843	1	3	1	3	1	3	0.9702025022725039	Ctenolepisma longicaudatum	1	216	Insecta	Animalia
6100996	0	0	0	0	0	0		Crithagra mozambica	1	212	Aves	Animalia
6101223	0	0	0	0	0	0		Spilopelia senegalensis	1	212	Aves	Animalia
6109535	3	1	3	1	3	1	1.0412357522365239	Trifolium hybridum	6	220	Magnoliopsida	Plantae
6156934	1	1	1	1	1	1		Chrysemys picta bellii	1	11418114	Testudines	Animalia
6157026	2	2	2	2	1	1		Trachemys scripta elegans	1	11418114	Testudines	Animalia
6157035	3	2	2	2	1	1		Trachemys scripta troostii	1	11418114	Testudines	Animalia
6161327	0	0	0	0	0	0		Natrix tessellata	1	11592253	Squamata	Animalia
6161340	0	0	0	0	0	0		Natrix maura	1	11592253	Squamata	Animalia
6362904	0	0	2	3	3	3		Populus trichocarpa	6	220	Magnoliopsida	Plantae
6709291	0	0	0	0	0	0		Reynoutria compacta	6	220	Magnoliopsida	Plantae
7062200	0	2	0	3	0	1	0.6060359553404134	Trachemys scripta scripta	1	11418114	Testudines	Animalia
7068732	0	0	0	0	0	0		Arabidopsis arenosa arenosa	6	220	Magnoliopsida	Plantae
7127354	3	3	2	2	3	3		Cyclamen coum	6	220	Magnoliopsida	Plantae
7127810	3	3	3	3	3	3		Cyclamen hederifolium	6	220	Magnoliopsida	Plantae
7156971	1	1	1	1	1	1		Oxalis triangularis	6	220	Magnoliopsida	Plantae
7224157	1	1	1	1	1	1	0.8409361626692559	Pastinaca sativa sativa	6	220	Magnoliopsida	Plantae
7230699	0	0	0	0	0	0		Pinus nigra nigra	6	194	Pinopsida	Plantae
7262943	0	0	0	0	0	0		Acer davidii	6	220	Magnoliopsida	Plantae
7263145	0	0	0	0	0	0		Acer rufinerve	6	220	Magnoliopsida	Plantae
7266329	0	0	0	0	0	0		Salix alba alba	6	220	Magnoliopsida	Plantae
7272185	1	1	1	1	1	1		Rosa carolina carolina	6	220	Magnoliopsida	Plantae
7291264	2	2	2	2	2	2		Bistorta amplexicaulis	6	220	Magnoliopsida	Plantae
7293727	0	0	0	0	0	0		Ampelopsis glandulosa	6	220	Magnoliopsida	Plantae
7307327	1	1	1	1	1	1		Agastache rugosa	6	220	Magnoliopsida	Plantae
7308640	1	1	1	1	0	0		Caryopteris incana	6	220	Magnoliopsida	Plantae
7315286	1	1	2	2	2	2		Fumaria muralis	6	220	Magnoliopsida	Plantae
7319302	0	0	3	3	1	1		Dryopteris cycadina	6	7228684	Polypodiopsida	Plantae
7325877	1	1	1	1	1	1		Fraxinus angustifolia	6	220	Magnoliopsida	Plantae
7332415	0	0	2	2	2	2		Chaenorhinum origanifolium	6	220	Magnoliopsida	Plantae
7332416	0	0	2	2	2	2		Chaenorhinum origanifolium origanifolium	6	220	Magnoliopsida	Plantae
7346102	1	3	1	3	1	3	0.852691191614837	Erythranthe guttata	6	220	Magnoliopsida	Plantae
7358677	0	0	0	0	3	3		Populus nigra italica	6	220	Magnoliopsida	Plantae
7400250	0	0	2	2	1	1		Platanus hispanica	6	220	Magnoliopsida	Plantae
7437751	1	1	3	3	3	3		Urtica membranacea	6	220	Magnoliopsida	Plantae
7443846	0	2	0	1	0	2	0.47880968268776963	Dipsacus strigosus	6	220	Magnoliopsida	Plantae
7461690	0	0	0	0	0	0		Phragmidium mexicanum	5	270	Pucciniomycetes	Fungi
7540164	3	2	2	3	2	3		Arion vulgaris	1	225	Gastropoda	Animalia
7699567	1	1	0	0	0	0		Hymenoscyphus pseudoalbidus	5	179	Leotiomycetes	Fungi
7763534	1	1	3	3	3	3		Lauritrioza alacris	1	216	Insecta	Animalia
7768495	0	0	0	0	0	0		Phedimus stolonifer	6	220	Magnoliopsida	Plantae
7802465	2	3	1	1	1	1		Nymphaea marliacea	6	220	Magnoliopsida	Plantae
7818643	1	1	1	1	1	1		Prunus armeniaca	6	220	Magnoliopsida	Plantae
7828157	3	2	3	2	3	2	1.0213212420125513	Petroselinum crispum	6	220	Magnoliopsida	Plantae
7915783	1	1	1	1	0	0		Oenothera fallax	6	220	Magnoliopsida	Plantae
7975549	0	0	0	0	0	0		Amaranthus ralletii	6	220	Magnoliopsida	Plantae
7978544	1	1	1	1	1	1		Hydrocotyle ranunculoides	6	220	Magnoliopsida	Plantae
8060423	0	0	0	0	0	0		Cercidiphyllum japonicum	6	220	Magnoliopsida	Plantae
8080743	1	2	1	3	1	3	0.7207404914537188	Scilla siberica	6	196	Liliopsida	Plantae
8133114	3	3	1	1	1	1		Aster amellus	6	220	Magnoliopsida	Plantae
8149049	1	1	3	3	1	1		Wisteria sinensis	6	220	Magnoliopsida	Plantae
8149923	3	3	3	3	1	1		Prunus persica	6	220	Magnoliopsida	Plantae
8168344	3	3	1	1	1	1		Hedera hibernica	6	220	Magnoliopsida	Plantae
8183217	2	2	1	1	1	1		Salix gmelinii	6	220	Magnoliopsida	Plantae
8190077	1	1	1	1	1	1		Populus canadensis	6	220	Magnoliopsida	Plantae
8200663	3	1	3	1	3	1	1.0449447602430062	Cymbalaria muralis	6	220	Magnoliopsida	Plantae
8255921	0	0	0	0	0	0		Pulvinaria floccifera	1	216	Insecta	Animalia
8288647	3	2	3	3	3	2		Pterocarya fraxinifolia	6	220	Magnoliopsida	Plantae
8313153	3	3	3	3	3	3		Quercus palustris	6	220	Magnoliopsida	Plantae
8323485	1	1	0	0	0	0		Haemorhous mexicanus	1	212	Aves	Animalia
8326061	0	0	0	0	0	0		Quercus coccinea	6	220	Magnoliopsida	Plantae
8335191	2	2	1	1	1	1		Oloptum miliaceum	6	196	Liliopsida	Plantae
8342911	1	1	1	1	1	1		Papaver setiferum	6	220	Magnoliopsida	Plantae
8358048	1	1	1	1	1	1		Potentilla recta obscura	6	220	Magnoliopsida	Plantae
8362005	1	1	1	1	3	3		Sasa palmata	6	196	Liliopsida	Plantae
8599762	1	1	2	1	2	3		Aproceros leucopoda	1	216	Insecta	Animalia
8701771	1	1	1	1	1	1	7.6006673001899e-12	Obama nungara	1			Animalia
8745918	2	2	3	3	2	2		Deroceras invadens	1	225	Gastropoda	Animalia
8765358	0	0	0	0	0	0		Coccinella miranda	1	216	Insecta	Animalia
8909595	1	1	2	2	3	3		Faxonius limosus	1	229	Malacostraca	Animalia
8909809	3	1	2	1	1	1		Emys orbicularis	1	11418114	Testudines	Animalia
8946295	0	0	3	3	3	3		Pontastacus leptodactylus	1	229	Malacostraca	Animalia
9040863	0	0	0	0	0	0		Neslia paniculata	6	220	Magnoliopsida	Plantae
9153437	0	0	0	0	0	0		Salix daphnoides	6	220	Magnoliopsida	Plantae
9188840	1	1	1	1	1	1	0.939831170003107	Epilobium ciliatum	6	220	Magnoliopsida	Plantae
9228211	3	3	2	2	1	1		Graptemys pseudogeographica	1	11418114	Testudines	Animalia
9245228	1	1	1	1	1	1		Hedlundia hybrida	6	220	Magnoliopsida	Plantae
9306058	1	1	0	0	0	0		Karpatiosorbus latifolia	6	220	Magnoliopsida	Plantae
9326020	2	2	2	2	1	1		Gallus gallus	1	212	Aves	Animalia
9350124	0	0	0	0	0	0		Natrix helvetica	1	11592253	Squamata	Animalia
9508460	1	1	1	1	2	2		Mareca sibilatrix	1	212	Aves	Animalia
9529916	0	0	0	0	0	0		Bufotes viridis	1	131	Amphibia	Animalia
9685907	0	0	0	0	0	0		Falco sparverius	1	212	Aves	Animalia
10755213	1	1	1	1	1	1		Narcissus hispanicus hispanicus	6	196	Liliopsida	Plantae
10786206	1	1	0	0	2	2		Rhaphiolepis bibas	6	220	Magnoliopsida	Plantae
10801424	1	1	1	1	1	1		Salvia yangii	6	220	Magnoliopsida	Plantae
10902460	3	3	3	3	1	1		Salvia rosmarinus	6	220	Magnoliopsida	Plantae
11055820	0	0	0	0	0	0		Hydrocharis laevigata	6	196	Liliopsida	Plantae
11064584	1	1	1	1	1	1		Salvia abrotanoides	6	220	Magnoliopsida	Plantae
