taxonKey	year_2018_em_status_observations_BE	year_2018_em_status_observations_pa	year_2018_em_status_occupancy_BE	year_2018_em_status_occupancy_pa	year_2019_em_status_observations_BE	year_2019_em_status_observations_pa	year_2019_em_status_occupancy_BE	year_2019_em_status_occupancy_pa	year_2020_em_status_observations_BE	year_2020_em_status_observations_pa	year_2020_em_status_occupancy_BE	year_2020_em_status_occupancy_pa	mean_growth	canonicalName	kingdomKey	classKey	class	kingdom
1008955	0	0	0		0	0	0		0	0	0			Fenestrulina delicia	1	252	Gymnolaemata	Animalia
1031394	3	3	3	3	1	1	1	1	1	1	1	1		Ectopsocus petersi	1	216	Insecta	Animalia
1031400	2	2	2	2	1	1	1	1	1	1	1	1		Ectopsocus briggsi	1	216	Insecta	Animalia
1031684	3	1	3	1	1	1	1	1	1	0	1	0		Lepinotus patruelis	1	216	Insecta	Animalia
1031737	1	1	1	1	1	1	1	1	1	1	1	1		Psyllipsocus ramburii	1	216	Insecta	Animalia
1031742	1		1		1		1		1		1			Dorypteryx domestica	1	216	Insecta	Animalia
1043717	3		3		3		3		1		1			Cryptolaemus montrouzieri	1	216	Insecta	Animalia
1047536	3	3	2	0	3	3	0	0	3	3	0	0	1.385150784073995	Leptinotarsa decemlineata	1	216	Insecta	Animalia
1152186	2	1	3	1	2	3	3	3	3	3	3	3		Callidiellum rufipennis	1	216	Insecta	Animalia
1311477	3	3	3	3	2	3	3	3	3	3	3	3		Vespa velutina	1	216	Insecta	Animalia
1313740	0		0		0		0		0		0			Camponotus vagus	1	216	Insecta	Animalia
1316805	0		0		0		0		0		0			Tapinoma melanocephalum	1	216	Insecta	Animalia
1316908	1		1		2		2		1		1			Linepithema humile	1	216	Insecta	Animalia
1320777	0		0		0		0		0		0			Plagiolepis pygmaea	1	216	Insecta	Animalia
1323402	0		0		0		0		0		0			Tetramorium bicarinatum	1	216	Insecta	Animalia
1325561	0	0	0	0	0	0	0	0	0	0	0	0		Paratrechina longicornis	1	216	Insecta	Animalia
1342324	1		1		1		1		0		0			Xylocopa virginica	1	216	Insecta	Animalia
1421091	3	3	0	3	3	3	0	2	3	3	0	3	1.312730915138839	Lepisma saccharinum	1	216	Insecta	Animalia
1421095	3		3		3		3		3	1	3	1		Ctenolepisma lineata	1	216	Insecta	Animalia
1421105	3		3		3		3		1		1			Thermobia domestica	1	216	Insecta	Animalia
1450317	1	1	1	1	1	1	1	1	1	1	1	1		Telmatogeton japonicus	1	216	Insecta	Animalia
1650106	1		1		1		1		1		1			Anopheles pharoensis	1	216	Insecta	Animalia
1651430	3	3	3	3	2	2	2	2	1	1	1	1		Aedes albopictus	1	216	Insecta	Animalia
1652150	3	3	1	1	2	2	1	1	1	1	1	1		Aedes koreicus	1	216	Insecta	Animalia
1652212	3	3	2	3	3	2	2	2	1	1	1	1		Aedes japonicus	1	216	Insecta	Animalia
1690429	0	0	1	1	0	0	1	1	0	0	1	1	0.873068612755991	Meconema meridionale	1	216	Insecta	Animalia
1702101	0	0	0	0	3	0	3	0	2	0	2	0		Anacridium aegyptium	1	216	Insecta	Animalia
1713034	2	1	3	1	1	1	1	1	1	1	1	1		Gryllus bimaculatus	1	216	Insecta	Animalia
1718308	1	0	1	2	1	0	1	2	1	0	1	3	0.9414660181140059	Acheta domesticus	1	216	Insecta	Animalia
1719204	0		0		0		0		0		0			Gryllomorpha dalmatina	1	216	Insecta	Animalia
1722140	1	1	1	1	1	1	3	1	3	3	3	1		Eumodicogryllus bordigalensis	1	216	Insecta	Animalia
1722299	2	1	2	1	2	3	2	3	2	1	2	1		Gryllodes sigillatus	1	216	Insecta	Animalia
1728965	0	0	0	0	0	0	0	0	0	0	0	0		Tachycines asynamorus	1	216	Insecta	Animalia
1749449	3	1	2	1	3	2	2	3	3	3	2	3	1.0477520203658508	Cameraria ohridella	1	216	Insecta	Animalia
1749886	0	0	0	0	0	0	0	0	2	0	2	0		Phyllonorycter robiniella	1	216	Insecta	Animalia
1932752	2		2		2		2		3	1	3			Cacyreus marshalli	1	216	Insecta	Animalia
2020688	1	1	1	1	1	1	1	1	1	0	1	0		Stephanitis rhododendri	1	216	Insecta	Animalia
2041682	3	3	1	0	3	3	1	0	3	3	1	0	1.9016346734147573	Graphocephala fennahi	1	216	Insecta	Animalia
2053954	3	3	3	2	1	1	1	1	2	3	2	2		Prokelisia marginata	1	216	Insecta	Animalia
2114446	0	0	0	0	0	0	0	0	0	0	0	0		Acartia tonsa	1	9421786	Hexanauplia	Animalia
2115706	1	1	1		1	1	1		1	1	1			Balanus glandula	1	203	Maxillopoda	Animalia
2115769	3	3	3	2	3	3	3	3	3	3	3	2	1.1624830022756283	Austrominius modestus	1			Animalia
2142456	2	3	3	1	3	3	3	1	2	2	2	1		Uloborus plumipes	1	367	Arachnida	Animalia
2149679	0		0		3		3		1		1			Holocnemus pluchei	1	367	Arachnida	Animalia
2149761	0	0	0		0	0	0		0	0	0			Micropholcus fauroti	1	367	Arachnida	Animalia
2150043	0		0		0		0		0		0			Crossopriza lyoni	1	367	Arachnida	Animalia
2150089	0		0		0		0		0		0			Artema atlanta	1	367	Arachnida	Animalia
2153287	3	1	3		3	3	3		3	3	3			Zoropsis spinimana	1	367	Arachnida	Animalia
2155867	1		1		0		0		0		0			Coleosoma floridanum	1	367	Arachnida	Animalia
2157203	1		1		1		1		3		3			Steatoda nobilis	1	367	Arachnida	Animalia
2157245	3	0	0	0	3	0	2	0	3	2	2	0	2.297695899814789	Steatoda grossa	1	367	Arachnida	Animalia
2162537	0		0		0		0		0		0			Oecobius navus	1	367	Arachnida	Animalia
2172885	0		0		0		0		0		0			Evarcha jucunda	1	367	Arachnida	Animalia
2177741	1		1		1		1		3	1	3			Hasarius adansoni	1	367	Arachnida	Animalia
2205951	0	1	0	0	0	1	0	0	0	1	0	0		Proasellus coxalis	1	229	Malacostraca	Animalia
2215949	0	0	0	0	0	0	0	0	0	0	0	0		Melita nitida	1	229	Malacostraca	Animalia
2217982	2	1	0	1	3	1	0	1	3	1	0	1	1.0104817635363927	Crangonyx pseudogracilis	1	229	Malacostraca	Animalia
2219863	1	0	0	0	1	0	0	0	1	0	0	0	0.8295192780694117	Gammarus tigrinus	1	229	Malacostraca	Animalia
2220312	1	1	1	1	1	1	1	1	2	2	2	3		Hemimysis anomala	1	229	Malacostraca	Animalia
2220347	3	1	1	1	3	1	2	1	3	1	1	1	1.0312199722945687	Limnomysis benedeni	1	229	Malacostraca	Animalia
2224970	1		1		1		1		1		1		0.7801121316848278	Palaemon macrodactylus	1	229	Malacostraca	Animalia
2225646	3	1	3		1	0	1		3	0	3			Callinectes sapidus	1	229	Malacostraca	Animalia
2225772	3	3	3	3	2	2	3	2	3	3	3	3		Hemigrapsus sanguineus	1	229	Malacostraca	Animalia
2226990	1	3	1	1	1	3	1	1	1	3	1	1	0.9846914131819415	Pacifastacus leniusculus	1	229	Malacostraca	Animalia
2227300	2	2	2	3	2	2	2	2	2	3	3	2		Procambarus clarkii	1	229	Malacostraca	Animalia
2227663	3	3	2	2	3	2	1	2	3	1	1	1	1.097593267546438	Rhithropanopeus harrisii	1	229	Malacostraca	Animalia
2266561	3	3	3		3	2	3		1	1	1			Nemopsis bachei	1	205	Hydrozoa	Animalia
2287249	0	0	1	1	0	0	1	1	0	0	1	1	0.6168355672405795	Ensis directus	1	137	Bivalvia	Animalia
2297108	3	1	3	1	3	3	3	3	1	1	1	1		Milax gagates	1	225	Gastropoda	Animalia
2308609	0	0	0	0	0	0	0	0	0	0	0	0		Potamothrix moldaviensis	1	255	Clitellata	Animalia
2321010	0	0	0		0	0	0		0	0	0			Marenzelleria neglecta	1	256	Polychaeta	Animalia
2321012	0	0	0	0	0	0	0	0	0	0	0	0		Marenzelleria viridis	1	256	Polychaeta	Animalia
2327735	3	3	3	0	3	3	3	0	2	1	2	0		Ficopomatus enigmaticus	1	256	Polychaeta	Animalia
2330928	1		1		1		1		1		1			Aplidium glabrum	1	356	Ascidiacea	Animalia
2331942	1	1	1	1	1	0	1	0	1	0	1	0		Styela clava	1	356	Ascidiacea	Animalia
2337607	0	1	2	1	0	1	1	1	0	1	1	1	0.5835026267154136	Silurus glanis	1	204	Actinopterygii	Animalia
2362030	0	1	2	1	0	1	1	1	0	3	2	0	0.5357124538914965	Ctenopharyngodon idella	1	204	Actinopterygii	Animalia
2362473	0	0	0	0	0	0	0	0	0	0	0	0		Hypophthalmichthys molitrix	1	204	Actinopterygii	Animalia
2362868	1	3	1	1	1	3	1	1	1	3	1	1	0.909879295986431	Pseudorasbora parva	1	204	Actinopterygii	Animalia
2367742	0	1	2	0	0	0	1	0	0	0	1	0	0.2939798021351041	Pimephales promelas	1	204	Actinopterygii	Animalia
2367919	0	0	0		3	3	3	1	3	3	3	3		Misgurnus anguillicaudatus	1	204	Actinopterygii	Animalia
2379089	2	3	3	3	2	3	2	2	1	1	2	1		Neogobius melanostomus	1	204	Actinopterygii	Animalia
2379105	0	0	0	0	0	0	0	0	0	0	0	0		Neogobius fluviatilis	1	204	Actinopterygii	Animalia
2379245	1	2	2	2	1	1	1	1	1	1	1	1		Proterorhinus semilunaris	1	204	Actinopterygii	Animalia
2402129	0	0	2	2	0	0	1	2	0	0	1	1	0.273211364053518	Acipenser gueldenstaedtii	1	204	Actinopterygii	Animalia
2402168	1	1	1	1	1	1	1	1	1	1	1	1		Acipenser ruthenus	1	204	Actinopterygii	Animalia
2423441	3		3		3		3		1		1			Bombina orientalis	1	131	Amphibia	Animalia
2426640	3	2	2	0	1	1	1	0	2	1	1	0		Pelophylax bedriagae	1	131	Amphibia	Animalia
2426661	0	2	2	1	0	2	2	3	0	2	3	2	0.9106389498353178	Pelophylax ridibundus	1	131	Amphibia	Animalia
2427091	2	2	2	3	2	2	2	1	2	2	2	2		Lithobates catesbeianus	1	131	Amphibia	Animalia
2427555	1	1	1		1	1	1		3	0	3			Hyla meridionalis	1	131	Amphibia	Animalia
2431781	1	1	1		1	1	1		1	1	1			Salamandra atra	1	131	Amphibia	Animalia
2431875	0		0		0		0		0		0			Pleurodeles waltl	1	131	Amphibia	Animalia
2431886	1		1		1		1		1		1			Triturus marmoratus	1	131	Amphibia	Animalia
2431965	1		1		1		1		1		1			Ambystoma macrodactylum	1	131	Amphibia	Animalia
2434552	2	2	2	1	2	2	2	1	2	1	2	1		Nyctereutes procyonoides	1	359	Mammalia	Animalia
2435035	0	0	0	1	0	0	0	1	0	0	0	1	0.692729975294522	Felis catus	1	359	Mammalia	Animalia
2436940	3	3	1	1	3	3	1	1	3	3	1	1	1.0873402462118098	Oryctolagus cuniculus	1	359	Mammalia	Animalia
2437232	0	0	0		0	0	0		0	0	0			Cynomys ludovicianus	1	359	Mammalia	Animalia
2437282	1	1	1	1	1	2	1	1	3	1	3	1		Tamiasciurus hudsonicus	1	359	Mammalia	Animalia
2437394	1	0	1	0	1	0	1	0	1	0	1	0		Callosciurus erythraeus	1	359	Mammalia	Animalia
2437397	2	3	2		1	1	1		2	1	2			Callosciurus prevostii	1	359	Mammalia	Animalia
2437450	0	0	2	2	0	0	2	2	0	0	2	2	0.7179073513252674	Tamias sibiricus	1	359	Mammalia	Animalia
2437619	2	3	2	1	1	1	1	1	2	2	2	1		Dolichotis patagonum	1	359	Mammalia	Animalia
2439261	1	1	3	1	1	1	3	1	1	1	3	1	0.8441416855841599	Rattus norvegicus	1	359	Mammalia	Animalia
2439838	0	0	0		0	0	0		0	0	0			Castor canadensis	1	359	Mammalia	Animalia
2440946	3	3	3	3	2	2	2	2	2	2	3	2		Muntiacus reevesi	1	359	Mammalia	Animalia
2440954	3	3	3	1	2	2	2	2	2	2	2	3		Cervus nippon	1	359	Mammalia	Animalia
2441122	1		1		1		1		2	1	3	1		Ovis ammon	1	359	Mammalia	Animalia
2441454	0		0		0		0		0		0			Testudo hermanni	1	358	Reptilia	Animalia
2441461	1	0	1		3	0	3		3	0	3			Testudo graeca	1	358	Reptilia	Animalia
2441905	1	1	1	1	1	1	1	1	1	1	1	1		Chelydra serpentina	1	358	Reptilia	Animalia
2442843	1		1		1		1		1		1			Pseudemys nelsoni	1	358	Reptilia	Animalia
2443002	3	3	3	1	3	3	3	1	3	3	3	2		Trachemys scripta	1	358	Reptilia	Animalia
2443079	3	3	3		3	1	1		3	1	3			Graptemys ouachitensis	1	358	Reptilia	Animalia
2443133	1		1		1		1		1		1			Chrysemys picta	1	358	Reptilia	Animalia
2444339	0	0	0		0	0	0		0	0	0			Vipera aspis	1	358	Reptilia	Animalia
2445034	1	1	1		1	1	1		1	1	1			Tarentola mauritanica	1	358	Reptilia	Animalia
2449133	1	1	1		1	1	1		0	0	0			Chamaeleo calyptratus	1	358	Reptilia	Animalia
2455615	3	2	3	1	2	2	2	2	1	1	1	1		Pantherophis guttatus	1	358	Reptilia	Animalia
2458916	0	0	0		0	0	0		0	0	0			Hierophis viridiflavus	1	358	Reptilia	Animalia
2459658	1		1		0		0		0		0			Iguana iguana	1	358	Reptilia	Animalia
2465380	1	1	1	1	1	1	1	1	3	1	3	1		Python regius	1	358	Reptilia	Animalia
2469188	3	2	2	1	2	2	2	2	3	2	2	1		Podarcis muralis	1	358	Reptilia	Animalia
2473341	3	2	1	2	3	2	2	1	3	1	1	1	1.0765605819625192	Numida meleagris	1	212	Aves	Animalia
2473477	3	3	2	2	3	3	2	2	3	3	3	3	1.288236281326178	Syrmaticus reevesii	1	212	Aves	Animalia
2474029	0	0	0	0	3	3	3	3	1	1	1	1		Alectoris chukar	1	212	Aves	Animalia
2474051	0	0	2	2	0	0	2	1	0	0	2	1	0.8744483920764676	Alectoris rufa	1	212	Aves	Animalia
2474055	0	0	0	0	0	0	0	0	0	0	0	0		Alectoris graeca	1	212	Aves	Animalia
2474162	0	0	0		0	0	0		0	0	0			Coturnix japonica	1	212	Aves	Animalia
2474416	0	0	0	0	0	0	0	0	0	0	0	0		Porphyrio porphyrio	1	212	Aves	Animalia
2474936	2	2	2	2	2	1	2	1	2	1	2	1		Anthropoides virgo	1	212	Aves	Animalia
2474942	0	0	0	0	0	0	0	0	0	0	0	0		Grus vipio	1	212	Aves	Animalia
2474944	0		0		0		0		0		0			Grus japonensis	1	212	Aves	Animalia
2475212	1		1		1		1		1		1			Crinifer zonurus	1	212	Aves	Animalia
2475648	2	1	1	1	1	2	2	1	1	2	1	2		Dacelo novaeguineae	1	212	Aves	Animalia
2476041	2	1	2	0	1	0	1	0	1	0	1	0		Bucorvus leadbeateri	1	212	Aves	Animalia
2479226	3	3	3	0	3	3	1	0	3	3	1	0	1.2710235708240931	Psittacula krameri	1	212	Aves	Animalia
2479311	1	1	1	1	1	1	1	1	2	2	2	2		Platycercus elegans	1	212	Aves	Animalia
2479320	1		1		1		1		0		0			Platycercus icterotis	1	212	Aves	Animalia
2479329	2	2	3	2	1	1	1	1	1	2	1	2		Platycercus eximius	1	212	Aves	Animalia
2479407	0	0	1	2	0	0	1	2	0	0	1	2	0.5891994078267313	Myiopsitta monachus	1	212	Aves	Animalia
2479498	1	1	1	1	1	1	1	1	1	1	1	1		Polytelis anthopeplus	1	212	Aves	Animalia
2479501	3		1		1		1		1		1			Polytelis swainsonii	1	212	Aves	Animalia
2479544	3	3	1	3	3	2	3	1	2	1	2	1		Agapornis fischeri	1	212	Aves	Animalia
2479553	3	1	3		3	1	3		1	3	1	1		Agapornis personatus	1	212	Aves	Animalia
2479555	0	0	0	0	0	0	0	0	3	0	3	0		Agapornis canus	1	212	Aves	Animalia
2479612	0		0		0		0		0		0			Amazona ochrocephala	1	212	Aves	Animalia
2479666	1	1	1	1	0	0	0	0	0	0	0	0		Amazona amazonica	1	212	Aves	Animalia
2479686	3	1	3	1	1	1	1	1	1	0	1	0		Trichoglossus haematodus	1	212	Aves	Animalia
2479798	0	0	1	2	0	0	1	2	0	0	1	2	0.8529168397733815	Melopsittacus undulatus	1	212	Aves	Animalia
2479955	0	0	0	0	0	0	0	0	0	0	0	0		Poicephalus cryptoxanthus	1	212	Aves	Animalia
2479964	1	0	1	0	1	0	3	0	1	0	1	0	0.8576549407075525	Poicephalus senegalus	1	212	Aves	Animalia
2479977	0	1	0	2	0	1	0	2	0	1	0	2	0.9684180483396478	Nymphicus hollandicus	1	212	Aves	Animalia
2480075	1	1	1	1	0	0	0	0	3	3	3	3		Eclectus roratus	1	212	Aves	Animalia
2480089	2		2		1		1		1		1			Psephotus haematonotus	1	212	Aves	Animalia
2480181	2	3	2	3	1	1	1	1	1	1	1	1		Psittacus erithacus	1	212	Aves	Animalia
2480350	1	1	1	1	1	1	1	1	1	1	2	1	0.46789052344183274	Pelecanus onocrotalus	1	212	Aves	Animalia
2480352	1	1	1	1	1	1	1	1	1	1	1	1		Pelecanus rufescens	1	212	Aves	Animalia
2480410	0	2	3	2	0	2	1	2	0	2	1	1	0.5668292069889516	Parabuteo unicinctus	1	212	Aves	Animalia
2480445	0		0		0		0		0		0			Haliaeetus pelagicus	1	212	Aves	Animalia
2480446	1	1	1	1	1	1	1	1	2	1	2	1		Haliaeetus leucocephalus	1	212	Aves	Animalia
2480454	1	1	1	1	1	1	1	1	1	1	1	1		Haliaeetus vocifer	1	212	Aves	Animalia
2480514	0	0	0	0	0	0	0	0	0	0	0	0		Aquila rapax	1	212	Aves	Animalia
2480542	1	1	1	1	1	2	1	2	1	1	1	1		Buteo jamaicensis	1	212	Aves	Animalia
2480568	0		0		0		0		0		0			Buteo auguralis	1	212	Aves	Animalia
2480762	0	0	0	0	0	0	0	0	0	0	0	0		Pluvianus aegyptius	1	212	Aves	Animalia
2480764	0	0	1	1	0	0	1	1	0	0	1	1	0.6546721972330672	Threskiornis aethiopicus	1	212	Aves	Animalia
2480766	1	0	1	0	1	0	1	0	1	0	1	0		Threskiornis spinicollis	1	212	Aves	Animalia
2480770	0	0	0	0	0	0	0	0	2	0	2	0		Geronticus eremita	1	212	Aves	Animalia
2480772	1	1	1	1	2	2	2	2	1	1	1	1		Plegadis ridgwayi	1	212	Aves	Animalia
2480786	1		1		1		1		3	1	3	1		Theristicus melanopis	1	212	Aves	Animalia
2480800	0	0	0	0	0	0	0	0	0	0	0	0		Platalea alba	1	212	Aves	Animalia
2480897	1	1	1	1	1	1	1	1	1	1	1	1		Egretta novaehollandiae	1	212	Aves	Animalia
2481034	2	0	2	0	1	0	1	0	1	0	1	0		Falco cherrug	1	212	Aves	Animalia
2481092	3	3	1	1	1	1	1	1	1	1	1	1		Phalcoboenus megalopterus	1	212	Aves	Animalia
2481104	0	0	0	0	0	0	0	0	0	0	0	0		Phoeniconaias minor	1	212	Aves	Animalia
2481110	0	1	1	1	0	1	2	2	0	1	2	3	0.8164436746927802	Phoenicopterus chilensis	1	212	Aves	Animalia
2481936	0	0	0	0	0	0	0	0	0	0	0	0		Mycteria ibis	1	212	Aves	Animalia
2482478	0		0		0		0		0		0			Corvus albicollis	1	212	Aves	Animalia
2482499	0		0		0		0		0		0			Corvus splendens	1	212	Aves	Animalia
2482519	1		1		1		1		1		1			Corvus albus	1	212	Aves	Animalia
2484103	0	0	0	0	0	0	0	0	0	0	0	0		Chrysomus icterocephalus	1	212	Aves	Animalia
2484133	0	0	0	0	0	0	0	0	0	0	0	0		Quiscalus major	1	212	Aves	Animalia
2484155	0		0		0		0		0		0			Quiscalus quiscula	1	212	Aves	Animalia
2486131	0	0	0	0	0	0	0	0	0	0	0	0		Pycnonotus cafer	1	212	Aves	Animalia
2486132	1		1		1		1		1		1			Pycnonotus leucotis	1	212	Aves	Animalia
2486151	0	0	0	0	2	0	2	0	1	0	1	0		Pycnonotus jocosus	1	212	Aves	Animalia
2489004	1	1	1	1	1	1	1	1	1	1	1	1		Acridotheres ginginianus	1	212	Aves	Animalia
2489005	1	1	1	1	1	1	1	1	1	1	1	1		Acridotheres tristis	1	212	Aves	Animalia
2489010	2	3	3	3	1	1	1	1	1	1	1	1		Acridotheres cristatellus	1	212	Aves	Animalia
2489071	0	0	0	0	0	0	0	0	0	0	0	0		Lamprotornis chalybaeus	1	212	Aves	Animalia
2489075	1		1		0		0		3		3			Lamprotornis superbus	1	212	Aves	Animalia
2489080	1	1	1	1	1	1	1	1	1	1	1	1		Lamprotornis purpureus	1	212	Aves	Animalia
2489089	1	1	1	1	1	1	1	1	1	1	1	1		Lamprotornis splendidus	1	212	Aves	Animalia
2489450	1		1		1		1		1		1			Gymnorhina tibicen	1	212	Aves	Animalia
2490384	1		1		0		0		3		3			Cardinalis cardinalis	1	212	Aves	Animalia
2492081	1		1		1		1		0		0			Paroaria coronata	1	212	Aves	Animalia
2492196	0	0	0		0	0	0		0	0	0			Melospiza melodia	1	212	Aves	Animalia
2493598	1	1	1	1	1	1	1	1	1	1	1	1		Lonchura punctulata	1	212	Aves	Animalia
2493633	1	1	3	2	1	1	2	2	1	1	3	3	0.8270224470215811	Taeniopygia guttata	1	212	Aves	Animalia
2493660	3	2	2	2	3	1	1	1	3	2	2	2	1.1098832098841427	Estrilda astrild	1	212	Aves	Animalia
2493698	1	0	1	0	1	0	1	0	1	0	1	0		Amandava amandava	1	212	Aves	Animalia
2493739	0		0		0		0		0		0			Neochmia ruficauda	1	212	Aves	Animalia
2494066	0	0	0	0	0	0	0	0	0	0	0	0		Ploceus jacksoni	1	212	Aves	Animalia
2494070	0	0	0	0	0	0	0	0	0	0	0	0		Ploceus melanocephalus	1	212	Aves	Animalia
2494086	0		0		0		0		0		0			Euplectes franciscanus	1	212	Aves	Animalia
2494088	1		1		1		1		0		0			Euplectes orix	1	212	Aves	Animalia
2494097	1	1	1	1	1	2	2	2	1	1	1	1		Euplectes afer	1	212	Aves	Animalia
2494303	3	1	3	1	3	3	3	3	3	3	3	3	1.2126242448805191	Serinus canaria	1	212	Aves	Animalia
2494408	0	0	0	0	0	0	0	0	0	0	0	0		Mycerobas icterioides	1	212	Aves	Animalia
2494514	0	0	0	0	0	0	0	0	0	0	0	0		Carpodacus roseus	1	212	Aves	Animalia
2495134	1	1	1	1	1	1	1	1	1	1	1	1		Dromaius novaehollandiae	1	212	Aves	Animalia
2495165	1		1		1		1		1		1			Rhea americana	1	212	Aves	Animalia
2495190	1	1	1	1	0	0	0	0	0	0	0	0		Ocyphaps lophotes	1	212	Aves	Animalia
2495414	3	3	2	1	3	3	2	1	3	3	3	1	1.2641208850956858	Columba livia	1	212	Aves	Animalia
2495494	3	1	2	1	3	1	1	1	3	1	3	1	1.0839362058940225	Geopelia cuneata	1	212	Aves	Animalia
2495688	2	3	2	3	1	1	1	1	1	1	1	1		Streptopelia roseogrisea	1	212	Aves	Animalia
2495699	1		1		1		1		1		1			Streptopelia lugens	1	212	Aves	Animalia
2498001	1	1	2	1	1	1	1	1	1	1	2	1	0.8419660979932125	Sarkidiornis melanotos	1	212	Aves	Animalia
2498007	1	1	1	1	1	1	1	1	1	1	1	1		Tadorna tadornoides	1	212	Aves	Animalia
2498010	3	3	1	1	3	3	1	2	3	3	2	2	1.120853696733936	Tadorna cana	1	212	Aves	Animalia
2498011	1	1	1	1	0	0	0	0	2	0	2	0		Tadorna variegata	1	212	Aves	Animalia
2498034	1	0	1	1	1	0	1	1	1	0	1	1	0.8464061835024844	Anser cygnoides	1	212	Aves	Animalia
2498035	2	3	2	1	2	3	3	1	0	3	3	1	1.0078054657263023	Anser indicus	1	212	Aves	Animalia
2498046	0	3	1	2	0	3	1	2	0	1	1	2	0.9168625913436311	Chenonetta jubata	1	212	Aves	Animalia
2498064	1	1	1	1	1	1	1	1	1	1	1	1		Anas erythrorhyncha	1	212	Aves	Animalia
2498065	2	1	2	1	1	0	1	0	1	0	1	0		Anas flavirostris	1	212	Aves	Animalia
2498071	1	2	2	2	1	2	2	2	1	2	2	2	0.6151839415117021	Anas hottentota	1	212	Aves	Animalia
2498084	0	0	0	0	0	0	0	0	0	0	0	0		Anas superciliosa	1	212	Aves	Animalia
2498090	0	3	1	1	0	3	1	1	0	3	1	1	0.9204047817460439	Anas bahamensis	1	212	Aves	Animalia
2498094	0	0	0	0	3	0	3	0	3	0	3	0		Anas capensis	1	212	Aves	Animalia
2498096	0	0	0	0	0	0	0	0	0	0	0	0		Anas falcata	1	212	Aves	Animalia
2498097	0	0	0	0	0	0	0	0	0	0	0	0		Anas castanea	1	212	Aves	Animalia
2498107	1	2	2	2	1	1	1	1	1	2	2	2	0.8836807615922097	Anas formosa	1	212	Aves	Animalia
2498108	1		1		0		0		0		0			Anas luzonica	1	212	Aves	Animalia
2498110	3	1	1	1	1	1	1	1	1	1	1	1	0.9982120596225872	Anas sibilatrix	1	212	Aves	Animalia
2498114	3	3	3	1	3	1	1	1	3	1	1	1	1.2581336226320363	Anas versicolor	1	212	Aves	Animalia
2498131	1		1		2	1	3	1	1	1	1	1		Anas puna	1	212	Aves	Animalia
2498139	1	1	1	1	1	1	1	1	1	1	2	1	0.9684779999500298	Anas cyanoptera	1	212	Aves	Animalia
2498145	0		0		3	1	3	1	1	1	1	1		Anas rhynchotis	1	212	Aves	Animalia
2498154	0	0	1	0	0	0	1	0	0	0	1	0	0.7871125487908897	Anas americana	1	212	Aves	Animalia
2498156	1	1	1	1	1	1	1	1	2	2	2	2		Anas undulata	1	212	Aves	Animalia
2498160	1	1	1	1	1	1	1	1	1	1	1	1	0.7628318625187489	Chen rossii	1	212	Aves	Animalia
2498162	0	0	2	1	0	0	1	1	0	0	1	1	0.7443602130240111	Chen canagica	1	212	Aves	Animalia
2498165	0	0	0	1	0	0	0	1	0	0	0	1	0.41788579221848926	Chen caerulescens	1	212	Aves	Animalia
2498181	1	1	1	1	1	1	1	1	1	1	1	1		Netta peposaca	1	212	Aves	Animalia
2498252	2	2	3	3	2	2	3	3	2	2	3	3	1.128436371604229	Alopochen aegyptiaca	1	212	Aves	Animalia
2498288	0		0		0		0		0		0			Coscoroba coscoroba	1	212	Aves	Animalia
2498305	0	1	1	1	0	1	1	1	0	1	1	1	0.8198414231112597	Oxyura jamaicensis	1	212	Aves	Animalia
2498310	1		1		1		1		1		1			Nettapus coromandelianus	1	212	Aves	Animalia
2498313	1	1	1	1	1	1	1	1	1	1	1	1		Nettapus auritus	1	212	Aves	Animalia
2498329	3	1	1	1	3	0	1	0	3	3	2	2	1.0239196327100286	Bucephala albeola	1	212	Aves	Animalia
2498335	3	3	2	3	1	1	1	1	1	1	1	1		Cygnus melancoryphus	1	212	Aves	Animalia
2498344	3	3	1	1	3	3	1	1	3	3	1	1	1.236894913878143	Cygnus atratus	1	212	Aves	Animalia
2498345	0	0	0		0	0	0		0	0	0			Cygnus buccinator	1	212	Aves	Animalia
2498380	0	0	0	0	0	0	0	0	0	0	0	0		Cyanochen cyanoptera	1	212	Aves	Animalia
2498384	3	3	1	1	3	3	1	1	3	3	1	1	1.04670171155035	Callonetta leucophrys	1	212	Aves	Animalia
2498387	3	3	1	1	3	3	1	1	3	3	1	1	1.0752024205869763	Aix sponsa	1	212	Aves	Animalia
2498388	3	3	3	1	3	1	3	1	3	1	3	1	1.0348517230222831	Aix galericulata	1	212	Aves	Animalia
2498390	3	3	2	1	3	3	3	2	3	3	3	2	1.2897344287283472	Marmaronetta angustirostris	1	212	Aves	Animalia
2498393	1	1	1	1	1	2	1	2	1	1	1	1	0.807068574889533	Dendrocygna autumnalis	1	212	Aves	Animalia
2498396	3	3	1	1	3	3	3	3	3	3	3	2	1.0507675234509237	Dendrocygna viduata	1	212	Aves	Animalia
2498398	1		1		0		0		0		0			Dendrocygna arcuata	1	212	Aves	Animalia
2498402	1	3	1	1	1	3	1	1	1	3	1	1	0.9326743849445212	Dendrocygna bicolor	1	212	Aves	Animalia
2498405	0	0	0	0	0	0	0	0	0	0	0	0		Dendrocygna eytoni	1	212	Aves	Animalia
2498408	1	1	1	2	1	1	1	2	1	1	1	1	0.9662698369665982	Lophodytes cucullatus	1	212	Aves	Animalia
2498411	3	3	3	3	1	1	1	1	1	1	1	1		Amazonetta brasiliensis	1	212	Aves	Animalia
2501248	2	2	2	0	2	2	2	0	1	1	1	0		Mnemiopsis leidyi	1	365	Tentaculata	Animalia
2514972	0	0	0		0	0	0		0	0	0			Puccinia komarovii	5	270	Pucciniomycetes	Fungi
2516075	0		0		0		0		0		0			Cumminsiella mirabilissima	5	270	Pucciniomycetes	Fungi
2516809	0		0		0		0		0		0			Melampsoridium betulinum	5	270	Pucciniomycetes	Fungi
2537743	1	1	1		2	1	2		3	1	3			Lentinula edodes	5	186	Agaricomycetes	Fungi
2557469	1	1	1		1	1	1		3	3	3			Ustilago maydis	5	148	Ustilaginomycetes	Fungi
2650827	3	2	3	2	3	3	3	3	3	3	3	3	1.0503758696043421	Cyrtomium fortunei	6	7228684	Polypodiopsida	Plantae
2650829	1	3	3	1	1	1	2	1	1	3	3	3	0.9437049413807101	Cyrtomium falcatum	6	7228684	Polypodiopsida	Plantae
2651816	3	1	3	1	3	2	3	2	3	2	2	1	1.1034581462002937	Adiantum capillus-veneris	6	7228684	Polypodiopsida	Plantae
2651826	3	2	1	1	3	1	2	1	3	1	2	1	1.3378519215357831	Adiantum raddianum	6	7228684	Polypodiopsida	Plantae
2651843	1		1		2		1		3		3			Adiantum aleuticum	6	7228684	Polypodiopsida	Plantae
2683866	3	0	3	1	3	0	3	1	3	0	3	1	1.0507758492654606	Chamaecyparis lawsoniana	6	194	Pinopsida	Plantae
2683894	0	0	0	0	0	0	0	0	0	0	0	0		Xanthocyparis nootkatensis	6	194	Pinopsida	Plantae
2684171	0	0	2	2	0	0	2	2	0	0	2	2	0.8900664838345702	Thuja plicata	6	194	Pinopsida	Plantae
2684178	2	1	1	1	2	2	2	1	2	2	3	2		Thuja occidentalis	6	194	Pinopsida	Plantae
2684191	3	3	3	2	3	2	3	3	3	2	2	2	1.0384120151586103	Taxodium distichum	6	194	Pinopsida	Plantae
2684984	1	1	1		2	3	2		2	3	2	1		Araucaria araucana	6	194	Pinopsida	Plantae
2685361	1	3	3	2	1	3	3	2	1	3	3	2	0.9857846897776135	Abies grandis	6	194	Pinopsida	Plantae
2685484	3	3	3	1	3	3	3	2	3	3	3	2	1.033350533777926	Abies alba	6	194	Pinopsida	Plantae
2685552	2	1	2	1	2	1	2	1	2	1	2	1		Abies nordmanniana	6	194	Pinopsida	Plantae
2685663	0	0	0	0	3	3	2	3	1	1	1	1		Abies homolepis	6	194	Pinopsida	Plantae
2685796	0	0	3	0	0	0	3	0	0	0	3	0	0.9287208629074185	Pseudotsuga menziesii	6	194	Pinopsida	Plantae
2686157	1	0	1	1	1	0	1	1	1	0	1	1	0.9140395058050484	Larix kaempferi	6	194	Pinopsida	Plantae
2686212	1	1	1	0	1	1	1	0	1	1	1	0	0.9843488801188882	Larix decidua	6	194	Pinopsida	Plantae
2687182	2	2	2	1	1	1	1	1	2	2	2	2		Tsuga canadensis	6	194	Pinopsida	Plantae
2687210	3	3	2	0	3	3	2	0	3	3	2	0	1.0805989117502728	Tsuga heterophylla	6	194	Pinopsida	Plantae
2687885	1		1		1		1		3		3			Ginkgo biloba	6	244	Ginkgoopsida	Plantae
2687948	0	0	0	0	0	0	0	0	0	0	0	0		Equisetum scirpoides	6	7228684	Polypodiopsida	Plantae
2700768	1	1	1	1	1	1	1	1	3	1	3	1		Luzula nivea	6	196	Liliopsida	Plantae
2701578	1	1	2	2	1	1	1	1	1	1	2	2	0.9102118058631122	Juncus foliosus	6	196	Liliopsida	Plantae
2701612	1	2	1	3	2	2	3	3	2	1	1	1		Juncus ensifolius	6	196	Liliopsida	Plantae
2701649	1	1	1	1	1	1	1	1	1	1	1	1		Juncus xiphioides	6	196	Liliopsida	Plantae
2702544	0		0		0		0		0		0			Panicum clandestinum	6	196	Liliopsida	Plantae
2702820	1	1	1	1	1	1	1	1	1	1	1	1		Echinochloa oryzoides	6	196	Liliopsida	Plantae
2702822	1	1	2	1	1	1	1	1	1	1	2	1	0.8674973631010163	Echinochloa frumentacea	6	196	Liliopsida	Plantae
2703041	1	1	3	1	1	1	1	1	1	1	1	1		Arundo donax	6	196	Liliopsida	Plantae
2703231	2	1	2	1	1	3	1	1	1	1	1	0		Zizania latifolia	6	196	Liliopsida	Plantae
2703240	0		0		0		0		0		0			Dinebra retroflexa	6	196	Liliopsida	Plantae
2703346	1	0	1	0	1	0	1	0	1	0	1	0		Anthoxanthum nitens	6	196	Liliopsida	Plantae
2703459	1	1	1	1	1	1	1	1	1	1	1	1		Oryza sativa	6	196	Liliopsida	Plantae
2704194	1	1	1	1	1	1	1	1	3	1	3	1		Poa infirma	6	196	Liliopsida	Plantae
2704523	3	2	3	2	3	3	3	2	3	2	3	2	1.245196437606054	Cortaderia selloana	6	196	Liliopsida	Plantae
2705090	1	3	1	1	1	3	1	1	1	3	1	1	0.9855144119407585	Panicum miliaceum	6	196	Liliopsida	Plantae
2705512	1	1	1	0	0	0	0	0	3	3	3	0		Glyceria canadensis	6	196	Liliopsida	Plantae
2705565	1		1		1		1		1		1			Paspalum dilatatum	6	196	Liliopsida	Plantae
2705587	0		0		0		0		0		0			Paspalum paniculatum	6	196	Liliopsida	Plantae
2705622	1	1	1	1	1	1	1	1	1	1	1	1		Paspalum distichum	6	196	Liliopsida	Plantae
2705857	0		0		0		0		0		0			Brachiaria platyphylla	6	196	Liliopsida	Plantae
2705932	0	0	0		0	0	0		0	0	0			Axonopus fissifolius	6	196	Liliopsida	Plantae
2706026	0	1	1	1	0	2	1	2	0	2	1	2	0.6735126846243513	Miscanthus sinensis	6	196	Liliopsida	Plantae
2706209	0	0	0	0	0	0	0	0	0	0	0	0	0.809810714631652	Pseudosasa japonica	6	196	Liliopsida	Plantae
2706225	0		0		0		0		0		0			Lolium persicum	6	196	Liliopsida	Plantae
2706301	0	0	0		0	0	0		0	0	0			Coix lacryma-jobi	6	196	Liliopsida	Plantae
2706526	0		0		0		0		0		0			Agrostis exarata	6	196	Liliopsida	Plantae
2714453	0		0		0		0		0		0			Cyperus cyperoides	6	196	Liliopsida	Plantae
2714818	0		0		0		0		0		0			Cyperus rotundus	6	196	Liliopsida	Plantae
2716226	3	3	1	1	3	3	1	1	3	3	1	1	1.0566975718366327	Cyperus esculentus	6	196	Liliopsida	Plantae
2716838	1	3	1	1	1	2	1	3	1	1	1	1		Eleocharis engelmannii	6	196	Liliopsida	Plantae
2717402	2	2	2	3	1	1	1	1	1	1	1	1		Eleocharis mamillata austriaca	6	196	Liliopsida	Plantae
2717467	3	2	2	2	3	3	2	2	1	1	1	1		Eleocharis obtusa	6	196	Liliopsida	Plantae
2718302	2	2	2	2	2	2	2	2	2	2	2	2		Bolboschoenus yagara	6	196	Liliopsida	Plantae
2718387	1		1		1		1		0		0			Bolboschoenus glaucus	6	196	Liliopsida	Plantae
2720171	1	1	1	1	3	3	1	1	1	1	1	1		Scirpus cyperinus	6	196	Liliopsida	Plantae
2722380	0	0	0	0	2	2	2	2	1	1	1	1		Carex crawfordii	6	196	Liliopsida	Plantae
2722515	1	1	1	1	3	3	3	3	3	1	3	1		Carex morrowii	6	196	Liliopsida	Plantae
2722973	1		1		1		1		0		0			Carex loliacea	6	196	Liliopsida	Plantae
2723271	0	0	0	0	0	0	0	0	0	0	0	0		Carex melanostachya	6	196	Liliopsida	Plantae
2726360	0	0	0		3	0	3		2	3	2			Carex grayi	6	196	Liliopsida	Plantae
2726538	1	1	1	1	1	1	2	1	1	2	1	1		Carex muskingumensis	6	196	Liliopsida	Plantae
2726539	3		1		1		1		1	1	1	1		Carex scoparia	6	196	Liliopsida	Plantae
2727875	0		0		0		0		0		0			Carex secalina	6	196	Liliopsida	Plantae
2728060	1	1	1	1	1	0	1	0	1	0	1	0		Carex vulpinoidea	6	196	Liliopsida	Plantae
2739071	2	2	3	3	2	1	3	1	2	3	3	3		Trachycarpus fortunei	6	196	Liliopsida	Plantae
2747489	1	0	1	0	1	2	1	3	3	2	3	3		Crocus chrysanthus	6	196	Liliopsida	Plantae
2747564	3	3	0	2	3	3	0	3	3	1	0	3	1.1835847206308574	Crocus tommasinianus	6	196	Liliopsida	Plantae
2747567	3	3	2	2	3	3	2	2	3	1	3	3	1.1259873484034648	Crocus vernus	6	196	Liliopsida	Plantae
2747750	0	0	0	0	3	0	3	0	2	0	2	0		Crocus luteus	6	196	Liliopsida	Plantae
2747939	1	3	1	3	1	1	1	1	3	1	3	1		Crocosmia crocosmiiflora	6	196	Liliopsida	Plantae
2749791	0		0		0		0		0		0			Gladiolus italicus	6	196	Liliopsida	Plantae
2762737	1	1	1	1	1	1	1	1	1	1	1	1		Musa basjoo	6	196	Liliopsida	Plantae
2765156	3	2	2	2	3	1	2	2	3	3	3	3	1.1915265888329163	Tradescantia fluminensis	6	196	Liliopsida	Plantae
2765940	1	1	1	1	1	1	1	1	1	1	1	1		Eichhornia crassipes	6	196	Liliopsida	Plantae
2766030	2	0	0	0	0	0	0	0	0	0	0	0	0.9813118594793924	Pontederia cordata	6	196	Liliopsida	Plantae
2767031	0	0	0	0	0	0	0	0	0	0	0	0		Agave americana	6	196	Liliopsida	Plantae
2767229	3	3	3	1	3	1	2	1	3	3	3	3		Scilla sardensis	6	196	Liliopsida	Plantae
2767271	3	1	3	1	3	3	3	1	3	3	3	3		Scilla luciliae	6	196	Liliopsida	Plantae
2767328	3	3	3	2	3	3	3	2	3	3	3	3	1.3061653636649428	Scilla siberica	6	196	Liliopsida	Plantae
2767428	1	3	1	3	1	2	3	1	1	1	1	1		Puschkinia scilloides	6	196	Liliopsida	Plantae
2769493	1	1	1	1	1	1	1	1	2	2	3	3		Maianthemum stellatum	6	196	Liliopsida	Plantae
2772082	1	1	1	1	1	1	1	1	1	3	3	1		Muscari latifolium	6	196	Liliopsida	Plantae
2772174	3	3	3	0	3	3	3	0	3	3	3	0	1.25122020706893	Muscari armeniacum	6	196	Liliopsida	Plantae
2772666	3	3	3	3	3	3	2	3	3	3	3	3	1.1421640900600645	Hyacinthus orientalis	6	196	Liliopsida	Plantae
2772885	3	3	3	1	1	1	1	1	3	3	3	3		Ornithogalum pyramidale	6	196	Liliopsida	Plantae
2772958	0	0	0	0	0	0	0	0	0	0	0	0		Ornithogalum narbonense	6	196	Liliopsida	Plantae
2774214	1		1		1		1		1		1			Ophiopogon jaburan	6	196	Liliopsida	Plantae
2774846	1		1		3		3		1		1			Chlorophytum comosum	6	196	Liliopsida	Plantae
2775530	1	3	2	3	2	3	2	2	2	3	2	2	0.7654479275276019	Yucca flaccida	6	196	Liliopsida	Plantae
2775619	2	2	0	0	0	0	0	0	0	0	0	0	0.9643905881091248	Yucca gloriosa	6	196	Liliopsida	Plantae
2781103	1	0	1	0	2	2	2	2	2	2	2	1		Hemerocallis lilioasphodelus	6	196	Liliopsida	Plantae
2855338	1		1		1		1		1		1			Galanthus plicatus	6	196	Liliopsida	Plantae
2855398	2	1	2	1	2	3	2	3	3	3	3	3		Galanthus elwesii	6	196	Liliopsida	Plantae
2855439	1	0	1	0	1	0	1	0	3	3	3	3		Galanthus woronowii	6	196	Liliopsida	Plantae
2855705	1	1	1	1	3	3	1	1	1	1	1	1		Allium lusitanicum	6	196	Liliopsida	Plantae
2855823	0		0		0		0		2		3			Allium nigrum	6	196	Liliopsida	Plantae
2855893	1		1		3		3		3		3			Allium roseum	6	196	Liliopsida	Plantae
2856456	1		1		1		1		1		1			Allium pendulinum	6	196	Liliopsida	Plantae
2856457	2		1		3		3		3		3			Allium triquetrum	6	196	Liliopsida	Plantae
2856780	0	0	0	0	3	3	3	0	2	1	2	0		Allium cristophii	6	196	Liliopsida	Plantae
2856920	2	2	2	2	2	2	2	2	2	2	3	2		Allium hollandicum	6	196	Liliopsida	Plantae
2857341	1	1	1	1	3	1	3	1	1	1	1	1		Allium zebdanense	6	196	Liliopsida	Plantae
2857449	1		1		3	1	3		3	3	1	1		Allium ramosum	6	196	Liliopsida	Plantae
2857679	3	3	3	3	3	1	3	1	1	1	1	1		Allium macleanii	6	196	Liliopsida	Plantae
2857697	2	3	2	3	3	3	3	1	2	3	3	3		Allium cepa	6	196	Liliopsida	Plantae
2858963	0	0	0		0	0	0		0	0	0			Narcissus tazetta	6	196	Liliopsida	Plantae
2859597	1	1	2	1	1	1	1	1	3	3	3	3		Ipheion uniflorum	6	196	Liliopsida	Plantae
2865565	1	3	2	1	1	3	2	1	1	3	2	1	0.778613477432335	Lagarosiphon major	6	196	Liliopsida	Plantae
2867614	0	1	1	1	0	1	1	1	0	1	1	1	0.8751269153176111	Lemna minuta	6	196	Liliopsida	Plantae
2867631	3	3	3	3	3	3	2	2	1	3	2	2	1.0248226189087546	Lemna turionifera	6	196	Liliopsida	Plantae
2868827	3		3		1		1		3	1	3	1		Zantedeschia aethiopica	6	196	Liliopsida	Plantae
2869311	2	1	2	1	1	1	1	2	1	1	1	1		Lysichiton americanus	6	196	Liliopsida	Plantae
2869597	1	1	1	1	1	1	1	1	3	3	3	3		Sauromatum venosum	6	196	Liliopsida	Plantae
2870583	1	0	2	2	1	0	1	1	1	0	2	2	0.7744669119920199	Pistia stratiotes	6	196	Liliopsida	Plantae
2874190	1		1		0		0		0		0			Passiflora edulis	6	220	Magnoliopsida	Plantae
2874199	0	1	2	1	1	2	3	3	1	1	2	1	0.5669352332007077	Passiflora caerulea	6	220	Magnoliopsida	Plantae
2874515	1	1	1	1	1	1	1	1	1	2	3	2	0.5791285078810476	Cucurbita maxima	6	220	Magnoliopsida	Plantae
2874538	0		0		0		0		0		0			Thladiantha dubia	6	220	Magnoliopsida	Plantae
2874569	1	0	1		2	0	2		1	0	1			Cucumis sativus	6	220	Magnoliopsida	Plantae
2874574	1		1		1		1		1		1			Cucumis dipsaceus	6	220	Magnoliopsida	Plantae
2874706	1	1	1	1	1	1	1	1	1	1	1	1		Tamarix parviflora	6	220	Magnoliopsida	Plantae
2875968	1	2	3	3	1	2	3	3	1	3	2	3	0.8597226135591763	Corylus colurna	6	220	Magnoliopsida	Plantae
2876049	1	3	2	1	1	3	2	2	1	3	2	3	0.9753556016048265	Corylus maxima	6	220	Magnoliopsida	Plantae
2876571	1	1	1	1	1	1	1	1	1	0	1	0		Alnus pubescens	6	220	Magnoliopsida	Plantae
2876607	3	3	0	1	3	3	0	1	3	3	0	1	1.2753042934845935	Alnus cordata	6	220	Magnoliopsida	Plantae
2879098	3	3	3	3	2	2	3	3	3	3	3	3		Quercus ilex	6	220	Magnoliopsida	Plantae
2879504	2	1	2	1	2	1	3	1	2	1	2	1		Quercus frainetto	6	220	Magnoliopsida	Plantae
2880539	0	3	1	1	0	3	1	1	0	3	1	1	0.7647500115843302	Quercus rubra	6	220	Magnoliopsida	Plantae
2880580	3	3	2	3	3	3	2	2	3	3	3	3	1.0758478396625097	Quercus cerris	6	220	Magnoliopsida	Plantae
2882443	2	2	3	2	2	2	2	2	2	3	3	3		Cabomba caroliniana	6	220	Magnoliopsida	Plantae
2882631	3	1	3	1	2	0	2	0	1	0	1	0		Pieris japonica	6	220	Magnoliopsida	Plantae
2882849	1	1	2	2	1	1	2	2	1	1	2	3	0.6556796341503311	Vaccinium corymbosum	6	220	Magnoliopsida	Plantae
2888323	2	0	2	0	3	3	3	3	2	3	3	3		Clethra alnifolia	6	220	Magnoliopsida	Plantae
2888564	2	0	2	0	1	0	1	0	3	3	3	3		Lamprocapnos spectabilis	6	220	Magnoliopsida	Plantae
2888579	0	2	3	3	0	2	3	3	0	3	3	3	0.8020808052326375	Leycesteria formosa	6	220	Magnoliopsida	Plantae
2888585	1	3	3	2	1	2	3	2	1	3	3	2	0.8842889253723748	Viburnum tinus	6	220	Magnoliopsida	Plantae
2888622	1	1	1	1	2	1	2	1	3	1	3	1		Viburnum plicatum	6	220	Magnoliopsida	Plantae
2888625	1	1	0	1	1	1	0	1	1	1	0	1	0.9322308196227089	Viburnum rhytidophyllum	6	220	Magnoliopsida	Plantae
2888636	1	1	1	1	1	1	2	1	1	1	3	3	0.8675055969463307	Symphoricarpos orbiculatus	6	220	Magnoliopsida	Plantae
2888706	1	0	1	0	1	0	1	0	3	3	3	3		Kolkwitzia amabilis	6	220	Magnoliopsida	Plantae
2888797	1	1	1	1	2	3	2	3	2	2	2	3		Cephalaria gigantea	6	220	Magnoliopsida	Plantae
2888806	1	1	3	1	3	3	1	3	3	1	3	1		Scabiosa ochroleuca	6	220	Magnoliopsida	Plantae
2888859	1	1	1	1	3	1	3	1	3	1	3	1		Muehlenbeckia complexa	6	220	Magnoliopsida	Plantae
2888867	0	2	2	2	0	2	2	2	0	3	3	3	0.599977968639841	Rheum rhabarbarum	6	220	Magnoliopsida	Plantae
2889005	1	0	1	0	2	0	1	0	3	0	2	0		Rumex kerneri	6	220	Magnoliopsida	Plantae
2889010	0	0	0	0	0	0	0	0	0	0	0	0		Rumex cristatus	6	220	Magnoliopsida	Plantae
2889037	0	1	2	1	0	1	2	1	0	3	2	3	0.7376756978436626	Rumex rugosus	6	220	Magnoliopsida	Plantae
2889304	2	1	1	1	2	0	1	0	2	3	3	3	0.9800351663628011	Persicaria capitata	6	220	Magnoliopsida	Plantae
2889934	3	3	3	3	3	3	3	1	3	3	3	1	1.4592101817236054	Tropaeolum majus	6	220	Magnoliopsida	Plantae
2889980	0	0	0	0	2	3	2	3	1	1	1	1		Geranium magnificum	6	220	Magnoliopsida	Plantae
2890541	0	0	1	1	0	0	1	1	0	0	1	1	0.8570542860009034	Geranium purpureum	6	220	Magnoliopsida	Plantae
2890623	0	0	0	0	0	0	0	0	0	0	0	0		Geranium carolinianum	6	220	Magnoliopsida	Plantae
2890651	3	1	3	1	1	1	1	1	1	1	1	1		Geranium psilostemon	6	220	Magnoliopsida	Plantae
2890995	1	1	1	1	1	0	1	0	1	0	1	0		Geranium cantabrigiense	6	220	Magnoliopsida	Plantae
2891664	1	1	1	1	3	2	3	2	3	3	3	3		Oxalis articulata	6	220	Magnoliopsida	Plantae
2891677	2	1	2	1	1	1	1	1	3	2	3	3		Oxalis dillenii	6	220	Magnoliopsida	Plantae
2891707	0	1	0	3	0	1	0	3	0	1	0	3	0.7369704902750358	Oxalis debilis	6	220	Magnoliopsida	Plantae
2891755	1	3	3	3	1	1	2	1	1	3	3	3	0.9943485163873292	Oxalis latifolia	6	220	Magnoliopsida	Plantae
2891774	1	1	1	2	1	1	1	2	1	1	1	2	0.8254502459630172	Impatiens capensis	6	220	Magnoliopsida	Plantae
2891783	0	2	3	3	0	2	3	3	0	3	2	3	0.8476407304808407	Impatiens balfourii	6	220	Magnoliopsida	Plantae
2914404	2	3	3	3	3	3	3	3	3	3	3	2		Galium verum wirtgenii	6	220	Magnoliopsida	Plantae
2925351	1	1	1	1	3	3	3	3	1	1	1	1		Clerodendrum bungei	6	220	Magnoliopsida	Plantae
2925366	2	1	2	1	1	1	1	1	3	3	3	3		Clerodendrum trichotomum	6	220	Magnoliopsida	Plantae
2925496	3	0	3	0	3	0	3	0	3	0	3	0		Verbena rigida	6	220	Magnoliopsida	Plantae
2925530	0		0		0		0		0		0			Verbena urticifolia	6	220	Magnoliopsida	Plantae
2925532	1		1		1		1		1		1			Verbena bracteata	6	220	Magnoliopsida	Plantae
2925816	3	2	3	3	3	3	3	3	3	3	3	3		Cynoglossum amabile	6	220	Magnoliopsida	Plantae
2926042	3		3		3	1	3	1	3	3	3	3		Nonea lutea	6	220	Magnoliopsida	Plantae
2926572	1	1	1	1	1	3	3	3	1	2	2	2	0.8715436005708572	Physostegia virginiana	6	220	Magnoliopsida	Plantae
2926681	1		1		1		1		1		1			Lamium confertum	6	220	Magnoliopsida	Plantae
2926992	2	2	1	2	3	3	3	3	3	3	3	3		Salvia hispanica	6	220	Magnoliopsida	Plantae
2927174	1		1		2		2		3		3			Mentha requienii	6	220	Magnoliopsida	Plantae
2927303	2	1	2	1	1	1	1	1	2	3	3	3		Lavandula stoechas	6	220	Magnoliopsida	Plantae
2927484	0		0		0		0		0		0			Cuscuta suaveolens	6	220	Magnoliopsida	Plantae
2927530	0	0	0	0	0	0	0	0	0	0	0	0		Cuscuta epilinum	6	220	Magnoliopsida	Plantae
2927727	1	0	1	0	3	0	3	0	3	3	3	3		Phlox subulata	6	220	Magnoliopsida	Plantae
2927744	1	3	1	3	1	1	1	1	3	3	3	3		Phlox paniculata	6	220	Magnoliopsida	Plantae
2928034	3	3	3	3	3	1	3	1	3	3	3	3		Nemophila maculata	6	220	Magnoliopsida	Plantae
2928238	1		1		3	1	3	1	1	1	1	1		Phacelia campanularia	6	220	Magnoliopsida	Plantae
2928538	0	0	2	0	0	0	2	0	0	0	2	0	0.8859123308991091	Ipomoea hederacea	6	220	Magnoliopsida	Plantae
2928583	1		1		1		1		1		1			Ipomoea leucantha	6	220	Magnoliopsida	Plantae
2928589	0		0		0		0		0		0			Ipomoea tricolor	6	220	Magnoliopsida	Plantae
2928666	1		1		1		1		2	1	3	1		Dichondra micrantha	6	220	Magnoliopsida	Plantae
2928668	2	1	3	1	1	1	1	1	2	1	3	1		Dichondra argentea	6	220	Magnoliopsida	Plantae
2928761	2	3	2	1	2	3	3	3	3	3	3	3		Nicotiana alata	6	220	Magnoliopsida	Plantae
2928783	0		0		0		0		0		0			Nicotiana glauca	6	220	Magnoliopsida	Plantae
2928805	0		0		0		0		0		0			Jaltomata procumbens	6	220	Magnoliopsida	Plantae
2928861	2	0	2	0	1	0	1	0	1	0	1	0		Petunia integrifolia	6	220	Magnoliopsida	Plantae
2929892	0		0		0		0		0		0			Solanum elaeagnifolium	6	220	Magnoliopsida	Plantae
2931104	1		1		1		1		1		1			Solanum pseudocapsicum	6	220	Magnoliopsida	Plantae
2931914	0		0		0		0		0		0			Solanum viarum	6	220	Magnoliopsida	Plantae
2956441	0	0	0	0	0	0	0	0	3	0	3	0		Colutea media	6	220	Magnoliopsida	Plantae
2957408	2		2		1		1		1		1			Senna obtusifolia	6	220	Magnoliopsida	Plantae
2957966	0		0		0		0		0		0			Senna occidentalis	6	220	Magnoliopsida	Plantae
2959443	3	3	3	3	3	2	3	3	2	2	2	3		Gleditsia triacanthos	6	220	Magnoliopsida	Plantae
2963569	3	1	3	1	3	1	3	1	2	1	2	1		Styphnolobium japonicum	6	220	Magnoliopsida	Plantae
2964167	1		1		3	1	3	1	1	1	1	1		Lupinus albus	6	220	Magnoliopsida	Plantae
2965434	1		1		1		1		1		1			Medicago monspeliaca	6	220	Magnoliopsida	Plantae
2971033	1	1	1	1	1	0	1	0	0	0	0	0		Melilotus infestus	6	220	Magnoliopsida	Plantae
2975187	1		1		1		1		1		1			Vicia cuspidata	6	220	Magnoliopsida	Plantae
2977222	0	0	0	0	0	0	0	0	0	0	0	0		Ononis alopecuroides	6	220	Magnoliopsida	Plantae
2982380	0	0	0	0	0	0	0	0	0	0	0	0		Vigna radiata	6	220	Magnoliopsida	Plantae
2984466	1		1		1		1		1		1			Laportea aestuans	6	220	Magnoliopsida	Plantae
2984532	3		3		3		3		3		3			Zelkova serrata	6	220	Magnoliopsida	Plantae
2984676	0	0	0	3	0	0	0	2	0	0	0	2	0.8471797665658891	Pachysandra terminalis	6	220	Magnoliopsida	Plantae
2985863	1	2	2	2	1	1	2	1	1	1	2	1	0.7538154777402281	Hylotelephium spectabile	6	220	Magnoliopsida	Plantae
2985944	0	0	0	0	0	0	0	0	0	0	0	0		Kalanchoe blossfeldiana	6	220	Magnoliopsida	Plantae
2985965	3	1	3	2	3	1	2	3	3	1	3	3	1.049134927631783	Deutzia scabra	6	220	Magnoliopsida	Plantae
2985994	3	1	3	1	3	3	3	3	3	3	3	3		Hydrangea macrophylla	6	220	Magnoliopsida	Plantae
2985995	1		1		3	1	3	1	1	1	1	1		Hydrangea paniculata	6	220	Magnoliopsida	Plantae
2986022	1	1	1	1	1	1	1	1	1	0	1	0		Philadelphus pubescens	6	220	Magnoliopsida	Plantae
2986132	0	0	0	0	0	0	0	0	0	0	0	0		Ribes divaricatum	6	220	Magnoliopsida	Plantae
2989222	1		1		0		0		0		0			Rubus tricolor	6	220	Magnoliopsida	Plantae
2994120	1	1	1	1	1	1	1	1	1	1	1	1		Rubus cockburnianus	6	220	Magnoliopsida	Plantae
2995149	0	3	0	3	0	3	0	3	0	3	0	3	0.5996291298498083	Rubus phoenicolasius	6	220	Magnoliopsida	Plantae
2996525	0	2	1	3	0	3	1	3	0	3	1	3	0.7159427834681391	Rubus armeniacus	6	220	Magnoliopsida	Plantae
3000406	2	2	2	2	2	1	2	1	3	1	3	1		Stranvaesia davidiana	6	220	Magnoliopsida	Plantae
3000610	1	0	1	2	1	0	1	2	1	0	1	1	0.9809954220554896	Chaenomeles japonica	6	220	Magnoliopsida	Plantae
3003709	1	3	3	3	1	3	2	2	1	3	3	2	0.9849215784101237	Rosa glauca	6	220	Magnoliopsida	Plantae
3005039	0		0		0		0		0		0			Rosa chinensis	6	220	Magnoliopsida	Plantae
3011247	1		1		1		1		1		1			Rosa nitida	6	220	Magnoliopsida	Plantae
3012089	1	3	1	1	1	1	1	1	1	1	1	1	0.8071299663581146	Sorbaria sorbifolia	6	220	Magnoliopsida	Plantae
3012103	1	1	1	1	1	1	1	1	1	1	1	1		Sorbaria kirilowii	6	220	Magnoliopsida	Plantae
3012117	0		0		0		0		0		0			Sorbaria tomentosa	6	220	Magnoliopsida	Plantae
3015457	0	1	1	1	0	3	2	3	0	3	3	3	0.5101844317548171	Crataegus persimilis	6	220	Magnoliopsida	Plantae
3015577	1		1		1		1		1		1			Crataegus pedicellata	6	220	Magnoliopsida	Plantae
3020838	1	1	1	1	0	0	0	0	3	0	3	0		Prunus tomentosa	6	220	Magnoliopsida	Plantae
3020871	0	2	2	2	0	2	2	2	0	2	3	3	0.7331572848446039	Prunus lusitanica	6	220	Magnoliopsida	Plantae
3021496	3	3	1	1	3	3	1	1	3	3	1	1	1.0489696983131118	Prunus laurocerasus	6	220	Magnoliopsida	Plantae
3021730	3	3	1	1	3	3	1	1	3	3	1	1	1.1013892427815182	Prunus cerasifera	6	220	Magnoliopsida	Plantae
3022203	0	0	1	1	0	0	1	0	0	0	2	0	0.8844853578548397	Prunus fruticans	6	220	Magnoliopsida	Plantae
3022668	0	0	1	0	0	0	0	0	0	0	0	0	0.739497101541603	Prunus virginiana	6	220	Magnoliopsida	Plantae
3025564	1	0	1	0	0	0	0	0	2	0	3	0		Cotoneaster villosulus	6	220	Magnoliopsida	Plantae
3025605	0	0	0	0	0	0	0	0	0	0	0	0		Cotoneaster zabelii	6	220	Magnoliopsida	Plantae
3025617	0	1	1	1	0	1	1	1	0	1	1	1	0.8755634984435356	Cotoneaster horizontalis	6	220	Magnoliopsida	Plantae
3025758	1	1	1	1	0	0	0	0	0	0	0	0		Cotoneaster hylmoei	6	220	Magnoliopsida	Plantae
3025858	2	0	2	0	1	0	1	0	1	0	1	0		Cotoneaster ambiguus	6	220	Magnoliopsida	Plantae
3025875	1	1	1	1	1	1	1	1	0	0	0	0		Cotoneaster conspicuus	6	220	Magnoliopsida	Plantae
3025896	0	1	1	1	0	1	1	1	0	1	1	1	0.80769863141473	Cotoneaster dielsianus	6	220	Magnoliopsida	Plantae
3025907	0		0		0		0		0		0			Cotoneaster qungbixiensis	6	220	Magnoliopsida	Plantae
3025932	1	1	1	1	1	1	1	1	1	1	1	1		Cotoneaster fangianus	6	220	Magnoliopsida	Plantae
3025944	0		0		0		0		0		0			Cotoneaster mairei	6	220	Magnoliopsida	Plantae
3026004	1	1	1	1	0	0	0	0	0	0	0	0		Cotoneaster watereri	6	220	Magnoliopsida	Plantae
3026024	1	3	1	3	1	3	1	3	1	3	1	3		Cotoneaster ascendens	6	220	Magnoliopsida	Plantae
3026040	1	1	1	1	3	2	3	2	3	2	3	2		Cotoneaster suecicus	6	220	Magnoliopsida	Plantae
3026049	1	1	1	1	1	1	1	1	1	2	1	2	0.9266492408362457	Cotoneaster dammeri	6	220	Magnoliopsida	Plantae
3026074	3	1	0	2	3	1	0	3	3	1	0	3	1.0526265330003535	Cotoneaster salicifolius	6	220	Magnoliopsida	Plantae
3026092	1	0	1	1	1	0	1	1	1	0	1	1	0.8854421806196104	Cotoneaster hjelmqvistii	6	220	Magnoliopsida	Plantae
3026105	2	1	2	1	2	1	2	1	1	1	1	1		Cotoneaster integrifolius	6	220	Magnoliopsida	Plantae
3026107	0	0	1	2	0	1	1	1	0	1	1	1	0.8376894569973719	Cotoneaster simonsii	6	220	Magnoliopsida	Plantae
3026154	1	3	1	1	1	3	1	3	1	3	1	3	0.8678009502177547	Cotoneaster sternianus	6	220	Magnoliopsida	Plantae
3026160	1	1	1	1	1	1	1	1	1	1	1	1	0.9345047119879509	Cotoneaster rehderi	6	220	Magnoliopsida	Plantae
3026162	1	3	0	0	1	1	0	0	1	1	0	0	0.6844573026533058	Cotoneaster franchetii	6	220	Magnoliopsida	Plantae
3026294	0	1	2	2	0	1	1	1	0	1	2	2	0.8649411296251807	Cotoneaster bullatus	6	220	Magnoliopsida	Plantae
3026334	1	1	2	2	1	1	2	1	1	1	2	2	0.5977639118364052	Cotoneaster divaricatus	6	220	Magnoliopsida	Plantae
3027138	1		1		1		1		1		1			Spiraea canescens	6	220	Magnoliopsida	Plantae
3027332	0		0		0		0		0		0			Spiraea rosalba	6	220	Magnoliopsida	Plantae
3027341	0	0	0	0	0	0	0	0	0	0	0	0		Spiraea nipponica	6	220	Magnoliopsida	Plantae
3027791	1	1	1	1	1	1	1	1	1	1	1	1		Alchemilla micans	6	220	Magnoliopsida	Plantae
3028528	2	0	0	0	2	0	0	0	2	0	0	0	1.080423213704819	Alchemilla mollis	6	220	Magnoliopsida	Plantae
3032611	3		3		2	1	3		3	3	3	1		Darmera peltata	6	220	Magnoliopsida	Plantae
3032646	2	3	2	3	1	1	1	1	3	3	3	3		Heuchera micrantha	6	220	Magnoliopsida	Plantae
3032653	2	1	2	1	2	1	3	1	3	1	3	1		Heuchera sanguinea	6	220	Magnoliopsida	Plantae
3033077	1	3	0	3	1	3	0	2	1	3	0	3	0.9424721001563391	Aucuba japonica	6	220	Magnoliopsida	Plantae
3033242	2	1	3	3	0	1	3	3	0	1	1	3	0.9359870096031755	Anemone blanda	6	220	Magnoliopsida	Plantae
3033261	2	2	2	2	2	1	2	1	3	3	3	2		Anemone coronaria	6	220	Magnoliopsida	Plantae
3033396	2	1	1	1	2	0	2	0	2	0	1	0		Ranunculus marginatus	6	220	Magnoliopsida	Plantae
3033460	1	1	1	1	1	1	1	1	0	0	0	0		Ranunculus trilobus	6	220	Magnoliopsida	Plantae
3033535	2	0	3	0	1	0	1	0	1	0	1	0		Clematis tangutica	6	220	Magnoliopsida	Plantae
3033896	0	1	0	2	0	1	0	2	0	1	0	2	0.8058794859515661	Berberis thunbergii	6	220	Magnoliopsida	Plantae
3033905	3	0	3	0	3	0	3	0	3	0	3	0		Berberis darwinii	6	220	Magnoliopsida	Plantae
3033965	3	0	3	0	1	0	1	0	3	0	3	0		Akebia quinata	6	220	Magnoliopsida	Plantae
3034015	3	3	3	3	3	3	3	3	3	2	3	2		Laurus nobilis	6	220	Magnoliopsida	Plantae
3034046	1	1	1	1	1	0	1	0	3	0	3	0		Persea americana	6	220	Magnoliopsida	Plantae
3034523	1	0	1	0	1	0	1	0	1	0	1	0		Caucalis platycarpos	6	220	Magnoliopsida	Plantae
3034602	1	1	1	1	1	1	1	1	1	1	1	1		Hydrocotyle verticillata	6	220	Magnoliopsida	Plantae
3036033	2	2	2	2	2	2	2	2	2	2	2	2		Hedera colchica	6	220	Magnoliopsida	Plantae
3036157	2	2	2	2	1	2	2	2	1	1	1	1		Hedera hibernica	6	220	Magnoliopsida	Plantae
3036892	1	1	1	1	1	1	1	2	1	1	1	2	0.9653688252917393	Aralia elata	6	220	Magnoliopsida	Plantae
3039046	3	3	3	2	3	1	3	1	3	1	3	1	1.1985184367623585	Fatsia japonica	6	220	Magnoliopsida	Plantae
3039194	3	3	1	3	3	3	1	2	3	3	1	2	1.0683206807411156	Parthenocissus quinquefolia	6	220	Magnoliopsida	Plantae
3039267	1	1	1	3	1	1	1	3	1	1	1	3	0.7782093897917005	Elaeagnus umbellata	6	220	Magnoliopsida	Plantae
3039270	1	1	1	1	1	1	1	1	1	1	1	1		Elaeagnus pungens	6	220	Magnoliopsida	Plantae
3039272	1	1	1	1	1	1	1	1	2	0	2	0		Elaeagnus multiflora	6	220	Magnoliopsida	Plantae
3039418	0		0		0		0		0		0			Ziziphus lotus	6	220	Magnoliopsida	Plantae
3040184	0	3	0	0	0	3	0	0	0	3	0	0	0.8623252830439186	Populus balsamifera	6	220	Magnoliopsida	Plantae
3040185	0	0	1	1	0	0	1	1	0	0	1	1	0.952330525154413	Populus canescens	6	220	Magnoliopsida	Plantae
3040232	1	1	1	1	1	1	1	1	1	0	1	0		Populus deltoides	6	220	Magnoliopsida	Plantae
3040233	1	3	1	0	1	3	1	0	1	3	1	0	0.9170328412264358	Populus alba	6	220	Magnoliopsida	Plantae
3040241	1	1	1	1	1	1	1	1	1	1	0	0	0.7196656972302663	Populus jackii	6	220	Magnoliopsida	Plantae
3040928	0		0		0		0		0		0			Conringia planisiliqua	6	220	Magnoliopsida	Plantae
3040999	1	1	2	2	1	1	2	2	1	1	2	2	0.8588859417487839	Raphanus raphanistrum landra	6	220	Magnoliopsida	Plantae
3042799	1		1		1		1		1		1			Brassica barrelieri	6	220	Magnoliopsida	Plantae
3042845	3	3	1	1	3	3	1	1	3	3	1	1	1.052854353661724	Brassica oleracea	6	220	Magnoliopsida	Plantae
3042925	1	1	1	1	3	1	3	1	3	1	1	1		Brassica carinata	6	220	Magnoliopsida	Plantae
3044912	1	1	1	1	1	1	1	1	1	1	1	1		Alyssum montanum	6	220	Magnoliopsida	Plantae
3045803	1	1	1	1	3	0	3	0	2	0	2	0		Cardamine graeca	6	220	Magnoliopsida	Plantae
3046015	0	1	1	1	0	2	2	2	0	1	2	1	0.8713755819883643	Cardamine corymbosa	6	220	Magnoliopsida	Plantae
3046744	1	0	2	0	1	0	2	0	1	0	2	0	0.816329742051706	Sisymbrium volgense	6	220	Magnoliopsida	Plantae
3054117	1	2	3	2	1	3	3	3	1	3	3	3	0.6123346042255771	Aubrieta deltoidea	6	220	Magnoliopsida	Plantae
3054352	1	0	1	0	1	0	1	0	1	0	1	0		Juglans cinerea	6	220	Magnoliopsida	Plantae
3054357	1	1	0	3	1	1	0	3	1	1	0	2	0.9527201852476355	Juglans nigra	6	220	Magnoliopsida	Plantae
3054368	1	3	2	0	1	3	2	0	1	3	2	0	0.9806553351477163	Juglans regia	6	220	Magnoliopsida	Plantae
3060710	1		1		1		1		1		1			Manihot grahamii	6	220	Magnoliopsida	Plantae
3064495	3	3	3	3	1	1	1	1	1	1	1	1		Euphorbia heterophylla	6	220	Magnoliopsida	Plantae
3064669	2	3	3	3	3	1	3	1	3	1	2	1		Euphorbia myrsinites	6	220	Magnoliopsida	Plantae
3065244	1		1		3		3		3	1	3	1		Euphorbia amygdaloides robbiae	6	220	Magnoliopsida	Plantae
3065883	0		0		0		0		0		0			Euphorbia glyptosperma	6	220	Magnoliopsida	Plantae
3066993	0		0		0		0		0		0			Euphorbia dentata	6	220	Magnoliopsida	Plantae
3067119	1	3	0	3	1	3	0	3	1	3	0	3	0.8309386191879963	Euphorbia maculata	6	220	Magnoliopsida	Plantae
3067353	3	3	3	3	3	3	3	3	3	3	3	3	1.1089210943136292	Euphorbia characias	6	220	Magnoliopsida	Plantae
3067891	1	0	1	1	1	0	1	2	1	0	1	1	0.7811518036529419	Euphorbia prostrata	6	220	Magnoliopsida	Plantae
3069300	0	0	0	0	0	0	0	0	0	0	0	0		Euphorbia vermiculata	6	220	Magnoliopsida	Plantae
3069460	1	1	2	1	3	2	2	3	3	3	3	3		Euphorbia oblongata	6	220	Magnoliopsida	Plantae
3083486	1		1		1		1		3	1	3	1		Paeonia lactiflora	6	220	Magnoliopsida	Plantae
3083680	1	0	2	2	1	0	2	2	1	0	2	1	0.7814012950063176	Atriplex micrantha	6	220	Magnoliopsida	Plantae
3083935	1		1		2		2		2		2			Chenopodium quinoa	6	220	Magnoliopsida	Plantae
3084015	3	3	1	0	3	3	1	0	3	3	1	0	1.0940047533217636	Phytolacca americana	6	220	Magnoliopsida	Plantae
3084022	0	3	0	1	0	3	0	1	0	3	0	1	0.7573174153848506	Phytolacca acinosa	6	220	Magnoliopsida	Plantae
3084839	1		1		1		1		1		1			Mesembryanthemum crystallinum	6	220	Magnoliopsida	Plantae
3084842	1	1	1	1	1	1	1	1	1	1	1	1		Carpobrotus edulis	6	220	Magnoliopsida	Plantae
3084872	1		1		1		1		1		1			Drosanthemum floribundum	6	220	Magnoliopsida	Plantae
3085346	0		0		0		0		0		0			Lepyrodiclis holosteoides	6	220	Magnoliopsida	Plantae
3085357	1	3	3	3	1	1	3	1	1	3	3	3	0.9181603272209807	Saponaria ocymoides	6	220	Magnoliopsida	Plantae
3085389	1	1	1	1	1	1	1	1	1	1	1	1		Sagina japonica	6	220	Magnoliopsida	Plantae
3085420	1	1	1	1	3	3	3	3	2	2	2	2		Dianthus caryophyllus	6	220	Magnoliopsida	Plantae
3086784	0		0		0		0		0		0			Parthenium hysterophorus	6	220	Magnoliopsida	Plantae
3088310	0	1	2	2	0	1	3	2	0	1	3	3	0.717236755892131	Petasites japonicus	6	220	Magnoliopsida	Plantae
3088488	1	1	3	3	1	1	2	3	1	1	2	3	0.9480251573164704	Tagetes erecta	6	220	Magnoliopsida	Plantae
3094939	1	1	1	1	0	0	0	0	0	0	0	0		Onopordum tauricum	6	220	Magnoliopsida	Plantae
3095939	0	0	0		0	0	0		0	0	0			Erigeron huelsenii	6	220	Magnoliopsida	Plantae
3096529	3	1	2	1	3	2	2	3	3	1	3	1	1.0353148826667549	Mauranthemum paludosum	6	220	Magnoliopsida	Plantae
3098912	3	3	3	3	3	3	3	3	3	3	3	3	1.2826868911874765	Cosmos bipinnatus	6	220	Magnoliopsida	Plantae
3098951	3	1	3	1	3	3	3	3	3	3	3	3		Cosmos sulphureus	6	220	Magnoliopsida	Plantae
3100375	0		0		0		0		0		0			Acanthospermum hispidum	6	220	Magnoliopsida	Plantae
3104150	1	1	1	1	1	1	1	1	1	1	1	1		Tripleurospermum decipiens	6	220	Magnoliopsida	Plantae
3104314	2	0	2	0	1	0	1	0	2	0	2	0		Liatris spicata	6	220	Magnoliopsida	Plantae
3104491	1		1		1		1		1		1			Argyranthemum frutescens	6	220	Magnoliopsida	Plantae
3105768	1	1	2	1	1	1	1	1	1	0	3	0	0.8570251165218246	Sonchus tenerrimus	6	220	Magnoliopsida	Plantae
3110041	0		0		0		0		0		0			Amphiachyris dracunculoides	6	220	Magnoliopsida	Plantae
3112361	1	1	1	1	2	2	3	3	3	1	3	2		Cynara scolymus	6	220	Magnoliopsida	Plantae
3112364	3	3	3	2	3	3	3	3	3	2	3	3		Cynara cardunculus	6	220	Magnoliopsida	Plantae
3112994	0	0	0	0	0	0	0	0	0	0	0	0		Cirsium subalpinum	6	220	Magnoliopsida	Plantae
3113637	3	3	2	1	3	3	1	1	3	3	2	2	1.1761172134610203	Cirsium rivulare	6	220	Magnoliopsida	Plantae
3113852	0		0		0		0		0		0			Gutenbergia rueppellii	6	220	Magnoliopsida	Plantae
3115131	0		0		0		0		0		0			Sinacalia tangutica	6	220	Magnoliopsida	Plantae
3118650	1		1		3		1		1		1			Oncosiphon piluliferum	6	220	Magnoliopsida	Plantae
3119185	1	1	1	1	1	1	1	1	2	0	2	0		Helianthus decapetalus	6	220	Magnoliopsida	Plantae
3119219	0		0		0		0		0		0			Helianthus salicifolius	6	220	Magnoliopsida	Plantae
3121258	1	1	2	1	1	3	2	3	1	2	2	2	0.7684695795278	Artemisia princeps	6	220	Magnoliopsida	Plantae
3121562	1	1	1	1	2	1	2	1	2	0	2	0		Artemisia sieversiana	6	220	Magnoliopsida	Plantae
3123249	0		0		0		0		0		0			Pilosella stoloniflora	6	220	Magnoliopsida	Plantae
3125933	1	0	1	0	3	0	3	0	3	0	3	0		Santolina chamaecyparissus	6	220	Magnoliopsida	Plantae
3127837	0		0		0		0		0		0			Centaurea hyalolepis	6	220	Magnoliopsida	Plantae
3131367	1	0	1	0	3	0	3	0	1	0	1	0		Helichrysum petiolare	6	220	Magnoliopsida	Plantae
3131614	3	2	3	3	2	2	1	2	3	3	3	2		Helichrysum italicum	6	220	Magnoliopsida	Plantae
3133887	3	3	3	3	3	3	3	3	3	3	3	3	1.3297801012192527	Coreopsis verticillata	6	220	Magnoliopsida	Plantae
3133938	1	3	2	2	1	3	3	3	1	3	3	2	0.9901231436856218	Coreopsis lanceolata	6	220	Magnoliopsida	Plantae
3134867	0		0		0		0		3	1	3	1		Catananche caerulea	6	220	Magnoliopsida	Plantae
3136929	1		1		1		1		1		1			Anaphalis triplinervis	6	220	Magnoliopsida	Plantae
3138192	2		2		1	1	1	1	3	1	3	1		Eutrochium purpureum	6	220	Magnoliopsida	Plantae
3138195	2	1	2	1	3	2	3	2	2	1	2	1		Eutrochium maculatum	6	220	Magnoliopsida	Plantae
3138953	0		0		0		0		0		0			Melampodium perfoliatum	6	220	Magnoliopsida	Plantae
3139003	1	1	1	1	1	1	1	1	1	1	3	1	0.7830592109361809	Melampodium montanum	6	220	Magnoliopsida	Plantae
3142208	0	0	0	0	0	0	0	0	0	0	0	0		Rhaponticum repens	6	220	Magnoliopsida	Plantae
3146683	2	3	1	1	2	3	1	1	2	1	1	1	0.897381200552156	Erigeron sumatrensis	6	220	Magnoliopsida	Plantae
3147018	0	3	1	2	0	1	1	2	0	1	1	2	0.9054461604668358	Erigeron floribundus	6	220	Magnoliopsida	Plantae
3147168	1	0	0	3	1	0	0	2	1	0	0	3	0.8766648356461494	Erigeron karvinskianus	6	220	Magnoliopsida	Plantae
3147815	3	3	3	3	1	1	1	1	2	2	2	2		Verbesina alternifolia	6	220	Magnoliopsida	Plantae
3147913	0	0	0		0	0	0		0	0	0			Verbesina encelioides	6	220	Magnoliopsida	Plantae
3148560	0		0		0		0		0		0			Anacyclus radiatus	6	220	Magnoliopsida	Plantae
3151692	0	0	0	0	0	0	0	0	0	0	0	0		Symphyotrichum ciliatum	6	220	Magnoliopsida	Plantae
3152268	0		0		2		3		1		1			Malvastrum coromandelianum	6	220	Magnoliopsida	Plantae
3152583	3	3	3	3	3	3	3	2	1	3	3	3	1.013819375554118	Hibiscus syriacus	6	220	Magnoliopsida	Plantae
3152816	1	0	2	0	1	0	2	0	1	0	3	0	0.5313251071343532	Platanus orientalis	6	220	Magnoliopsida	Plantae
3152824	3	2	3	3	2	2	2	3	3	2	3	3		Liquidambar styraciflua	6	220	Magnoliopsida	Plantae
3152861	1	1	2	2	1	1	2	2	1	1	3	3	0.6791064618430978	Liriodendron tulipifera	6	220	Magnoliopsida	Plantae
3164340	1	1	1	1	1	0	1	0	3	2	3	2		Platycodon grandiflorus	6	220	Magnoliopsida	Plantae
3167003	1		1		1		1		1		1			Triodanis perfoliata	6	220	Magnoliopsida	Plantae
3169120	3	3	3	3	1	1	1	1	1	1	1	1		Euonymus alatus	6	220	Magnoliopsida	Plantae
3169169	0	0	0	0	0	0	0	0	0	0	0	0		Celastrus orbiculatus	6	220	Magnoliopsida	Plantae
3169329	0	0	0	0	0	0	0	0	0	0	0	0		Androsace maxima	6	220	Magnoliopsida	Plantae
3170040	2	2	1	2	3	3	1	2	3	3	2	2		Gentiana lutea	6	220	Magnoliopsida	Plantae
3170247	3	3	3	3	3	2	2	2	3	3	3	3	1.4143269663974443	Asclepias syriaca	6	220	Magnoliopsida	Plantae
3170266	0		0		0		0		0		0			Asclepias incarnata	6	220	Magnoliopsida	Plantae
3170823	3	3	0	3	3	3	0	3	3	3	0	3		Paulownia tomentosa	6	220	Magnoliopsida	Plantae
3171304	1	1	1	1	1	1	1	1	1	1	3	1		Mazus pumilus	6	220	Magnoliopsida	Plantae
3171888	2	2	1	1	0	2	1	1	0	0	1	1	0.9627822403916135	Lindernia dubia	6	220	Magnoliopsida	Plantae
3171952	1	1	1	1	2	3	2	3	3	3	3	3		Verbascum speciosum	6	220	Magnoliopsida	Plantae
3172059	3	3	2	1	3	3	3	2	3	3	3	2	1.040262811536209	Veronica spicata	6	220	Magnoliopsida	Plantae
3172068	1		1		1		2		2		3			Veronica cymbalaria	6	220	Magnoliopsida	Plantae
3172099	1	1	1	1	1	0	1	0	0	0	0	0		Veronica austriaca	6	220	Magnoliopsida	Plantae
3172206	1		1		3		3		1		1			Veronicastrum virginicum	6	220	Magnoliopsida	Plantae
3172266	3	3	3	3	1	2	2	2	1	2	3	2	0.9515407797855775	Jasminum nudiflorum	6	220	Magnoliopsida	Plantae
3172291	3	3	1	1	3	3	1	1	3	3	1	1	1.095954827668127	Ligustrum ovalifolium	6	220	Magnoliopsida	Plantae
3172294	1		1		1		1		1		1			Ligustrum sinense	6	220	Magnoliopsida	Plantae
3172348	0	1	2	2	0	1	3	3	0	1	2	2	0.6242200229916193	Fraxinus pennsylvanica	6	220	Magnoliopsida	Plantae
3172613	1		1		1		1		1		1		0.7596877797832293	Catalpa ovata	6	220	Magnoliopsida	Plantae
3172615	1	3	3	3	1	3	3	3	1	3	2	3	0.9440681219883471	Catalpa bignonioides	6	220	Magnoliopsida	Plantae
3172622	0		0		0		0		0		0			Sesamum indicum	6	220	Magnoliopsida	Plantae
3188711	1	1	1	1	1	1	1	1	1	1	1	1		Ammannia coccinea	6	220	Magnoliopsida	Plantae
3188829	2	1	2	1	3	1	2	1	1	1	1	1		Oenothera elata	6	220	Magnoliopsida	Plantae
3188859	1	1	1	1	1	1	1	1	1	1	1	1		Oenothera speciosa	6	220	Magnoliopsida	Plantae
3188926	2	2	2	2	1	1	1	1	3	3	3	3		Oenothera pycnocarpa	6	220	Magnoliopsida	Plantae
3189073	3	2	2	2	3	3	3	3	2	3	3	3		Epilobium brachycarpum	6	220	Magnoliopsida	Plantae
3189815	3	3	1	1	3	3	1	1	3	3	1	1	1.0525141943583562	Aesculus hippocastanum	6	220	Magnoliopsida	Plantae
3189828	1	1	1	1	3	1	3	1	3	1	3	1		Aesculus parviflora	6	220	Magnoliopsida	Plantae
3189836	0		0		0		0		3	1	3	1		Acer pensylvanicum	6	220	Magnoliopsida	Plantae
3189837	1	0	0	3	1	0	0	3	1	0	0	2	0.8128331845923582	Acer saccharinum	6	220	Magnoliopsida	Plantae
3189866	0	1	0	1	0	1	0	1	0	1	0	1	0.8156057859478821	Acer negundo	6	220	Magnoliopsida	Plantae
3189882	2	1	2	1	2	2	2	2	3	2	3	2		Acer palmatum	6	220	Magnoliopsida	Plantae
3189883	1	0	1	0	3	3	3	0	1	1	1	0		Acer rubrum	6	220	Magnoliopsida	Plantae
3189939	0		0		2		2		1		1			Cardiospermum halicacabum	6	220	Magnoliopsida	Plantae
3190411	3	2	3	2	2	3	2	2	3	3	3	3		Ptelea trifoliata	6	220	Magnoliopsida	Plantae
3190522	3	2	3	2	3	2	3	3	3	2	3	2	1.0683782883706674	Cotinus coggygria	6	220	Magnoliopsida	Plantae
3190551	0		0		0		0		0		0			Rhus pulvinata	6	220	Magnoliopsida	Plantae
3190653	0	3	0	0	0	3	0	0	0	3	0	0	0.8010024855014166	Ailanthus altissima	6	220	Magnoliopsida	Plantae
3586046	1	0	1		1	0	1		1	0	1			Gladiolus hortulanus	6	196	Liliopsida	Plantae
3596131	0	0	0	0	0	0	0	0	0	0	0	0		Halimium lasianthum alyssoides	6	220	Magnoliopsida	Plantae
3602227	0		0		0		0		3		3			Papaver setigerum	6	220	Magnoliopsida	Plantae
3631129	0		0		0		0		0		0			Eryngium giganteum	6	220	Magnoliopsida	Plantae
3633319	0	0	2	0	0	0	2	0	0	0	2	0	0.6413102647941948	Tordylium maximum	6	220	Magnoliopsida	Plantae
3642339	1		1		1		1		2		3			Chaerophyllum byzantinum	6	220	Magnoliopsida	Plantae
3642531	0	0	0	0	0	0	0	0	2	2	2	3		Chaerophyllum aureum	6	220	Magnoliopsida	Plantae
3645346	0	0	0	0	0	0	0	0	0	0	0	0		Philadelphus virginalis	6	220	Magnoliopsida	Plantae
3646556	0		0		0		0		3	1	3	1		Pterostyrax hispidus	6	220	Magnoliopsida	Plantae
3663237	2	2	2	2	2	3	2	3	2	2	3	2		Cornus sanguinea australis	6	220	Magnoliopsida	Plantae
3663772	3	1	3	1	1	1	1	1	1	1	1	1		Oenothera moravica	6	220	Magnoliopsida	Plantae
3664287	3	1	3	1	1	1	1	1	1	1	1	1		Oenothera casimiri	6	220	Magnoliopsida	Plantae
3664589	3	3	3	1	3	3	3	3	3	3	3	3		Oenothera lindheimeri	6	220	Magnoliopsida	Plantae
3664677	3	2	2	2	3	1	3	1	3	1	1	1	1.127388950497924	Oenothera subterminalis	6	220	Magnoliopsida	Plantae
3665817	3		3		1		1		1		1			Oenothera rubricauloides	6	220	Magnoliopsida	Plantae
3665866	1	3	1	3	1	1	1	1	3	3	3	3		Oenothera rubricalyx	6	220	Magnoliopsida	Plantae
3665940	1	1	1	1	1	1	1	1	3	1	3	1		Oenothera royfraseri	6	220	Magnoliopsida	Plantae
3666776	3	3	3	3	3	3	3	3	3	3	3	2	1.3078235212864193	Oenothera ersteinensis	6	220	Magnoliopsida	Plantae
3667007	1		1		1		1		1		1			Oenothera drawertii	6	220	Magnoliopsida	Plantae
3667238	3	3	3	1	1	1	1	1	2	3	2	1		Oenothera paradoxa	6	220	Magnoliopsida	Plantae
3678256	1	2	1	2	1	1	1	1	1	1	1	1		Cuscuta lupuliformis	6	220	Magnoliopsida	Plantae
3690997	0	1	2	2	0	1	2	1	0	1	2	2	0.7603664234716373	Cardamine occulta	6	220	Magnoliopsida	Plantae
3740974	0	0	0	0	0	0	0	0	0	0	0	0		Verbascum brockmuelleri	6	220	Magnoliopsida	Plantae
3741446	1	1	1	1	3	3	3	3	1	1	1	1		Erinus alpinus	6	220	Magnoliopsida	Plantae
3754587	1	1	1	1	1	1	1	1	1	1	1	1		Rodgersia podophylla	6	220	Magnoliopsida	Plantae
3767816	3	0	3	0	2	0	2	0	1	0	1	0		Acer japonicum	6	220	Magnoliopsida	Plantae
3827975	1		1		1		1		1		1			Pelargonium candicans	6	220	Magnoliopsida	Plantae
3829143	0	0	0	0	0	0	0	0	0	0	0	0		Erodium stephanianum	6	220	Magnoliopsida	Plantae
3853033	1		1		2	1	2	1	2	1	2	1		Neillia incisa	6	220	Magnoliopsida	Plantae
3872463	0		0		0		0		0		0			Tarenaya hassleriana	6	220	Magnoliopsida	Plantae
3886505	3	1	3	1	3	3	3	3	3	3	3	3		Phlomis russeliana	6	220	Magnoliopsida	Plantae
3889056	3		3		3		3		3	1	3	1		Perovskia atriplicifolia	6	220	Magnoliopsida	Plantae
3892732	3		3		3		3		3		3			Lamium orvala	6	220	Magnoliopsida	Plantae
3902360	1	1	1	1	1	1	1	1	1	1	1	1		Mentha cervina	6	220	Magnoliopsida	Plantae
3916499	1		1		1		1		0		0			Caylusea abyssinica	6	220	Magnoliopsida	Plantae
3981543	0	2	0	2	0	3	0	3	0	3	0	3	0.7033093276736235	Berberis julianae	6	220	Magnoliopsida	Plantae
4005004	1		1		1	1	1	1	1	1	1	1		Lysimachia fortunei	6	220	Magnoliopsida	Plantae
4033335	0		0		0		0		0		0			Bistorta affinis	6	220	Magnoliopsida	Plantae
4034001	2	3	2	1	1	1	2	1	1	1	1	1		Persicaria nepalensis	6	220	Magnoliopsida	Plantae
4038485	1	3	1	2	1	3	1	2	1	3	1	2	0.8537551534402512	Reynoutria bohemica	6	220	Magnoliopsida	Plantae
4046493	2	3	2	3	1	1	1	1	2	2	2	3		Polystichum luctuosum	6	7228684	Polypodiopsida	Plantae
4048240	3	3	3	3	1	1	1	1	1	1	1	1		Elaeagnus submacrophylla	6	220	Magnoliopsida	Plantae
4067302	3	1	3	3	3	1	3	3	3	1	3	3	1.485447328886394	Symphytum grandiflorum	6	220	Magnoliopsida	Plantae
4086523	1		1		1		1		1		1			Verbena incompta	6	220	Magnoliopsida	Plantae
4097656	0	0	0	0	0	0	0	0	0	0	0	0		Alnus spaethii	6	220	Magnoliopsida	Plantae
4102909	1	1	1	1	1	1	1	1	1	1	1	1		Lomelosia stellata	6	220	Magnoliopsida	Plantae
4102952	1	1	1	1	3	3	3	3	3	2	3	2		Knautia macedonica	6	220	Magnoliopsida	Plantae
4120602	1		1		1		1		0		0			Semiarundinaria fastuosa	6	196	Liliopsida	Plantae
4122968	1	0	1	0	0	0	0	0	0	0	0	0		Agrostis fouilladeana	6	196	Liliopsida	Plantae
4125930	1	1	1	1	1	1	1	1	0	0	0	0		Agropogon lutosus	6	196	Liliopsida	Plantae
4127352	3	3	2	3	3	2	2	2	3	2	2	2	1.1533958658366588	Sasaella ramosa	6	196	Liliopsida	Plantae
4133390	2	1	2	1	1	1	1	1	1	1	1	1		Lolium boucheanum	6	196	Liliopsida	Plantae
4137839	1		1		1		1		1		1			Koeleria glauca	6	196	Liliopsida	Plantae
4139345	0	0	0	0	0	0	0	0	0	0	0	0		Zingeria pisidica	6	196	Liliopsida	Plantae
4201784	2		2		2		2		2	1	2	1		Petrosedum sediforme	6	220	Magnoliopsida	Plantae
4205640	1	1	1	1	1	1	1	1	1	1	1	1		Juglans mandshurica	6	220	Magnoliopsida	Plantae
4219118	2		3		1		1		1		1			Hieracium glaucinum recensitum	6	220	Magnoliopsida	Plantae
4259350	3	1	1	2	3	1	1	3	3	1	1	2	1.0738315669900746	Tilia tomentosa	6	220	Magnoliopsida	Plantae
4264680	3	3	3	2	3	3	2	2	3	3	2	3	1.1220764172468214	Myocastor coypus	1	359	Mammalia	Animalia
4271356	1		1		1		1		1		1			Heracleum sphondylium sibiricum	6	220	Magnoliopsida	Plantae
4283395	0	0	0		0	0	0		0	0	0			Diadumene lineata	1	206	Anthozoa	Animalia
4285968	2	2	3	3	1	1	2	2	1	1	1	1		Ponticola kessleri	1	204	Actinopterygii	Animalia
4287131	1	1	3	3	1	1	3	3	1	1	1	1	0.8312258146146191	Acipenser baerii	1	204	Actinopterygii	Animalia
4314683	1	1	1	1	1	1	1	1	1	1	1	1	0.9932440445910798	Chelicorophium curvispinum	1	229	Malacostraca	Animalia
4314702	0	0	0	0	0	0	0	0	0	0	0	0		Monocorophium sextonae	1	229	Malacostraca	Animalia
4315705	3	1	1	1	3	1	1	1	3	1	1	1	1.0429445486869258	Dikerogammarus villosus	1	229	Malacostraca	Animalia
4344674	0	0	0	0	0	0	0	0	0	0	0	0		Dendrocoelum romanodanubiale	1			Animalia
4352332	3	3	2	2	3	3	2	2	3	3	2	2	1.0873935122605733	Phoenicopterus roseus	1	212	Aves	Animalia
4354941	1		1		1		1		2		3			Botrylloides violaceus	1	356	Ascidiacea	Animalia
4372686	3	3	3	3	2	2	3	3	3	3	3	3		Ruditapes philippinarum	1	137	Bivalvia	Animalia
4382841	2	2	2	2	2	2	2	2	2	2	2	2		Hemigrapsus takanoi	1	229	Malacostraca	Animalia
4401285	0		0		0		0		0		0			Dorypteryx longipennis	1	216	Insecta	Animalia
4409643	1	0	1	1	1	0	1	1	1	0	1	1	0.8733142473696142	Leuciscus idus	1	204	Actinopterygii	Animalia
4410056	0		0		0		0		0		0			Psammoryctides moravicus	1	255	Clitellata	Animalia
4410088	0	0	0	0	0	0	0	0	0	0	0	0		Quistadrilus multisetosus	1	255	Clitellata	Animalia
4416920	0	0	0	0	0	0	0	0	0	0	0	0		Synurella ambulans	1	229	Malacostraca	Animalia
4417131	0	0	0	0	0	0	0	0	0	0	0	0		Echinogammarus trichiatus	1	229	Malacostraca	Animalia
4423428	0		0		0		0		0		0			Yersinella raymondii	1	216	Insecta	Animalia
4460066	3	3	1	1	3	3	1	1	3	1	1	1	1.464520274785182	Chrysolina americana	1	216	Insecta	Animalia
4485843	1		1		3		3		3	1	3	1		Halyomorpha halys	1	216	Insecta	Animalia
4486365	3	3	3	3	1	1	1	1	1	1	1	1		Nysius huttoni	1	216	Insecta	Animalia
4487370	1		1		1		1		1		1			Tropidosteptes pacificus	1	216	Insecta	Animalia
4487799	1	1	1	1	1	1	1	1	3	1	3	1		Tupiocoris rhododendri	1	216	Insecta	Animalia
4528099	3	3	3	3	2	1	2	1	2	2	2	2		Tuta absoluta	1	216	Insecta	Animalia
4532122	3	3	3	3	2	2	2	2	3	3	3	3		Cydalima perspectalis	1	216	Insecta	Animalia
4550810	0	0	0		0	0	0		0	0	0			Cryptachaea veruculata	1	367	Arachnida	Animalia
4559541	2	2	3		3	3	3		2	2	1			Sinanodonta woodiana	1	137	Bivalvia	Animalia
4565039	3	3	3	2	3	3	3	3	3	3	3	3		Hygromia cinctella	1	225	Gastropoda	Animalia
4565061	2	2	2	2	3	3	3	3	2	2	2	1		Cernuella neglecta	1	225	Gastropoda	Animalia
4567717	2	3	3	1	1	1	1	1	3	2	3	2		Boettgerilla pallens	1	225	Gastropoda	Animalia
4568269	2	2	2	2	3	3	2	3	2	2	2	2		Paralaoma servilis	1	225	Gastropoda	Animalia
4845776	1	1	1	1	1	1	1	1	1	1	1	1		Lonchura oryzivora	1	212	Aves	Animalia
4925890	2	1	2	1	1	1	1	1	3	1	3	1		Acer tataricum ginnala	6	220	Magnoliopsida	Plantae
4930155	1	1	1	1	3	1	3	1	2	3	2	3		Viburnum davidii	6	220	Magnoliopsida	Plantae
4933624	3	3	1	3	3	3	1	2	3	1	1	3	1.2615362733689437	Inula racemosa	6	220	Magnoliopsida	Plantae
4934105	0	0	0	0	0	0	0	0	0	0	0	0		Erodium manescavii	6	220	Magnoliopsida	Plantae
4938160	3	1	3	1	3	2	3	2	1	1	1	1		Berberis gagnepainii	6	220	Magnoliopsida	Plantae
4938682	1	1	1	1	1	1	1	1	1	1	1	1		Larix marschlinsii	6	194	Pinopsida	Plantae
4985072	1	1	1		1	1	1		1	1	1			Tricellaria inopinata	1	252	Gymnolaemata	Animalia
4989904	0	0	3	1	0	0	3	1	0	0	1	1	0.7296604385995784	Harmonia axyridis	1	216	Insecta	Animalia
4990176	2		2		2	1	3	1	3	3	3	3		Rhyzobius forestieri	1	216	Insecta	Animalia
5041466	1	1	1	1	1	1	1	1	3	3	3	3		Sceliphron caementarium	1	216	Insecta	Animalia
5104748	1	1	1	1	1	1	1	1	1	1	1	1		Cameraria gaultheriella	1	216	Insecta	Animalia
5108665	1		1		1		1		1		1			Callopistria floridensis	1	216	Insecta	Animalia
5156102	3	3	3	1	3	3	3	1	3	3	1	1	1.4924379620570762	Leptoglossus occidentalis	1	216	Insecta	Animalia
5177089	1	1	2	1	1	1	1	1	1	1	2	1	0.9130529512672815	Jaera istri	1	229	Malacostraca	Animalia
5177825	0	0	0		0	0	0		0	0	0			Incisocalliope aestuarius	1	229	Malacostraca	Animalia
5178057	1	1	1	0	2	1	2	0	2	1	2	0		Caprella mutica	1	229	Malacostraca	Animalia
5182343	2	0	2	0	1	0	1	0	1	0	1	0		Haliclona xena	1	199	Demospongiae	Animalia
5188971	3	3	3	1	3	3	3	3	3	3	3	3		Rangia cuneata	1	137	Bivalvia	Animalia
5189032	2	3	2	3	1	1	1	1	1	1	1	1		Corbicula fluminalis	1	137	Bivalvia	Animalia
5189713	1	1	1	0	2	2	2	0	1	1	1	0		Menetus dilatatus	1	225	Gastropoda	Animalia
5199161	2	2	2	2	1	2	1	2	1	1	1	1		Hypania invalida	1	256	Polychaeta	Animalia
5202793	0		0		0		0		0		0			Clarias gariepinus	1	204	Actinopterygii	Animalia
5217334	1		1		1		1		1		1			Xenopus laevis	1	131	Amphibia	Animalia
5218786	0	0	0	1	0	0	0	1	0	0	0	1	0.7260142286562111	Procyon lotor	1	359	Mammalia	Animalia
5218823	2	1	2	1	3	3	3	3	3	3	3	3		Mustela vison	1	359	Mammalia	Animalia
5219380	1	1	1	1	0	0	0	0	0	0	0	0		Mephitis mephitis	1	359	Mammalia	Animalia
5219681	2	1	2	1	1	1	1	1	1	0	1	0		Sciurus carolinensis	1	359	Mammalia	Animalia
5219683	1	1	1		1	1	1		1	0	1			Sciurus niger	1	359	Mammalia	Animalia
5219721	0		0		0		0		2		2			Meriones unguiculatus	1	359	Mammalia	Animalia
5219858	1	1	0	1	1	1	1	1	1	1	1	1	0.7219367771988169	Ondatra zibethicus	1	359	Mammalia	Animalia
5220136	0	0	0	0	0	0	0	0	0	0	0	0	0.666335143174538	Dama dama	1	359	Mammalia	Animalia
5220170	1	1	1		3	1	3		3	3	3			Rupicapra rupicapra	1	359	Mammalia	Animalia
5224503	1	1	1		1	1	1		1	1	1			Lampropeltis triangulum	1	358	Reptilia	Animalia
5227775	1	3	1	1	1	1	3	1	1	1	1	1		Phasianus versicolor	1	212	Aves	Animalia
5227966	1	0	1	0	3	0	3	0	1	0	1	0		Lophura nycthemera	1	212	Aves	Animalia
5227993	1	1	1	1	1	1	1	1	1	0	1	0		Lophura leucomelanos	1	212	Aves	Animalia
5228033	1	3	1	3	1	1	1	1	1	3	1	3		Chrysolophus amherstiae	1	212	Aves	Animalia
5228034	3	3	2	1	3	3	2	2	3	3	3	2	1.0278988567318879	Chrysolophus pictus	1	212	Aves	Animalia
5228080	3	3	3	1	2	2	2	2	2	2	2	2		Callipepla californica	1	212	Aves	Animalia
5228229	2	0	2	0	2	3	3	3	2	2	2	2		Balearica regulorum	1	212	Aves	Animalia
5229044	1	0	1		0	0	0		0	0	0			Psittacula cyanocephala	1	212	Aves	Animalia
5229055	3	3	1	3	3	3	1	3	3	3	1	3	1.0545553145339688	Psittacula eupatria	1	212	Aves	Animalia
5229110	1		1		1		1		1		1			Cyanoramphus novaezelandiae	1	212	Aves	Animalia
5229128	1	1	1	1	1	1	1	1	3	3	3	3		Himantopus mexicanus	1	212	Aves	Animalia
5229134	0	0	0	0	0	0	0	0	3	3	3	3		Vanellus miles	1	212	Aves	Animalia
5229142	0		0		0		0		0		0			Vanellus spinosus	1	212	Aves	Animalia
5229154	1	0	1		1	0	1		1	0	1			Scopus umbretta	1	212	Aves	Animalia
5229156	1	1	1	1	1	1	1	1	1	1	1	1		Pelecanus conspicillatus	1	212	Aves	Animalia
5229203	0		0		3	1	3	1	3	3	3	3		Bostrychia hagedash	1	212	Aves	Animalia
5229204	3	1	3	1	1	1	1	1	3	3	3	3		Eudocimus ruber	1	212	Aves	Animalia
5229205	1	1	2	1	1	3	3	3	1	2	2	2	0.8813246807052642	Eudocimus albus	1	212	Aves	Animalia
5229411	1	1	1	1	1	1	1	1	1	1	1	1		Anastomus lamelligerus	1	212	Aves	Animalia
5230734	2	0	2	0	1	0	1	0	1	0	1	0		Onychognathus tristramii	1	212	Aves	Animalia
5230862	1	1	1	1	1	1	1	1	0	0	0	0		Passerina caerulea	1	212	Aves	Animalia
5231103	1		1		1		1		1		1			Zonotrichia capensis	1	212	Aves	Animalia
5231398	2	2	2	2	1	1	1	1	2	1	2	1		Leiothrix lutea	1	212	Aves	Animalia
5232422	1	1	1	1	0	0	0	0	0	0	0	0		Chloephaga melanoptera	1	212	Aves	Animalia
5232423	1		1		1		1		1		1			Chloephaga poliocephala	1	212	Aves	Animalia
5232428	0	0	1	1	0	0	1	1	0	0	1	1	0.8323050821099823	Chloephaga picta	1	212	Aves	Animalia
5232432	3	0	3	0	1	0	1	0	3	0	3	0		Cereopsis novaehollandiae	1	212	Aves	Animalia
5232435	1	1	1	1	1	1	1	1	1	1	1	1		Malacorhynchus membranaceus	1	212	Aves	Animalia
5232437	3	3	3	3	3	3	3	3	3	3	3	3	1.211829501314316	Branta canadensis	1	212	Aves	Animalia
5232445	0	0	0	0	0	0	0	0	0	0	0	0		Branta sandvicensis	1	212	Aves	Animalia
5232452	0	0	1	1	0	0	1	1	0	1	1	1	0.6834680472354195	Branta hutchinsii	1	212	Aves	Animalia
5232465	0	0	0	0	0	0	0	0	0	0	0	0		Plectropterus gambensis	1	212	Aves	Animalia
5232469	1		1		0		0		0		0			Oxyura vittata	1	212	Aves	Animalia
5274861	1	1	1	1	1	1	1	1	1	1	1	1		Salvinia auriculata	6	7228684	Polypodiopsida	Plantae
5275404	1	0	1	0	1	0	1	0	2	0	2	0		Pteris cretica	6	7228684	Polypodiopsida	Plantae
5275415	1	0	1		1	0	1		1	0	1			Pteris multifida	6	7228684	Polypodiopsida	Plantae
5281901	3	3	3	1	3	3	3	1	3	3	3	1	1.1953010731023044	Campylopus introflexus	6	327	Bryopsida	Plantae
5284237	3	2	3	2	3	3	3	3	2	2	2	2		Cryptomeria japonica	6	194	Pinopsida	Plantae
5284827	1	0	3	1	1	0	3	2	1	0	1	2	0.9641564682251906	Picea sitchensis	6	194	Pinopsida	Plantae
5284884	0	0	2	1	0	0	2	1	0	0	2	1	0.8120305019658262	Picea abies	6	194	Pinopsida	Plantae
5284950	3	3	3	3	2	2	2	2	2	2	2	3		Picea omorika	6	194	Pinopsida	Plantae
5284982	3	1	3	2	3	1	3	2	3	1	3	2	1.105097443639213	Pinus strobus	6	194	Pinopsida	Plantae
5285053	0	0	0		0	0	0		0	0	0			Pinus ponderosa	6	194	Pinopsida	Plantae
5285074	1	1	1	0	2	1	2	0	1	1	1	0		Pinus wallichiana	6	194	Pinopsida	Plantae
5285565	1	3	1	1	1	3	1	1	1	3	1	1	0.9627841126135248	Pinus pinaster	6	194	Pinopsida	Plantae
5285637	1	1	1	1	1	1	1	1	1	1	1	1	0.936126869815551	Pinus sylvestris	6	194	Pinopsida	Plantae
5289503	1	1	3	1	3	2	3	2	3	2	2	2		Typha laxmannii	6	196	Liliopsida	Plantae
5289666	2	1	0	2	2	1	0	2	2	1	0	2	0.9952990955060073	Setaria faberi	6	196	Liliopsida	Plantae
5289686	1	1	1	1	1	1	1	1	1	1	1	1	0.8284473182597093	Setaria verticillata	6	196	Liliopsida	Plantae
5289709	0		0		0		0		0		0			Setaria sphacelata	6	196	Liliopsida	Plantae
5289739	0	0	0	0	0	0	0	0	3	3	2	3		Cenchrus echinatus	6	196	Liliopsida	Plantae
5289746	1		1		1		1		0		0			Phalaris aquatica	6	196	Liliopsida	Plantae
5289764	0		0		0		0		0		0			Gastridium ventricosum	6	196	Liliopsida	Plantae
5289995	0		0		0		0		0		0			Digitaria violascens	6	196	Liliopsida	Plantae
5290170	1		1		1		1		1		1			Phyllostachys viridiglaucescens	6	196	Liliopsida	Plantae
5295044	0		0		0		0		0		0			Smilax aspera	6	196	Liliopsida	Plantae
5296218	1		1		2		2		2		2			Sisyrinchium californicum	6	196	Liliopsida	Plantae
5296432	1	1	1	1	3	1	3	1	1	1	3	1		Sisyrinchium striatum	6	196	Liliopsida	Plantae
5298765	3	2	2	1	1	2	2	3	1	3	3	3	0.9833296154581248	Iris foetidissima	6	196	Liliopsida	Plantae
5300102	0	0	0		0	0	0		0	0	0			Gagea pratensis	6	196	Liliopsida	Plantae
5300716	3	3	3	3	3	1	3	1	3	3	3	3		Fritillaria imperialis	6	196	Liliopsida	Plantae
5303040	1	1	1	1	1	1	1	1	1	1	1	1		Thalia dealbata	6	196	Liliopsida	Plantae
5303524	1		1		1		1		1		1			Tinantia erecta	6	196	Liliopsida	Plantae
5303891	1		1		1		1		1		1			Danae racemosa	6	196	Liliopsida	Plantae
5304187	1	1	1	1	3	0	3	0	3	3	3	3		Triteleia laxa	6	196	Liliopsida	Plantae
5304294	3	1	1	3	3	1	1	3	3	1	1	2	1.0663310342500396	Hyacinthoides massartiana	6	196	Liliopsida	Plantae
5305162	1		1		1		1		3		2			Kniphofia praecox	6	196	Liliopsida	Plantae
5324959	1	1	1		1	3	1	1	1	3	1	3		Himantoglossum robertianum	6	196	Liliopsida	Plantae
5328593	2	2	2	3	2	2	2	3	3	3	3	3		Aponogeton distachyos	6	196	Liliopsida	Plantae
5328909	3	3	3	3	1	3	2	2	1	1	2	2	0.9850495888430035	Sagittaria latifolia	6	196	Liliopsida	Plantae
5329260	2	3	2	3	2	2	2	2	2	3	2	3		Egeria densa	6	196	Liliopsida	Plantae
5329643	0	0	0	0	0	0	0	0	0	0	0	0		Limnobium laevigatum	6	196	Liliopsida	Plantae
5330085	1	1	1	1	1	1	1	1	1	1	1	1		Wolffia columbiana	6	196	Liliopsida	Plantae
5330661	1	3	1	0	1	3	1	0	1	3	1	0	0.9070705546979098	Arum italicum	6	196	Liliopsida	Plantae
5331238	1		1		3		3		3	1	3	1		Viola sororia	6	220	Magnoliopsida	Plantae
5332004	1	1	1	1	1	1	1	1	1	1	1	1		Betula nana	6	220	Magnoliopsida	Plantae
5332120	1	3	3	3	1	1	1	1	1	1	2	1	0.8515254038540798	Betula papyrifera	6	220	Magnoliopsida	Plantae
5333354	0	0	0	0	0	0	0	0	0	0	0	0		Leucothoe fontanesiana	6	220	Magnoliopsida	Plantae
5334194	1	2	3	2	1	2	2	2	1	1	1	1	0.7603680794347328	Macleaya cordata	6	220	Magnoliopsida	Plantae
5334239	1		1		1		1		1		1			Lonicera sempervirens	6	220	Magnoliopsida	Plantae
5334240	1	3	0	3	1	2	0	3	1	2	0	3	0.8173913185416452	Lonicera japonica	6	220	Magnoliopsida	Plantae
5334253	3	3	3	1	1	1	1	1	1	1	1	1		Lonicera involucrata	6	220	Magnoliopsida	Plantae
5334275	0		0		0		0		0		0			Lonicera morrowii	6	220	Magnoliopsida	Plantae
5334527	1	0	1		2	3	2	1	3	1	3	1		Limnanthes douglasii	6	220	Magnoliopsida	Plantae
5341187	0		0		0		0		0		0			Myosotis alpestris	6	220	Magnoliopsida	Plantae
5341394	2	0	1	0	2	0	1	0	2	0	1	0	0.9842378066676944	Perilla frutescens	6	220	Magnoliopsida	Plantae
5341407	1	1	1	1	2	2	2	2	1	1	1	1		Monarda didyma	6	220	Magnoliopsida	Plantae
5341497	1	0	1	1	1	0	3	3	1	0	3	2	0.8929265154920307	Nepeta racemosa	6	220	Magnoliopsida	Plantae
5341540	1		1		1		1		1		1			Gilia achilleifolia	6	220	Magnoliopsida	Plantae
5341558	1	1	1	1	1	1	1	1	3	3	3	3		Gilia tricolor	6	220	Magnoliopsida	Plantae
5343253	0		0		0		0		0		0			Astragalus cicer	6	220	Magnoliopsida	Plantae
5353590	3		3		3	1	3	1	3	3	3	3		Cercis siliquastrum	6	220	Magnoliopsida	Plantae
5354707	1	1	1	1	3	3	3	3	2	2	3	2		Cytisus striatus	6	220	Magnoliopsida	Plantae
5355395	1	0	2	2	1	0	2	2	1	0	3	3	0.895976202576488	Spartium junceum	6	220	Magnoliopsida	Plantae
5356541	2	2	2	2	1	1	1	1	1	1	1	1		Lathyrus heterophyllus	6	220	Magnoliopsida	Plantae
5358774	2	1	2	1	2	2	2	2	1	1	1	1		Trifolium nigrescens	6	220	Magnoliopsida	Plantae
5358906	0		0		0		0		0		0			Trifolium constantinopolitanum	6	220	Magnoliopsida	Plantae
5358907	3	3	2	2	3	3	2	2	3	3	3	2	1.085626696102452	Trifolium alexandrinum	6	220	Magnoliopsida	Plantae
5359099	1	1	1	1	1	1	1	1	1	1	1	1		Trifolium suffocatum	6	220	Magnoliopsida	Plantae
5359169	1	0	1	0	1	0	1	0	1	0	1	0		Trifolium michelianum	6	220	Magnoliopsida	Plantae
5359249	0	0	0	0	2	0	2	0	2	0	2	0		Trifolium rubens	6	220	Magnoliopsida	Plantae
5359411	2	0	2	0	1	0	1	0	1	0	1	0		Trifolium pallidum	6	220	Magnoliopsida	Plantae
5359475	0		0		0		0		0		0			Trifolium strictum	6	220	Magnoliopsida	Plantae
5359660	3	0	3	0	3	0	2	0	3	0	2	0	1.032951337318168	Glycine max	6	220	Magnoliopsida	Plantae
5360429	0		0		0		0		0		0			Trigonella caelesyriaca	6	220	Magnoliopsida	Plantae
5360508	0	0	0		0	0	0		0	0	0			Trigonella maritima	6	220	Magnoliopsida	Plantae
5361762	0	0	1	3	0	0	1	2	0	0	1	2	0.43236048285134265	Myriophyllum heterophyllum	6	220	Magnoliopsida	Plantae
5361785	1	0	2	1	1	0	2	1	1	0	3	1	0.694674098999638	Myriophyllum aquaticum	6	220	Magnoliopsida	Plantae
5361841	0		0		3		3		1		1			Pilea microphylla	6	220	Magnoliopsida	Plantae
5361888	2	1	2	1	1	1	1	1	2	2	3	3		Morus nigra	6	220	Magnoliopsida	Plantae
5361944	3	0	3	0	3	0	3	0	3	0	3	0		Broussonetia papyrifera	6	220	Magnoliopsida	Plantae
5362004	3	1	2	2	3	1	2	2	3	1	2	2	1.0124308045003756	Sedum sarmentosum	6	220	Magnoliopsida	Plantae
5362054	1	3	1	1	1	1	1	1	1	1	1	1	0.8686136810186481	Crassula helmsii	6	220	Magnoliopsida	Plantae
5363627	3	0	1	0	3	0	1	0	3	0	2	0	1.143210604546725	Aronia melanocarpa	6	220	Magnoliopsida	Plantae
5365705	3	3	1	1	3	3	1	1	3	3	1	1	1.0378119616347958	Potentilla intermedia	6	220	Magnoliopsida	Plantae
5366327	0	0	0	0	0	0	0	0	2	0	2	0		Potentilla montana	6	220	Magnoliopsida	Plantae
5367186	1	1	1	1	1	1	1	1	0	0	0	0		Potentilla rivalis	6	220	Magnoliopsida	Plantae
5369784	3	3	0	0	1	3	1	0	1	3	1	0	0.9989733122123907	Geum macrophyllum	6	220	Magnoliopsida	Plantae
5370006	2	1	3	1	3	2	3	3	3	1	3	1		Geum ternatum	6	220	Magnoliopsida	Plantae
5371605	2	2	2	2	3	3	2	3	2	2	2	2		Tolmiea menziesii	6	220	Magnoliopsida	Plantae
5371610	1		1		0		0		3	1	3	1		Tiarella cordifolia	6	220	Magnoliopsida	Plantae
5372614	1	1	2	2	1	1	2	2	1	1	3	2	0.5879782189191676	Salix eriocephala	6	220	Magnoliopsida	Plantae
5372827	2	3	3	3	2	1	1	1	2	1	1	1		Salix irrorata	6	220	Magnoliopsida	Plantae
5372854	0		0		0		0		0		0			Salix nigra	6	220	Magnoliopsida	Plantae
5372875	2	1	2	1	1	1	1	1	2	0	2	0		Salix myrsinifolia	6	220	Magnoliopsida	Plantae
5373039	2	3	2	3	2	1	2	1	2	1	2	1		Salix sepulcralis chrysocoma	6	220	Magnoliopsida	Plantae
5373483	1		1		1		1		1		1			Crambe hispanica abyssinica	6	220	Magnoliopsida	Plantae
5375012	1		1		0		0		3		3			Arabis procurrens	6	220	Magnoliopsida	Plantae
5376035	1		1		1	1	1	1	1	1	1	1		Moricandia arvensis	6	220	Magnoliopsida	Plantae
5376139	0		0		0		0		0		0			Hornungia alpina	6	220	Magnoliopsida	Plantae
5376326	3		3		3		3		1		1			Diplotaxis virgata	6	220	Magnoliopsida	Plantae
5384347	0	0	0	0	0	0	0	0	0	0	0	0		Amaranthus tuberculatus	6	220	Magnoliopsida	Plantae
5384361	1	0	1	2	1	0	1	2	1	0	1	3	0.9723331443634419	Amaranthus bouchonii	6	220	Magnoliopsida	Plantae
5384390	3	1	2	1	3	1	2	1	3	1	2	1	1.0068761858616648	Amaranthus cruentus	6	220	Magnoliopsida	Plantae
5384393	0	0	0		0	0	2		1	0	2		0.7571957902295542	Amaranthus palmeri	6	220	Magnoliopsida	Plantae
5384931	3	1	3	1	2	1	2	1	3	2	3	3		Houttuynia cordata	6	220	Magnoliopsida	Plantae
5384932	0	0	2	2	0	0	2	1	0	0	2	2	0.8377578145572253	Saururus cernuus	6	220	Magnoliopsida	Plantae
5384950	0		0		0		0		3		3			Eclipta prostrata	6	220	Magnoliopsida	Plantae
5387098	1		1		1		1		0		0			Dahlia coccinea	6	220	Magnoliopsida	Plantae
5387639	2	1	3	1	1	1	1	1	1	1	1	1		Aster ageratoides	6	220	Magnoliopsida	Plantae
5389058	1	1	1	1	1	1	1	1	1	1	1	1		Solidago altissima	6	220	Magnoliopsida	Plantae
5391810	0	0	0	0	0	0	0	0	0	0	0	0		Bidens vulgata	6	220	Magnoliopsida	Plantae
5392145	1	1	1	1	1	1	2	1	1	1	2	2	0.7885746389798317	Bidens radiata	6	220	Magnoliopsida	Plantae
5392270	0	0	0	0	0	0	0	0	0	0	0	0		Cichorium pumilum	6	220	Magnoliopsida	Plantae
5395475	1	1	1	1	1	1	1	1	2	1	2	1		Ligularia dentata	6	220	Magnoliopsida	Plantae
5395559	1	1	1	1	1	1	1	1	1	1	1	1		Ligularia przewalskii	6	220	Magnoliopsida	Plantae
5396551	1		1		1		1		0		0			Tithonia rotundifolia	6	220	Magnoliopsida	Plantae
5397564	1		1		1		1		0		0			Vernonia fasciculata	6	220	Magnoliopsida	Plantae
5401007	1	1	1	1	3	1	3	1	3	3	3	3		Leucanthemum superbum	6	220	Magnoliopsida	Plantae
5402340	0		0		0		0		0		0			Dimorphotheca jucunda	6	220	Magnoliopsida	Plantae
5402363	0		0		0		0		0		0			Dimorphotheca pluvialis	6	220	Magnoliopsida	Plantae
5403541	1		1		1		1		2	1	3	1		Crepis bursifolia	6	220	Magnoliopsida	Plantae
5403743	0	0	0		0	0	0		0	0	0			Scolymus maculatus	6	220	Magnoliopsida	Plantae
5406735	1	1	1	1	1	1	1	1	1	1	1	1	0.8225899776502873	Sida rhombifolia	6	220	Magnoliopsida	Plantae
5406741	1	3	2	3	1	1	2	1	1	1	2	1	0.9727127250591784	Sida spinosa	6	220	Magnoliopsida	Plantae
5407810	3		3		2		2		3		2			Trachelium caeruleum	6	220	Magnoliopsida	Plantae
5408682	3	1	3	1	3	1	3	1	3	1	3	1		Lobelia pedunculata	6	220	Magnoliopsida	Plantae
5409852	0		0		0		0		0		0			Campanula erinus	6	220	Magnoliopsida	Plantae
5410151	1	1	0	2	1	1	0	2	1	1	0	3	0.83595613770896	Campanula poscharskyana	6	220	Magnoliopsida	Plantae
5410210	1	0	1	0	3	0	3	0	3	0	3	0		Campanula fenestrellata	6	220	Magnoliopsida	Plantae
5410411	0	3	0	0	0	3	0	0	0	3	0	0	0.6171583612270852	Campanula portenschlagiana	6	220	Magnoliopsida	Plantae
5410826	3		3		3		3		1		1			Campanula carpatica	6	220	Magnoliopsida	Plantae
5411392	0	0	0	0	0	0	0	0	3	3	3	3		Campanula lactiflora	6	220	Magnoliopsida	Plantae
5411453	1	1	1		1	1	1		1	0	1			Campanula medium	6	220	Magnoliopsida	Plantae
5414239	3	3	3	3	2	2	2	2	2	1	2	1		Ilex crenata	6	220	Magnoliopsida	Plantae
5414932	1		1		3		3		3	1	3	1		Chelone obliqua	6	220	Magnoliopsida	Plantae
5414959	3	0	3	0	3	0	3	0	3	0	3	0		Collinsia heterophylla	6	220	Magnoliopsida	Plantae
5415012	1	1	1	3	1	1	1	2	1	1	1	2	0.9378515728178538	Linaria purpurea	6	220	Magnoliopsida	Plantae
5415053	0	0	0	0	0	0	0	0	3	0	3	0		Forsythia viridissima	6	220	Magnoliopsida	Plantae
5415054	0	1	2	1	1	0	2	0	1	0	3	0	0.3872551899991742	Forsythia intermedia	6	220	Magnoliopsida	Plantae
5415056	0		0		0		0		0		0			Forsythia suspensa	6	220	Magnoliopsida	Plantae
5415453	1	1	1	1	1	1	1	1	3	1	3	1		Acanthus spinosus	6	220	Magnoliopsida	Plantae
5415455	1	1	1	1	3	1	3	1	3	3	3	3		Acanthus mollis	6	220	Magnoliopsida	Plantae
5415463	1		1		3		3		1		1			Thunbergia alata	6	220	Magnoliopsida	Plantae
5420991	3	3	2	2	3	3	3	3	3	3	2	2	1.1122014562960685	Ludwigia peploides	6	220	Magnoliopsida	Plantae
5421039	3	3	1	0	3	3	1	0	3	3	1	0	1.1407893710336234	Ludwigia grandiflora	6	220	Magnoliopsida	Plantae
5421180	3	2	3	2	2	2	2	2	2	2	2	3		Koelreuteria paniculata	6	220	Magnoliopsida	Plantae
5421385	0	0	0	0	0	0	0	0	0	0	0	0		Sarracenia rubra	6	220	Magnoliopsida	Plantae
5421389	1	1	1	1	1	1	1	3	1	1	1	1		Sarracenia purpurea	6	220	Magnoliopsida	Plantae
5528747	1	1	1	1	3	3	1	1	3	1	1	1		Paronychia argentea	6	220	Magnoliopsida	Plantae
5538946	1	1	1	2	1	1	1	2	1	1	1	1	0.9266767417362128	Pimpinella peregrina	6	220	Magnoliopsida	Plantae
5549949	1		1		3		3		2		2			Liriope muscari	6	196	Liliopsida	Plantae
5559837	2	2	3	3	2	2	3	3	2	2	3	3		Cymbalaria pallida	6	220	Magnoliopsida	Plantae
5561475	0	1	0	1	0	1	0	2	0	1	0	3	0.8833654328334718	Chaenostoma cordatum	6	220	Magnoliopsida	Plantae
5567694	1	1	2	1	1	1	3	3	1	1	3	2	0.7379547734009928	Bergenia crassifolia	6	220	Magnoliopsida	Plantae
5568442	1		1		3	1	3	1	3	3	3	3		Dysphania anthelmintica	6	220	Magnoliopsida	Plantae
5582033	1	2	2	2	1	2	2	1	1	3	2	3	0.9328428956363408	Salix udensis	6	220	Magnoliopsida	Plantae
5584240	2	1	3	1	1	1	1	1	2	1	3	1		Silene schafta	6	220	Magnoliopsida	Plantae
5584611	1	1	1	1	2	2	3	2	3	2	3	2		Silene chalcedonica	6	220	Magnoliopsida	Plantae
5598598	3	3	2	3	2	1	3	1	3	3	3	3		Lonicera acuminata	6	220	Magnoliopsida	Plantae
5598839	0		0		0		0		0		0			Lonicera purpusii	6	220	Magnoliopsida	Plantae
5598915	0	2	1	0	0	0	1	0	0	0	1	0	0.9578820698428302	Lonicera pileata	6	220	Magnoliopsida	Plantae
5602664	1	1	1	1	1	0	1	0	1	0	1	0		Canna generalis	6	196	Liliopsida	Plantae
5617467	1	1	1	1	1	1	1	1	0	0	0	0		Alcea rugosa	6	220	Magnoliopsida	Plantae
5640518	0	0	0	0	0	0	0	0	0	0	0	0		Primula florindae	6	220	Magnoliopsida	Plantae
5641274	1	1	1	1	1	1	1	1	1	1	1	1		Primula denticulata	6	220	Magnoliopsida	Plantae
5652131	1	1	1	1	1	1	1	1	1	1	1	1		Polygonum aviculare rurivagum	6	220	Magnoliopsida	Plantae
5660450	1		1		1		1		1		1			Pulmonaria rubra	6	220	Magnoliopsida	Plantae
5667614	1	1	1	1	1	1	1	1	0	0	0	0		Glandularia aristigera	6	220	Magnoliopsida	Plantae
5671747	3	3	3	3	3	2	3	3	3	2	3	3	1.1416663172470098	Cenchrus alopecuroides	6	196	Liliopsida	Plantae
5676646	3	3	2	3	3	1	1	1	3	1	3	1	1.1245499902125735	Digitaria aequiglumis	6	196	Liliopsida	Plantae
5678495	0		0		0		0		0		0			Chloris pycnothrix	6	196	Liliopsida	Plantae
5686494	1	1	1	1	3	1	3	1	1	0	1	0		Decaisnea insignis	6	220	Magnoliopsida	Plantae
5701337	1	1	1	1	1	1	1	1	1	0	1	0		Dahlia cultorum	6	220	Magnoliopsida	Plantae
5709400	0		0		0		0		0		0			Tragopogon mirabilis	6	220	Magnoliopsida	Plantae
5739357	0	0	0	0	0	0	0	0	0	0	0	0		Iduna rama	1	212	Aves	Animalia
5740285	0		0		0		0		0		0			Gyrodactylus proterorhini	1	7774442	Monogenea	Animalia
5786666	0		0		0		0		0		0			Hydrochoerus hydrochaeris	1	359	Mammalia	Animalia
5789082	0		0		0		0		0		0			Euodice malabarica	1	212	Aves	Animalia
5825913	1	0	2	3	1	0	2	2	1	0	2	2	0.9148212219967631	Pinus nigra laricio	6	194	Pinopsida	Plantae
5828216	1	2	1	3	3	3	3	3	2	1	3	1		Cenchrus flaccidus	6	196	Liliopsida	Plantae
5831060	3	1	3	1	3	3	3	3	3	3	3	3		Crepis foetida rhoeadifolia	6	220	Magnoliopsida	Plantae
5851603	1	0	3	3	1	0	1	2	1	0	2	1	0.94136863813181	Leuciscus aspius	1	204	Actinopterygii	Animalia
5879783	1		1		3		3		1		1			Thaumatotibia leucotreta	1	216	Insecta	Animalia
5892120	0	0	0	0	0	0	0	0	0	0	0	0	0.3505276675221344	Girardia tigrina	1			Animalia
5930559	2	1	2	1	2	1	2	1	1	1	1	1		Ilex altaclerensis	6	220	Magnoliopsida	Plantae
5959118	1	0	1	0	2	0	2	0	1	0	1	0		Bubo virginianus	1	212	Aves	Animalia
5959231	1	0	1	0	1	0	1	0	2	0	2	0		Ara ararauna	1	212	Aves	Animalia
6026665	1	1	1	1	0	0	0	0	0	0	0	0		Torilis africana	6	220	Magnoliopsida	Plantae
6076957	0	0	0	0	0	0	0	0	0	0	0	0		Pulicaria arabica hispanica	6	220	Magnoliopsida	Plantae
6091856	0	0	0	0	0	0	0	0	0	0	0	0		Sturnia sinensis	1	212	Aves	Animalia
6096602	3	3	3	1	3	3	2	1	3	3	3	3	1.1966889126188367	Lophocolea semiteres	6	126	Jungermanniopsida	Plantae
6098843	3	2	3	2	3	3	3	3	3	3	3	3		Ctenolepisma longicaudatum	1	216	Insecta	Animalia
6100962	1		1		1		1		1		1			Urocissa erythroryncha	1	212	Aves	Animalia
6100996	1	2	2	2	1	1	1	1	1	1	1	1	0.6256930698992234	Crithagra mozambica	1	212	Aves	Animalia
6157026	0	1	0	3	0	1	0	2	0	1	0	2	0.9210373645212828	Trachemys scripta elegans	1	358	Reptilia	Animalia
6157035	3	3	3	3	3	2	3	3	3	3	3	3		Trachemys scripta troostii	1	358	Reptilia	Animalia
6157050	1	1	1	1	1	1	1	1	1	1	1	1		Graptemys pseudogeographica kohnii	1	358	Reptilia	Animalia
6159223	0	0	0	0	0	0	0	0	0	0	0	0		Lacerta agilis	1	358	Reptilia	Animalia
6159273	0	0	0		0	0	0		0	0	0			Lacerta viridis	1	358	Reptilia	Animalia
6161327	0		0		0		0		2		2			Natrix tessellata	1	358	Reptilia	Animalia
6161340	0	0	0		0	0	0		0	0	0			Natrix maura	1	358	Reptilia	Animalia
6369140	3	3	2	3	2	2	1	2	1	1	1	1		Prunus domestica domestica	6	220	Magnoliopsida	Plantae
6369819	1	3	2	2	1	2	2	2	1	1	1	1	0.6638374981143023	Sambucus canadensis	6	220	Magnoliopsida	Plantae
6376216	3		3		2		3		1		1			Clematis montana	6	220	Magnoliopsida	Plantae
6387033	3	3	3	2	3	2	2	2	1	3	3	2	1.0980854922494414	Equisetum hyemale affine	6	7228684	Polypodiopsida	Plantae
6391417	1	1	1	1	1	1	1	1	1	1	1	1	0.9651572330523011	Rumex thyrsiflorus	6	220	Magnoliopsida	Plantae
6432925	1	0	1	0	1	0	1	0	1	0	1	0		Fraxinus angustifolia oxycarpa	6	220	Magnoliopsida	Plantae
7062200	1	3	1	3	1	3	1	2	1	3	1	3	0.7294738129205118	Trachemys scripta scripta	1	358	Reptilia	Animalia
7068732	0	0	1	1	0	0	1	1	0	0	1	1	0.9258180048884388	Arabidopsis arenosa arenosa	6	220	Magnoliopsida	Plantae
7102937	3	3	3	3	2	2	2	2	3	3	3	3		Euonymus japonicus	6	220	Magnoliopsida	Plantae
7116158	1		1		1		1		1		1			Sphaeralcea bonariensis	6	220	Magnoliopsida	Plantae
7127354	2	3	2	3	2	1	2	1	2	1	2	1		Cyclamen coum	6	220	Magnoliopsida	Plantae
7127810	2	3	3	3	2	3	3	3	2	2	2	2	1.182419698459483	Cyclamen hederifolium	6	220	Magnoliopsida	Plantae
7135755	3	3	1	2	3	3	1	3	3	3	1	3	1.1368983544835787	Rhododendron luteum	6	220	Magnoliopsida	Plantae
7136543	1		1		1		1		1		1			Armeria arenaria	6	220	Magnoliopsida	Plantae
7150619	1		1		1		1		1		1			Gomphocarpus fruticosus	6	220	Magnoliopsida	Plantae
7153712	1	1	1	1	1	1	1	1	2	1	3	1		Fumaria bastardii	6	220	Magnoliopsida	Plantae
7153734	2	1	2	1	1	1	1	1	1	0	1	0		Papaver commutatum	6	220	Magnoliopsida	Plantae
7156971	3	2	3	2	1	1	3	1	3	1	3	1		Oxalis triangularis	6	220	Magnoliopsida	Plantae
7157952	3	1	3	1	1	1	1	1	3	2	3	2		Dryopteris erythrosora	6	7228684	Polypodiopsida	Plantae
7158449	3	1	1	1	1	1	1	1	3	2	3	1		Polystichum polyblepharum	6	7228684	Polypodiopsida	Plantae
7161168	0		0		0		0		0		0			Lopezia racemosa	6	220	Magnoliopsida	Plantae
7190901	1	1	1	1	1	2	1	1	3	1	3	1		Graptemys pseudogeographica pseudogeographica	1	358	Reptilia	Animalia
7224157	1	1	1	1	1	1	1	1	1	1	1	1	0.9934705319765786	Pastinaca sativa sativa	6	220	Magnoliopsida	Plantae
7227181	3	1	1	1	3	3	3	3	3	1	1	1	1.057127363322197	Carex muricata muricata	6	196	Liliopsida	Plantae
7230699	3	3	2	2	2	1	2	1	2	2	2	2		Pinus nigra nigra	6	194	Pinopsida	Plantae
7262908	3	0	3	0	1	0	1	0	1	0	1	0		Acer cappadocicum	6	220	Magnoliopsida	Plantae
7262958	1	0	1	0	3	3	2	3	3	3	2	3		Acer monspessulanum	6	220	Magnoliopsida	Plantae
7263145	1	1	1	1	1	1	1	2	3	3	1	1		Acer rufinerve	6	220	Magnoliopsida	Plantae
7270381	0	0	0	0	0	0	0	0	0	0	0	0		Gentiana asclepiadea	6	220	Magnoliopsida	Plantae
7271631	1	1	1	1	0	0	0	0	0	0	0	0		Pyrus communis communis	6	220	Magnoliopsida	Plantae
7277286	1	1	1	1	3	3	3	3	3	3	3	3		Thalictrum speciosissimum	6	220	Magnoliopsida	Plantae
7278926	0		0		0		0		0		0			Malope malacoides	6	220	Magnoliopsida	Plantae
7291264	2	2	2	2	3	2	3	2	3	3	3	3		Bistorta amplexicaulis	6	220	Magnoliopsida	Plantae
7293222	1		1		2		2		1		1			Linum austriacum austriacum	6	220	Magnoliopsida	Plantae
7294681	1	1	1	0	1	1	1	0	1	1	1	0		Pulmonaria longifolia	6	220	Magnoliopsida	Plantae
7294771	0		0		0		0		0		0			Heliotropium suaveolens	6	220	Magnoliopsida	Plantae
7303117	2		2		2		2		2		2			Plantago sempervirens	6	220	Magnoliopsida	Plantae
7307327	1	1	3	1	1	3	3	3	1	2	2	3	0.830163130623665	Agastache rugosa	6	220	Magnoliopsida	Plantae
7307829	0		0		0		0		0		0			Lavandula dentata	6	220	Magnoliopsida	Plantae
7308640	1		1		1		1		1		1			Caryopteris incana	6	220	Magnoliopsida	Plantae
7315030	1		1		1		1		1		1			Glaucium grandiflorum	6	220	Magnoliopsida	Plantae
7315072	1	1	2	1	1	1	2	1	1	3	3	3	0.8917442774566654	Papaver atlanticum	6	220	Magnoliopsida	Plantae
7318448	0	0	0	0	0	0	0	0	0	0	0	0		Eryngium bourgatii	6	220	Magnoliopsida	Plantae
7319302	2	1	2	1	2	1	2	1	3	1	2	1		Dryopteris cycadina	6	7228684	Polypodiopsida	Plantae
7322143	3	3	3	3	2	1	2	1	1	1	1	1		Oenothera victorinii	6	220	Magnoliopsida	Plantae
7322292	3	1	3	1	1	1	1	1	1	1	1	1		Oenothera cambrica	6	220	Magnoliopsida	Plantae
7323906	0		0		0		0		0		0			Convolvulus tricolor tricolor	6	220	Magnoliopsida	Plantae
7331548	1		1		1		1		1		1			Alonsoa linearis	6	220	Magnoliopsida	Plantae
7331666	1		1		1		1		0		0			Melampyrum nemorosum	6	220	Magnoliopsida	Plantae
7333320	1	1	1	1	1	1	1	1	1	1	1	1		Ellisiophyllum pinnatum	6	220	Magnoliopsida	Plantae
7334368	0	0	0	0	0	0	0	0	3	0	3	0		Umbilicus rupestris	6	220	Magnoliopsida	Plantae
7334489	1	1	1	1	3	3	1	1	1	1	1	1		Sedum palmeri	6	220	Magnoliopsida	Plantae
7346102	0	3	1	1	0	3	1	1	0	3	1	1	0.935086462932865	Erythranthe guttata	6	220	Magnoliopsida	Plantae
7358948	1	0	1	0	1	0	1	0	0	0	0	0		Lasius neglectus	1	216	Insecta	Animalia
7393329	1		1		0		0		2		2			Cucurbita moschata	6	220	Magnoliopsida	Plantae
7415922	3		3		1		1		3		3			Rumex pulcher woodsii	6	220	Magnoliopsida	Plantae
7433196	2	2	2	1	2	1	2	0	2	2	2	3		Euonymus latifolius	6	220	Magnoliopsida	Plantae
7437751	1		1		1		3		1		2			Urtica membranacea	6	220	Magnoliopsida	Plantae
7443846	1	2	2	2	1	2	2	2	1	3	3	3	0.8439975021036668	Dipsacus strigosus	6	220	Magnoliopsida	Plantae
7455425	1		1		1		1		1		1			Phyla nodiflora minor	6	220	Magnoliopsida	Plantae
7461690	0		0		0		0		3		3			Phragmidium mexicanum	5	270	Pucciniomycetes	Fungi
7475424	1	1	1	1	3	3	3	3	1	1	1	1		Scabiosa lucida	6	220	Magnoliopsida	Plantae
7501634	1	0	1	2	1	0	1	2	1	0	1	2	0.7974046578624748	Rosa multiflora	6	220	Magnoliopsida	Plantae
7504215	0		0		0		0		0		0			Knautia integrifolia	6	220	Magnoliopsida	Plantae
7519710	0		0		0		0		0		0			Orobanche amethystea	6	220	Magnoliopsida	Plantae
7520678	1		1		3		3		2		3			Striosubulina striatella	1	225	Gastropoda	Animalia
7523432	0		0		0		0		0		0			Silene behen	6	220	Magnoliopsida	Plantae
7540164	2	2	2	2	2	2	2	1	2	3	3	2		Arion vulgaris	1	225	Gastropoda	Animalia
7560711	3	3	3	3	2	1	1	1	3	2	3	2		Oxalis tetraphylla	6	220	Magnoliopsida	Plantae
7564934	0	0	0	0	0	0	0	0	3	3	3	3		Odontites jaubertianus	6	220	Magnoliopsida	Plantae
7572133	0		0		0		0		0		0			Anoplophora glabripennis	1	216	Insecta	Animalia
7619206	1		1		1		1		1		1			Erodium trifolium	6	220	Magnoliopsida	Plantae
7636833	0		0		0		0		3	1	3	1		Syringa josikaea	6	220	Magnoliopsida	Plantae
7645931	0	3	3	3	0	1	2	1	0	1	2	1	0.09579374600828906	Salix acutifolia	6	220	Magnoliopsida	Plantae
7664179	0		0		0		0		0		0			Technomyrmex vitiensis	1	216	Insecta	Animalia
7675186	1		1		1		1		1		1			Choreutis nemorana	1	216	Insecta	Animalia
7681436	3	3	3	3	3	3	3	3	3	3	3	3		Cytisus multiflorus	6	220	Magnoliopsida	Plantae
7683374	0	0	0	0	0	0	0	0	0	0	0	0		Linaria hirta	6	220	Magnoliopsida	Plantae
7690055	0		0		0		0		0		0			Carpodacus sibiricus	1	212	Aves	Animalia
7694392	0	0	0		0	0	0		0	0	0			Cuscuta gronovii	6	220	Magnoliopsida	Plantae
7740617	1	1	1	1	3	3	3	3	3	1	3	1		Skimmia japonica	6	220	Magnoliopsida	Plantae
7777960	2	3	2	1	3	3	3	3	2	2	2	2		Vaccinium macrocarpum	6	220	Magnoliopsida	Plantae
7802465	3	2	0	0	3	2	0	0	3	0	0	0	1.1001883815589624	Nymphaea marliacea	6	220	Magnoliopsida	Plantae
7818643	2	2	2	2	2	2	3	2	2	1	2	1		Prunus armeniaca	6	220	Magnoliopsida	Plantae
7820753	2	0	1	0	2	0	1	0	3	0	1	0	0.9727026683887733	Magallana gigas	1	137	Bivalvia	Animalia
7823272	0	0	0	0	0	0	0	0	0	0	0	0		Ranunculus pensylvanicus	6	220	Magnoliopsida	Plantae
7832723	0	0	0	0	0	0	0	0	0	0	0	0		Symphyotrichum lateriflorum	6	220	Magnoliopsida	Plantae
7855120	1	1	2	2	1	1	2	2	1	1	3	2	0.9098797415295412	Odontites luteus	6	220	Magnoliopsida	Plantae
7862391	0	0	0	0	0	0	0	0	0	0	0	0		Lysimachia monellii	6	220	Magnoliopsida	Plantae
7877018	1	1	1	1	1	1	1	1	1	1	1	1		Acer cissifolium	6	220	Magnoliopsida	Plantae
7881150	1	1	1	1	1	1	1	1	1	1	1	1		Polygonatum hybridum	6	196	Liliopsida	Plantae
7901010	1	1	1	1	0	0	0	0	0	0	0	0		Rumex obtusifolius sylvestris	6	220	Magnoliopsida	Plantae
7902463	1		1		2		2		3		3			Lonicera maackii	6	220	Magnoliopsida	Plantae
7911993	0		0		0		0		0		0			Rumex pseudonatronatus	6	220	Magnoliopsida	Plantae
7915783	2	1	2	2	2	1	3	1	2	1	3	2	0.9310602744028998	Oenothera fallax	6	220	Magnoliopsida	Plantae
7938233	0		0		0		0		0		0			Stellaria cupaniana	6	220	Magnoliopsida	Plantae
7961815	1		1		1		1		0		0			Schoenoplectiella bucharica	6	196	Liliopsida	Plantae
7963687	0		0		0		0		0		0			Linaria chalepensis	6	220	Magnoliopsida	Plantae
7975549	0		0		0		0		0		0			Amaranthus ralletii	6	220	Magnoliopsida	Plantae
7978544	0	0	3	1	0	0	3	1	0	0	3	1	0.6731585619833389	Hydrocotyle ranunculoides	6	220	Magnoliopsida	Plantae
7988337	1	1	1	1	0	0	0	0	0	0	0	0		Valerianella locusta oleracea	6	220	Magnoliopsida	Plantae
7989836	2	3	2	3	3	3	3	3	3	2	3	2		Symphytum caucasicum	6	220	Magnoliopsida	Plantae
8014966	0	0	0	0	0	0	0	0	0	0	0	0		Falco biarmicus	1	212	Aves	Animalia
8018277	0		0		0		0		0		0			Centaurea pectinata	6	220	Magnoliopsida	Plantae
8021567	2	1	2	1	1	1	1	1	1	1	1	1		Hypericum olympicum	6	220	Magnoliopsida	Plantae
8022932	1	1	1	1	0	0	0	0	0	0	0	0		Plantago lagopus	6	220	Magnoliopsida	Plantae
8044946	0	0	0		0	0	0		3	0	3			Epimedium pinnatum	6	220	Magnoliopsida	Plantae
8045533	1	1	1	1	1	1	1	1	1	1	1	1		Potentilla supina costata	6	220	Magnoliopsida	Plantae
8049400	1	1	1	1	1	1	1	1	1	1	1	1		Parentucellia latifolia	6	220	Magnoliopsida	Plantae
8060423	1		1		0		0		3		3			Cercidiphyllum japonicum	6	220	Magnoliopsida	Plantae
8096233	1	1	1	1	1	1	1	1	1	1	1	1		Spergularia bocconei	6	220	Magnoliopsida	Plantae
8116963	1		1		1		1		1		1			Acanthus hungaricus	6	220	Magnoliopsida	Plantae
8133114	1		1		3	1	3	1	3	3	3	3		Aster amellus	6	220	Magnoliopsida	Plantae
8144599	1		1		0		0		0		0			Papaver nudicaule	6	220	Magnoliopsida	Plantae
8190077	1	0	1	1	1	0	1	1	1	1	1	1	0.8700707974493145	Populus canadensis	6	220	Magnoliopsida	Plantae
8207952	0	0	0	0	0	0	0	0	3	3	3	3		Matthiola incana	6	220	Magnoliopsida	Plantae
8241853	1	1	1	1	1	1	1	1	1	1	1	1		Anisocampium niponicum	6	7228684	Polypodiopsida	Plantae
8242349	1	1	1	1	1	1	1	1	2	1	3	1		Lonicera chrysantha	6	220	Magnoliopsida	Plantae
8242651	0		0		0		0		0		0			Rumex erubescens	6	220	Magnoliopsida	Plantae
8302634	1	1	1	1	3	1	3	1	1	1	1	1		Oenothera suaveolens	6	220	Magnoliopsida	Plantae
8313153	1	1	1	1	1	1	1	1	1	1	1	1	0.9191162247007292	Quercus palustris	6	220	Magnoliopsida	Plantae
8323119	2	1	2	1	1	1	1	1	3	1	3	1		Bidens triplinervia macrantha	6	220	Magnoliopsida	Plantae
8323485	2	2	3	1	1	1	1	1	1	1	1	1		Haemorhous mexicanus	1	212	Aves	Animalia
8342911	1	1	2	1	1	1	2	1	1	1	3	2	0.9260156979816639	Papaver setiferum	6	220	Magnoliopsida	Plantae
8358048	1		1		1		1		1		1			Potentilla recta obscura	6	220	Magnoliopsida	Plantae
8362005	2	1	2	1	3	3	3	3	3	2	3	2		Sasa palmata	6	196	Liliopsida	Plantae
8369366	0		0		0		0		0		0			Diplachne fusca uninervia	6	196	Liliopsida	Plantae
8381801	0	0	0	0	0	0	0	0	0	0	0	0		Dasiphora davurica mandshurica	6	220	Magnoliopsida	Plantae
8402586	0		0		0		0		0		0			Malva clementii	6	220	Magnoliopsida	Plantae
8408816	1	1	1	1	1	1	1	1	2	1	3	1		Colchicum byzantinum	6	196	Liliopsida	Plantae
8418338	1		1		1		1		2		3			Hydrocotyle sibthorpioides	6	220	Magnoliopsida	Plantae
8421432	1	1	1	1	3	3	3	3	1	1	1	1		Cornus sanguinea hungarica	6	220	Magnoliopsida	Plantae
8485639	0	0	0	1	0	0	0	1	0	0	0	1	0.5049011238372008	Ensis leei	1	137	Bivalvia	Animalia
8537667	1	3	3	1	1	3	2	3	1	3	3	3	0.9389907816587723	Chondrilla juncea	6	220	Magnoliopsida	Plantae
8599762	3	3	3	2	1	1	1	1	2	1	2	1		Aproceros leucopoda	1	216	Insecta	Animalia
8701771	1		1		1		1		1		1			Obama nungara	1			Animalia
8745918	2	1	2	1	1	1	1	1	2	2	2	2		Deroceras invadens	1	225	Gastropoda	Animalia
8765358	0		0		0		0		0		0			Coccinella miranda	1	216	Insecta	Animalia
8898408	1		1		1		1		3		1			Pseudemys concinna	1	358	Reptilia	Animalia
8946295	2	2	2	2	1	1	1	1	1	2	1	1		Pontastacus leptodactylus	1	229	Malacostraca	Animalia
8969026	1		1		3	1	3	1	2	3	2	3		Physalis philadelphica	6	220	Magnoliopsida	Plantae
8993502	3	1	1	1	3	0	3	0	3	0	2	0	1.0575142649347278	Silene italica	6	220	Magnoliopsida	Plantae
9018536	1	1	1	1	1	1	1	1	3	3	1	1		Koenigia campanulata	6	220	Magnoliopsida	Plantae
9153437	1	1	2	2	1	1	2	2	1	1	2	2	0.8470880934028089	Salix daphnoides	6	220	Magnoliopsida	Plantae
9185677	1	1	1		1	1	1		1	1	1			Podarcis siculus	1	358	Reptilia	Animalia
9188840	0	0	1	1	0	0	1	1	0	0	1	1	0.9265801931567995	Epilobium ciliatum	6	220	Magnoliopsida	Plantae
9228211	1	1	1	1	3	2	1	1	3	3	3	2		Graptemys pseudogeographica	1	358	Reptilia	Animalia
9321334	0		0		0		0		0		0			Pilosella prussica	6	220	Magnoliopsida	Plantae
9326020	0	3	1	2	0	3	1	3	0	3	1	2	0.7572194853279652	Gallus gallus	1	212	Aves	Animalia
9350124	1	1	1	1	2	0	2	0	2	3	2	0		Natrix helvetica	1	358	Reptilia	Animalia
9362842	1		1		1		1		1		1			Junco hyemalis	1	212	Aves	Animalia
9376410	3	3	3	1	1	1	1	1	3	1	3	1		Delosperma cooperi	6	220	Magnoliopsida	Plantae
9382645	1	0	1	0	1	0	1	0	1	0	1	0		Rosa virginiana	6	220	Magnoliopsida	Plantae
9450106	0	0	1	1	0	0	1	1	0	0	1	1	0.6190993278128704	Anas poecilorhyncha	1	212	Aves	Animalia
9451184	3	3	1	1	3	3	1	1	3	3	1	1	1.2907295449641207	Pavo cristatus	1	212	Aves	Animalia
9529916	1		1		1		1		0		0			Bufotes viridis	1	131	Amphibia	Animalia
9606290	1	1	1	1	1	1	1	1	2	3	2	2		Meleagris gallopavo	1	212	Aves	Animalia
9685907	1	1	1	1	1	2	1	2	1	1	1	1		Falco sparverius	1	212	Aves	Animalia
9691034	0	0	0	0	0	0	0	0	0	0	0	0		Phoenicopterus ruber	1	212	Aves	Animalia
9791464	0	0	0	0	0	0	0	0	3	3	3	3		Colinus virginianus	1	212	Aves	Animalia
10172912	1	1	1	1	0	0	0	0	0	0	0	0		Cerastium arvense subsp. arvense x tomentosum	6	220	Magnoliopsida	Plantae
