taxonKey	year_2020_em_status_occs_Wallonia	year_2020_em_status_occupancy_Wallonia	year_2021_em_status_occs_Wallonia	year_2021_em_status_occupancy_Wallonia	year_2022_em_status_occs_Wallonia	year_2022_em_status_occupancy_Wallonia	mean_growth	canonicalName	kingdomKey	classKey	class	kingdom
1017419	1	1	3	3	3	3		Oxidus gracilis	1	361	Diplopoda	Animalia
1031394	1	1	1	1	1	1		Ectopsocus petersi	1	216	Insecta	Animalia
1031400	1	1	0	0	0	0		Ectopsocus briggsi	1	216	Insecta	Animalia
1031684	2	2	3	3	2	2		Lepinotus patruelis	1	216	Insecta	Animalia
1031742	1	1	1	1	3	3		Dorypteryx domestica	1	216	Insecta	Animalia
1043717	1	1	1	1	1	1		Cryptolaemus montrouzieri	1	216	Insecta	Animalia
1045323	0	0	0	0	0	0		Pycnomerus sulcicollis	1	216	Insecta	Animalia
1047536	3	0	3	0	3	0	1.5313853427333544	Leptinotarsa decemlineata	1	216	Insecta	Animalia
1119292	1	1	1	1	1	1		Morimus asper	1	216	Insecta	Animalia
1309600	2	2	1	1	3	3		Andricus kollari	1	216	Insecta	Animalia
1309652	2	2	1	1	1	1		Dryocosmus kuriphilus	1	216	Insecta	Animalia
1311477	3	3	2	2	3	3		Vespa velutina	1	216	Insecta	Animalia
1316805	0	0	0	0	0	0		Tapinoma melanocephalum	1	216	Insecta	Animalia
1323402	0	0	0	0	0	0		Tetramorium bicarinatum	1	216	Insecta	Animalia
1346919	2	3	3	3	3	3		Isodontia mexicana	1	216	Insecta	Animalia
1421091	3	3	3	3	3	2		Lepisma saccharinum	1	216	Insecta	Animalia
1421095	3	3	2	2	2	2		Ctenolepisma lineata	1	216	Insecta	Animalia
1622599	3	3	2	3	2	2		Rhagoletis cingulata	1	216	Insecta	Animalia
1626096	1	1	3	3	3	3		Ceratitis capitata	1	216	Insecta	Animalia
1650106	1	1	1	1	0	0		Anopheles pharoensis	1	216	Insecta	Animalia
1651430	2	2	1	1	1	1		Aedes albopictus	1	216	Insecta	Animalia
1652212	1	1	1	1	1	1		Aedes japonicus	1	216	Insecta	Animalia
1690429	0	0	0	0	0	0	0.6531014191137835	Meconema meridionale	1	216	Insecta	Animalia
1702101	1	1	3	3	3	3		Anacridium aegyptium	1	216	Insecta	Animalia
1718308	1	3	1	1	1	2	0.8146612898401254	Acheta domesticus	1	216	Insecta	Animalia
1719204	0	0	0	0	0	0		Gryllomorpha dalmatina	1	216	Insecta	Animalia
1722299	3	3	3	3	1	1		Gryllodes sigillatus	1	216	Insecta	Animalia
1749449	3	3	2	2	1	1		Cameraria ohridella	1	216	Insecta	Animalia
1749580	2	2	2	2	1	1		Phyllocnistis citrella	1	216	Insecta	Animalia
1751299	0	0	0	0	0	0		Bucculatrix ainsliella	1	216	Insecta	Animalia
1830284	1	1	0	0	0	0		Argyresthia thuiella	1	216	Insecta	Animalia
1873051	1	1	1	1	1	1		Cryptoblabes gnidiella	1	216	Insecta	Animalia
1873890	1	1	0	0	0	0		Cadra cautella	1	216	Insecta	Animalia
1910629	1	1	1	1	1	1		Hypolimnas bolina	1	216	Insecta	Animalia
1932752	1	1	1	1	3	3		Cacyreus marshalli	1	216	Insecta	Animalia
1941864	1	1	1	1	0	0		Paysandisia archon	1	216	Insecta	Animalia
1997215	0	0	3	3	3	3		Blattella germanica	1	216	Insecta	Animalia
2007665	1	1	1	1	0	0		Belonochilus numenius	1	216	Insecta	Animalia
2008616	1	1	1	1	3	3		Empicoris rubromaculatus	1	216	Insecta	Animalia
2020655	0	2	0	2	0	2	0.6248717428975938	Corythucha ciliata	1	216	Insecta	Animalia
2020779	1	1	1	1	1	1		Buchananiella continua	1	216	Insecta	Animalia
2037925	3	3	2	3	3	3		Orientus ishidae	1	216	Insecta	Animalia
2037991	1	1	1	1	3	3		Liguropia juniperi	1	216	Insecta	Animalia
2038171	1	1	1	1	1	1		Opsius stactogalus	1	216	Insecta	Animalia
2041682	1	3	1	3	1	3	0.7865076851518529	Graphocephala fennahi	1	216	Insecta	Animalia
2049296	1	1	1	1	3	3		Pithyotettix abietinus	1	216	Insecta	Animalia
2049661	2	2	2	2	2	2		Adelges abietis	1	216	Insecta	Animalia
2049722	1	1	1	1	2	2		Adelges laricis	1	216	Insecta	Animalia
2049732	2	2	1	1	1	1		Adelges cooleyi	1	216	Insecta	Animalia
2077985	1	1	1	1	1	1		Impatientinum asiaticum	1	216	Insecta	Animalia
2078852	3	3	2	3	3	3		Nezara viridula	1	216	Insecta	Animalia
2091932	3	3	1	1	1	1		Pulvinaria hydrangeae	1	216	Insecta	Animalia
2095283	3	3	1	1	3	3		Pseudococcus longispinus	1	216	Insecta	Animalia
2128482	1	1	1	1	1	1		Colomerus vitis	1	367	Arachnida	Animalia
2128502	3	3	2	2	1	1		Aceria erinea	1	367	Arachnida	Animalia
2138688	0	0	0	0	0	0		Mermessus trilobatus	1	367	Arachnida	Animalia
2141622	0	0	0	0	0	0		Amaurobius erberi	1	367	Arachnida	Animalia
2142456	3	3	1	1	3	3		Uloborus plumipes	1	367	Arachnida	Animalia
2153287	2	3	3	3	3	3		Zoropsis spinimana	1	367	Arachnida	Animalia
2157245	0	0	2	2	2	2		Steatoda grossa	1	367	Arachnida	Animalia
2164198	1	1	1	1	1	1		Cheiracanthium mildei	1	367	Arachnida	Animalia
2174528	2	3	1	1	1	1		Saitis barbipes	1	367	Arachnida	Animalia
2217982	2	2	1	1	1	1		Crangonyx pseudogracilis	1	229	Malacostraca	Animalia
2219863	1	1	1	1	0	0		Gammarus tigrinus	1	229	Malacostraca	Animalia
2220312	2	2	1	1	1	1		Hemimysis anomala	1	229	Malacostraca	Animalia
2220347	2	2	1	1	1	1		Limnomysis benedeni	1	229	Malacostraca	Animalia
2226990	3	3	3	3	3	3	1.0311172722825348	Pacifastacus leniusculus	1	229	Malacostraca	Animalia
2227300	2	2	2	2	2	2		Procambarus clarkii	1	229	Malacostraca	Animalia
2234836	0	0	0	0	0	0		Daphnia ambigua	1	281	Branchiopoda	Animalia
2287073	2	2	1	1	1	1		Dreissena bugensis	1	137	Bivalvia	Animalia
2294284	1	1	3	3	1	1		Otala lactea	1	225	Gastropoda	Animalia
2295442	3	3	3	3	3	3		Limacus flavus	1	225	Gastropoda	Animalia
2297108	1	1	3	3	3	3		Milax gagates	1	225	Gastropoda	Animalia
2308609	0	0	0	0	0	0		Potamothrix moldaviensis	1	255	Clitellata	Animalia
2337607	1	0	1	0	1	0	9.042445410204038e-4	Silurus glanis	1			Animalia
2362030	3	3	2	2	3	3		Ctenopharyngodon idella	1			Animalia
2362868	1	1	1	1	1	1	0.5657286992855195	Pseudorasbora parva	1			Animalia
2362881	1	1	1	1	1	1		Leucaspius delineatus	1			Animalia
2367742	0	0	0	0	0	0		Pimephales promelas	1			Animalia
2379089	0	0	0	0	0	0	0.15835610749958584	Neogobius melanostomus	1			Animalia
2379245	0	1	0	1	0	1	0.032155131814284345	Proterorhinus semilunaris	1			Animalia
2402129	1	1	1	1	1	1		Acipenser gueldenstaedtii	1			Animalia
2426640	0	0	0	0	0	0		Pelophylax bedriagae	1	131	Amphibia	Animalia
2426661	2	2	2	2	2	2		Pelophylax ridibundus	1	131	Amphibia	Animalia
2427091	1	1	1	1	1	1		Lithobates catesbeianus	1	131	Amphibia	Animalia
2434552	2	2	2	2	2	2		Nyctereutes procyonoides	1	359	Mammalia	Animalia
2435035	3	3	3	2	3	2	1.1243144808848575	Felis catus	1	359	Mammalia	Animalia
2436940	1	3	1	3	1	2	0.8973051044924564	Oryctolagus cuniculus	1	359	Mammalia	Animalia
2437282	0	0	0	0	0	0		Tamiasciurus hudsonicus	1	359	Mammalia	Animalia
2437399	1	1	1	1	1	1		Callosciurus finlaysonii	1	359	Mammalia	Animalia
2437450	2	2	3	2	2	2		Tamias sibiricus	1	359	Mammalia	Animalia
2439261	1	3	1	3	1	3	0.9686896782148066	Rattus norvegicus	1	359	Mammalia	Animalia
2439270	0	0	0	0	2	2		Rattus rattus	1	359	Mammalia	Animalia
2439838	0	0	0	0	0	0		Castor canadensis	1	359	Mammalia	Animalia
2440946	2	2	2	2	2	2		Muntiacus reevesi	1	359	Mammalia	Animalia
2440954	1	1	3	3	1	1		Cervus nippon	1	359	Mammalia	Animalia
2443002	3	3	2	2	2	2		Trachemys scripta	1	11418114	Testudines	Animalia
2443079	3	3	1	1	1	1		Graptemys ouachitensis	1	11418114	Testudines	Animalia
2444339	0	0	0	0	0	0		Vipera aspis	1	11592253	Squamata	Animalia
2455615	1	1	3	3	1	1		Pantherophis guttatus	1	11592253	Squamata	Animalia
2469188	3	3	2	2	3	3		Podarcis muralis	1	11592253	Squamata	Animalia
2473341	3	3	3	3	3	3		Numida meleagris	1	212	Aves	Animalia
2473477	3	3	3	2	3	3	1.1660503798426547	Syrmaticus reevesii	1	212	Aves	Animalia
2474051	3	2	3	3	2	2		Alectoris rufa	1	212	Aves	Animalia
2474162	0	0	0	0	0	0		Coturnix japonica	1	212	Aves	Animalia
2474936	2	2	1	2	1	1		Anthropoides virgo	1	212	Aves	Animalia
2474944	0	0	0	0	0	0		Grus japonensis	1	212	Aves	Animalia
2475648	1	1	1	1	1	1		Dacelo novaeguineae	1	212	Aves	Animalia
2476041	0	0	0	0	0	0		Bucorvus leadbeateri	1	212	Aves	Animalia
2479226	2	0	2	0	2	0	1.113491461264962	Psittacula krameri	1	212	Aves	Animalia
2479311	0	0	0	0	0	0		Platycercus elegans	1	212	Aves	Animalia
2479329	1	1	1	1	1	1		Platycercus eximius	1	212	Aves	Animalia
2479407	1	1	3	3	1	1		Myiopsitta monachus	1	212	Aves	Animalia
2479544	1	1	1	1	3	3		Agapornis fischeri	1	212	Aves	Animalia
2479553	1	1	1	1	1	1		Agapornis personatus	1	212	Aves	Animalia
2479666	0	0	0	0	0	0		Amazona amazonica	1	212	Aves	Animalia
2479798	1	1	2	2	2	2		Melopsittacus undulatus	1	212	Aves	Animalia
2479964	1	1	1	1	1	1		Poicephalus senegalus	1	212	Aves	Animalia
2479977	0	2	0	2	0	2	0.8163341416316164	Nymphicus hollandicus	1	212	Aves	Animalia
2480181	1	1	1	1	0	0		Psittacus erithacus	1	212	Aves	Animalia
2480350	0	0	2	2	1	1		Pelecanus onocrotalus	1	212	Aves	Animalia
2480352	1	1	1	1	0	0		Pelecanus rufescens	1	212	Aves	Animalia
2480410	1	1	2	2	1	1		Parabuteo unicinctus	1	212	Aves	Animalia
2480454	1	1	1	1	1	1		Haliaeetus vocifer	1	212	Aves	Animalia
2480542	0	0	0	0	0	0		Buteo jamaicensis	1	212	Aves	Animalia
2480764	1	1	1	1	0	0		Threskiornis aethiopicus	1	212	Aves	Animalia
2480770	0	0	0	0	0	0		Geronticus eremita	1	212	Aves	Animalia
2480772	0	0	0	0	0	0		Plegadis ridgwayi	1	212	Aves	Animalia
2480800	0	0	0	0	0	0		Platalea alba	1	212	Aves	Animalia
2480989	0	0	0	0	0	0		Caracara plancus	1	212	Aves	Animalia
2481034	0	0	0	0	0	0		Falco cherrug	1	212	Aves	Animalia
2481092	1	1	1	1	1	1		Phalcoboenus megalopterus	1	212	Aves	Animalia
2481110	0	0	0	0	0	0		Phoenicopterus chilensis	1	212	Aves	Animalia
2481936	0	0	0	0	0	0		Mycteria ibis	1	212	Aves	Animalia
2482519	1	1	1	1	0	0		Corvus albus	1	212	Aves	Animalia
2486132	1	1	1	1	1	1		Pycnonotus leucotis	1	212	Aves	Animalia
2486151	1	1	1	1	1	1		Pycnonotus jocosus	1	212	Aves	Animalia
2489010	0	0	0	0	0	0		Acridotheres cristatellus	1	212	Aves	Animalia
2489080	0	0	0	0	0	0		Lamprotornis purpureus	1	212	Aves	Animalia
2493633	1	3	1	2	1	2	0.8717382901475749	Taeniopygia guttata	1	212	Aves	Animalia
2493660	0	0	0	0	0	0		Estrilda astrild	1	212	Aves	Animalia
2493698	1	1	0	0	0	0		Amandava amandava	1	212	Aves	Animalia
2494088	0	0	0	0	0	0		Euplectes orix	1	212	Aves	Animalia
2494097	1	1	0	0	0	0		Euplectes afer	1	212	Aves	Animalia
2494303	3	3	3	3	2	2		Serinus canaria	1	212	Aves	Animalia
2495134	1	1	0	0	0	0		Dromaius novaehollandiae	1	212	Aves	Animalia
2495165	1	1	3	3	2	2		Rhea americana	1	212	Aves	Animalia
2495414	3	1	3	1	3	1	1.3778998241071423	Columba livia	1	212	Aves	Animalia
2495494	3	3	1	1	1	1		Geopelia cuneata	1	212	Aves	Animalia
2495688	1	1	1	1	0	0		Streptopelia roseogrisea	1	212	Aves	Animalia
2498001	0	0	0	0	0	0		Sarkidiornis melanotos	1	212	Aves	Animalia
2498010	1	1	0	0	0	0		Tadorna cana	1	212	Aves	Animalia
2498034	0	1	0	1	0	1	0.7647868102960397	Anser cygnoides	1	212	Aves	Animalia
2498035	0	0	0	0	0	0	0.6648832594960553	Anser indicus	1	212	Aves	Animalia
2498046	2	2	1	1	1	1		Chenonetta jubata	1	212	Aves	Animalia
2498064	1	1	1	1	0	0		Anas erythrorhyncha	1	212	Aves	Animalia
2498065	0	0	0	0	0	0		Anas flavirostris	1	212	Aves	Animalia
2498084	0	0	0	0	0	0		Anas superciliosa	1	212	Aves	Animalia
2498090	1	2	1	2	1	3	0.8111128920355187	Anas bahamensis	1	212	Aves	Animalia
2498094	3	2	2	2	1	1		Anas capensis	1	212	Aves	Animalia
2498163	0	0	0	0	0	0		Anser canagicus	1	212	Aves	Animalia
2498167	0	0	0	0	0	0		Anser caerulescens	1	212	Aves	Animalia
2498181	0	0	0	0	0	0		Netta peposaca	1	212	Aves	Animalia
2498252	1	2	1	2	1	2	0.974047775619847	Alopochen aegyptiaca	1	212	Aves	Animalia
2498305	0	1	0	2	0	2	0.690696219858613	Oxyura jamaicensis	1	212	Aves	Animalia
2498313	0	0	0	0	0	0		Nettapus auritus	1	212	Aves	Animalia
2498329	0	0	0	0	0	0		Bucephala albeola	1	212	Aves	Animalia
2498335	0	0	0	0	0	0		Cygnus melancoryphus	1	212	Aves	Animalia
2498344	0	0	0	0	0	0	0.7999659896183875	Cygnus atratus	1	212	Aves	Animalia
2498380	0	0	0	0	0	0		Cyanochen cyanoptera	1	212	Aves	Animalia
2498384	1	3	1	2	1	2	0.8811882282372019	Callonetta leucophrys	1	212	Aves	Animalia
2498387	1	0	1	0	1	0	0.8732161123117528	Aix sponsa	1	212	Aves	Animalia
2498388	1	1	1	1	1	1	0.9882038070846485	Aix galericulata	1	212	Aves	Animalia
2498390	0	0	0	0	0	0		Marmaronetta angustirostris	1	212	Aves	Animalia
2498393	0	0	0	0	0	0		Dendrocygna autumnalis	1	212	Aves	Animalia
2498396	3	3	1	1	1	1		Dendrocygna viduata	1	212	Aves	Animalia
2498402	2	2	1	1	2	3		Dendrocygna bicolor	1	212	Aves	Animalia
2498408	1	1	1	1	1	1		Lophodytes cucullatus	1	212	Aves	Animalia
2498411	0	0	0	0	0	0		Amazonetta brasiliensis	1	212	Aves	Animalia
2516075	0	0	0	0	0	0		Cumminsiella mirabilissima	5	270	Pucciniomycetes	Fungi
2516809	0	0	0	0	0	0		Melampsoridium betulinum	5	270	Pucciniomycetes	Fungi
2650827	2	2	2	2	2	2		Cyrtomium fortunei	6	7228684	Polypodiopsida	Plantae
2650829	0	0	0	0	3	3		Cyrtomium falcatum	6	7228684	Polypodiopsida	Plantae
2651816	0	0	0	0	3	3		Adiantum capillus-veneris	6	7228684	Polypodiopsida	Plantae
2677047	1	1	1	1	1	1	0.9783423339661006	Orthodontium lineare	6	327	Bryopsida	Plantae
2683866	3	3	3	3	3	2	1.1851421924456302	Chamaecyparis lawsoniana	6	194	Pinopsida	Plantae
2683894	0	0	0	0	0	0		Xanthocyparis nootkatensis	6	194	Pinopsida	Plantae
2684120	3	3	2	2	3	3		Sequoiadendron giganteum	6	194	Pinopsida	Plantae
2684171	2	2	1	1	2	2		Thuja plicata	6	194	Pinopsida	Plantae
2684178	3	3	2	2	1	1		Thuja occidentalis	6	194	Pinopsida	Plantae
2684191	2	2	2	2	2	2		Taxodium distichum	6	194	Pinopsida	Plantae
2685361	3	2	3	2	3	2	1.0131541694675006	Abies grandis	6	194	Pinopsida	Plantae
2685484	1	2	1	2	1	2	0.8822584101359087	Abies alba	6	194	Pinopsida	Plantae
2685552	3	3	1	1	1	1		Abies nordmanniana	6	194	Pinopsida	Plantae
2685663	0	0	0	0	0	0		Abies homolepis	6	194	Pinopsida	Plantae
2685796	1	3	1	3	1	3	0.9771448534465824	Pseudotsuga menziesii	6	194	Pinopsida	Plantae
2686157	0	1	0	2	0	2	0.9086410006030696	Larix kaempferi	6	194	Pinopsida	Plantae
2686212	3	2	3	2	3	2	1.0241494507710025	Larix decidua	6	194	Pinopsida	Plantae
2687182	2	2	1	1	1	1		Tsuga canadensis	6	194	Pinopsida	Plantae
2687210	0	0	0	0	0	0	0.698972242317951	Tsuga heterophylla	6	194	Pinopsida	Plantae
2687885	1	1	0	0	0	0		Ginkgo biloba	6	244	Ginkgoopsida	Plantae
2700768	3	3	1	1	1	1		Luzula nivea	6	196	Liliopsida	Plantae
2701612	1	1	3	3	1	1		Juncus ensifolius	6	196	Liliopsida	Plantae
2701986	0	0	0	0	0	0		Juncus canadensis	6	196	Liliopsida	Plantae
2702822	0	0	0	0	3	3		Echinochloa frumentacea	6	196	Liliopsida	Plantae
2703346	0	0	0	0	0	0		Anthoxanthum nitens	6	196	Liliopsida	Plantae
2703712	0	0	0	0	0	0		Bromus carinatus	6	196	Liliopsida	Plantae
2704523	2	3	3	3	2	2		Cortaderia selloana	6	196	Liliopsida	Plantae
2705090	3	3	3	2	3	3	1.2237903450126884	Panicum miliaceum	6	196	Liliopsida	Plantae
2705286	1	1	1	1	1	1		Avena sterilis	6	196	Liliopsida	Plantae
2705512	2	2	1	1	1	1		Glyceria canadensis	6	196	Liliopsida	Plantae
2706026	1	1	3	3	1	1		Miscanthus sinensis	6	196	Liliopsida	Plantae
2706209	1	1	1	1	1	1		Pseudosasa japonica	6	196	Liliopsida	Plantae
2706225	0	0	0	0	0	0		Lolium persicum	6	196	Liliopsida	Plantae
2716226	1	1	0	0	3	3		Cyperus esculentus	6	196	Liliopsida	Plantae
2716838	1	1	1	1	1	1		Eleocharis engelmannii	6	196	Liliopsida	Plantae
2717402	1	1	1	1	1	1		Eleocharis mamillata austriaca	6	196	Liliopsida	Plantae
2717467	1	1	1	1	1	1		Eleocharis obtusa	6	196	Liliopsida	Plantae
2720120	1	1	1	1	1	1		Scirpus atrovirens	6	196	Liliopsida	Plantae
2720269	2	2	1	1	1	1		Scirpus georgianus	6	196	Liliopsida	Plantae
2722380	0	0	0	0	0	0		Carex crawfordii	6	196	Liliopsida	Plantae
2726360	3	3	3	3	1	1		Carex grayi	6	196	Liliopsida	Plantae
2726538	1	1	3	3	3	3		Carex muskingumensis	6	196	Liliopsida	Plantae
2747489	0	0	0	0	0	0		Crocus chrysanthus	6	196	Liliopsida	Plantae
2747564	2	2	3	3	3	3		Crocus tommasinianus	6	196	Liliopsida	Plantae
2747567	3	3	3	3	3	3		Crocus vernus	6	196	Liliopsida	Plantae
2747750	1	1	1	1	1	1		Crocus luteus	6	196	Liliopsida	Plantae
2752849	1	1	1	1	1	1		Erythronium dens-canis	6	196	Liliopsida	Plantae
2765942	0	0	0	0	0	0		Pontederia crassipes	6	196	Liliopsida	Plantae
2766030	2	2	3	3	3	3		Pontederia cordata	6	196	Liliopsida	Plantae
2767031	0	0	0	0	0	0		Agave americana	6	196	Liliopsida	Plantae
2767271	1	1	3	3	2	2		Scilla luciliae	6	196	Liliopsida	Plantae
2767275	3	3	3	3	2	2		Scilla forbesii	6	196	Liliopsida	Plantae
2767428	1	1	2	2	3	3		Puschkinia scilloides	6	196	Liliopsida	Plantae
2769622	1	1	3	3	1	1		Muscari azureum	6	196	Liliopsida	Plantae
2772094	3	3	3	3	3	2	1.1674781089512694	Muscari botryoides	6	196	Liliopsida	Plantae
2772174	1	1	1	1	2	2		Muscari armeniacum	6	196	Liliopsida	Plantae
2772666	3	3	3	3	2	2		Hyacinthus orientalis	6	196	Liliopsida	Plantae
2772885	3	3	1	1	1	1		Ornithogalum pyramidale	6	196	Liliopsida	Plantae
2775530	1	1	3	3	2	3		Yucca flaccida	6	196	Liliopsida	Plantae
2775619	2	2	2	2	2	3		Yucca gloriosa	6	196	Liliopsida	Plantae
2781103	2	2	2	2	1	1		Hemerocallis lilioasphodelus	6	196	Liliopsida	Plantae
2856204	1	1	3	3	1	1		Allium siculum	6	196	Liliopsida	Plantae
2857017	1	1	3	3	3	3		Allium paradoxum	6	196	Liliopsida	Plantae
2857449	1	1	1	1	1	1		Allium ramosum	6	196	Liliopsida	Plantae
2857697	0	0	0	0	0	0		Allium cepa	6	196	Liliopsida	Plantae
2858909	3	3	1	1	1	1		Narcissus jonquilla	6	196	Liliopsida	Plantae
2858963	0	0	3	3	1	1		Narcissus tazetta	6	196	Liliopsida	Plantae
2865565	1	1	1	1	2	2		Lagarosiphon major	6	196	Liliopsida	Plantae
2867614	0	0	0	0	0	0	0.8928707157126314	Lemna minuta	6	196	Liliopsida	Plantae
2867631	0	0	0	0	0	0		Lemna turionifera	6	196	Liliopsida	Plantae
2869311	2	3	2	3	2	3		Lysichiton americanus	6	196	Liliopsida	Plantae
2870583	1	1	3	3	1	1		Pistia stratiotes	6	196	Liliopsida	Plantae
2873877	2	2	3	3	3	3		Linum austriacum	6	220	Magnoliopsida	Plantae
2873995	2	2	3	3	1	1		Isotrema macrophyllum	6	220	Magnoliopsida	Plantae
2874199	1	1	1	1	0	0		Passiflora caerulea	6	220	Magnoliopsida	Plantae
2874515	1	1	0	0	2	2		Cucurbita maxima	6	220	Magnoliopsida	Plantae
2874569	1	1	1	1	1	1		Cucumis sativus	6	220	Magnoliopsida	Plantae
2874574	1	1	1	1	1	1		Cucumis dipsaceus	6	220	Magnoliopsida	Plantae
2875968	2	2	2	2	2	2		Corylus colurna	6	220	Magnoliopsida	Plantae
2876049	0	0	0	0	2	2		Corylus maxima	6	220	Magnoliopsida	Plantae
2876571	0	0	0	0	0	0		Alnus pubescens	6	220	Magnoliopsida	Plantae
2876607	0	1	0	1	0	1	0.5959332624542542	Alnus cordata	6	220	Magnoliopsida	Plantae
2878826	0	0	0	0	0	0		Quercus pyrenaica	6	220	Magnoliopsida	Plantae
2879098	1	1	3	3	1	1		Quercus ilex	6	220	Magnoliopsida	Plantae
2880539	3	0	3	0	3	0	1.004610773760954	Quercus rubra	6	220	Magnoliopsida	Plantae
2880580	3	3	3	3	3	2	1.084795766953789	Quercus cerris	6	220	Magnoliopsida	Plantae
2882482	3	1	3	1	3	1	1.0701471252432186	Calluna vulgaris	6	220	Magnoliopsida	Plantae
2882631	0	0	0	0	0	0		Pieris japonica	6	220	Magnoliopsida	Plantae
2882841	2	2	1	1	1	1		Vaccinium macrocarpon	6	220	Magnoliopsida	Plantae
2882849	1	1	1	1	1	1		Vaccinium corymbosum	6	220	Magnoliopsida	Plantae
2888437	1	1	1	1	1	1		Papaver orientale	6	220	Magnoliopsida	Plantae
2888439	3	3	3	3	3	3	1.1878232498914854	Papaver somniferum	6	220	Magnoliopsida	Plantae
2888564	3	3	1	1	1	1		Lamprocapnos spectabilis	6	220	Magnoliopsida	Plantae
2888579	2	2	3	3	2	2		Leycesteria formosa	6	220	Magnoliopsida	Plantae
2888585	3	3	2	2	2	2		Viburnum tinus	6	220	Magnoliopsida	Plantae
2888625	1	3	1	2	1	3	0.6686635509004427	Viburnum rhytidophyllum	6	220	Magnoliopsida	Plantae
2888636	1	1	3	3	1	1		Symphoricarpos orbiculatus	6	220	Magnoliopsida	Plantae
2888706	0	0	3	3	3	3		Kolkwitzia amabilis	6	220	Magnoliopsida	Plantae
2888859	3	3	2	2	3	3		Muehlenbeckia complexa	6	220	Magnoliopsida	Plantae
2888867	3	3	1	1	1	1		Rheum rhabarbarum	6	220	Magnoliopsida	Plantae
2888948	1	1	1	1	1	1		Rumex alpinus	6	220	Magnoliopsida	Plantae
2888990	0	0	0	0	0	0		Rumex salicifolius	6	220	Magnoliopsida	Plantae
2889010	0	0	0	0	2	2		Rumex cristatus	6	220	Magnoliopsida	Plantae
2889037	0	0	2	2	1	1		Rumex rugosus	6	220	Magnoliopsida	Plantae
2889304	0	0	0	0	0	0		Persicaria capitata	6	220	Magnoliopsida	Plantae
2889934	2	3	2	3	0	2	1.0469301332828465	Tropaeolum majus	6	220	Magnoliopsida	Plantae
2889980	1	1	1	1	1	1		Geranium magnificum	6	220	Magnoliopsida	Plantae
2890541	0	0	0	1	0	1	0.7396336590839466	Geranium purpureum	6	220	Magnoliopsida	Plantae
2890739	3	3	2	2	2	2		Geranium versicolor	6	220	Magnoliopsida	Plantae
2890995	0	0	0	0	0	0		Geranium cantabrigiense	6	220	Magnoliopsida	Plantae
2891677	0	0	0	0	2	2		Oxalis dillenii	6	220	Magnoliopsida	Plantae
2891707	2	3	3	3	1	1		Oxalis debilis	6	220	Magnoliopsida	Plantae
2891755	2	2	2	2	1	1		Oxalis latifolia	6	220	Magnoliopsida	Plantae
2891774	1	1	3	3	2	3		Impatiens capensis	6	220	Magnoliopsida	Plantae
2891783	1	2	1	3	1	3	0.938876977702985	Impatiens balfourii	6	220	Magnoliopsida	Plantae
2913169	2	2	3	3	1	1		Galium parisiense	6	220	Magnoliopsida	Plantae
2925366	1	1	0	0	0	0		Clerodendrum trichotomum	6	220	Magnoliopsida	Plantae
2925496	3	3	1	1	3	3		Verbena rigida	6	220	Magnoliopsida	Plantae
2925816	3	3	1	1	2	2		Cynoglossum amabile	6	220	Magnoliopsida	Plantae
2925874	1	1	2	2	1	1		Amsinckia lycopsoides Lehm.	6	220	Magnoliopsida	Plantae
2926042	1	1	3	3	1	1		Nonea lutea	6	220	Magnoliopsida	Plantae
2926572	0	0	0	0	0	0		Physostegia virginiana	6	220	Magnoliopsida	Plantae
2926681	1	1	0	0	0	0		Lamium confertum	6	220	Magnoliopsida	Plantae
2926992	3	3	3	3	3	3		Salvia hispanica	6	220	Magnoliopsida	Plantae
2927303	3	3	2	2	2	2		Lavandula stoechas	6	220	Magnoliopsida	Plantae
2927492	0	0	0	0	0	0		Cuscuta gronovii	6	220	Magnoliopsida	Plantae
2927727	3	3	2	2	2	2		Phlox subulata	6	220	Magnoliopsida	Plantae
2928026	1	1	2	2	3	2		Nemophila menziesii	6	220	Magnoliopsida	Plantae
2928034	1	1	1	1	1	1		Nemophila maculata	6	220	Magnoliopsida	Plantae
2928238	0	0	3	3	1	1		Phacelia campanularia	6	220	Magnoliopsida	Plantae
2928589	0	0	0	0	0	0		Ipomoea tricolor	6	220	Magnoliopsida	Plantae
2928761	3	3	2	2	2	2		Nicotiana alata	6	220	Magnoliopsida	Plantae
2928859	1	1	1	1	1	1		Petunia atkinsiana	6	220	Magnoliopsida	Plantae
2928861	1	1	1	1	1	1		Petunia integrifolia	6	220	Magnoliopsida	Plantae
2930222	3	3	2	2	2	2		Solanum americanum	6	220	Magnoliopsida	Plantae
2931104	1	1	1	1	2	2		Solanum pseudocapsicum	6	220	Magnoliopsida	Plantae
2959443	3	3	2	2	2	2		Gleditsia triacanthos	6	220	Magnoliopsida	Plantae
2965354	1	2	1	2	1	1	0.9079692521317547	Medicago falcata	6	220	Magnoliopsida	Plantae
2971024	0	0	0	0	0	0		Melilotus officinalis (L.) Pallas	6	220	Magnoliopsida	Plantae
2975132	0	0	0	0	0	0		Vicia narbonensis	6	220	Magnoliopsida	Plantae
2984306	1	1	2	2	3	3		Gunnera tinctoria	6	220	Magnoliopsida	Plantae
2984676	2	2	2	2	3	3		Pachysandra terminalis	6	220	Magnoliopsida	Plantae
2985863	1	1	1	2	1	2	0.7224869471350843	Hylotelephium spectabile	6	220	Magnoliopsida	Plantae
2985964	0	0	3	3	1	1		Deutzia gracilis	6	220	Magnoliopsida	Plantae
2985965	1	1	2	3	3	3		Deutzia scabra	6	220	Magnoliopsida	Plantae
2985994	1	1	1	1	0	0		Hydrangea macrophylla	6	220	Magnoliopsida	Plantae
2985995	0	0	0	0	3	3		Hydrangea paniculata	6	220	Magnoliopsida	Plantae
2986022	1	1	0	0	0	0		Philadelphus pubescens	6	220	Magnoliopsida	Plantae
2986111	3	3	3	3	3	3		Ribes aureum	6	220	Magnoliopsida	Plantae
2986132	0	0	0	0	0	0		Ribes divaricatum	6	220	Magnoliopsida	Plantae
2987948	1	1	1	1	1	1		Neillia tanakae	6	220	Magnoliopsida	Plantae
2988188	0	3	0	2	0	3	0.7929733087402664	Pyracantha coccinea	6	220	Magnoliopsida	Plantae
2995149	3	3	1	2	1	3	0.945897144760698	Rubus phoenicolasius	6	220	Magnoliopsida	Plantae
2996525	2	3	2	2	3	2	0.98730752087314	Rubus armeniacus	6	220	Magnoliopsida	Plantae
3000406	3	3	2	3	2	3		Stranvaesia davidiana	6	220	Magnoliopsida	Plantae
3000610	1	3	1	2	1	2	0.8024225774964227	Chaenomeles japonica	6	220	Magnoliopsida	Plantae
3000679	1	1	3	3	2	2		Chaenomeles speciosa	6	220	Magnoliopsida	Plantae
3003244	1	1	1	1	1	1	0.7776720106572037	Rosa multiflora Thunb.	6	220	Magnoliopsida	Plantae
3003709	3	3	2	2	2	2		Rosa glauca	6	220	Magnoliopsida	Plantae
3011247	0	0	0	0	0	0		Rosa nitida	6	220	Magnoliopsida	Plantae
3012089	3	3	3	3	3	3	1.3514993826367034	Sorbaria sorbifolia	6	220	Magnoliopsida	Plantae
3012103	1	1	1	1	0	0		Sorbaria kirilowii	6	220	Magnoliopsida	Plantae
3020871	2	2	3	2	3	3		Prunus lusitanica	6	220	Magnoliopsida	Plantae
3021496	3	0	3	0	3	0	1.0567534048137364	Prunus laurocerasus	6	220	Magnoliopsida	Plantae
3021730	3	1	3	1	3	1	1.0859547543974113	Prunus cerasifera	6	220	Magnoliopsida	Plantae
3022203	0	0	0	0	0	0	0.8503721633836039	Prunus fruticans	6	220	Magnoliopsida	Plantae
3022609	3	3	2	2	1	1		Prunus serrulata	6	220	Magnoliopsida	Plantae
3022668	0	0	0	0	0	0		Prunus virginiana	6	220	Magnoliopsida	Plantae
3025605	0	0	0	0	0	0		Cotoneaster zabelii	6	220	Magnoliopsida	Plantae
3025617	0	2	1	2	1	2	0.7893306081765357	Cotoneaster horizontalis	6	220	Magnoliopsida	Plantae
3025896	1	2	1	1	1	1	0.7165694304426933	Cotoneaster dielsianus	6	220	Magnoliopsida	Plantae
3026004	0	0	0	0	0	0		Cotoneaster watereri	6	220	Magnoliopsida	Plantae
3026024	1	1	1	1	1	1		Cotoneaster ascendens	6	220	Magnoliopsida	Plantae
3026035	1	1	3	3	2	3		Cotoneaster coriaceus	6	220	Magnoliopsida	Plantae
3026049	2	2	2	2	2	2		Cotoneaster dammeri	6	220	Magnoliopsida	Plantae
3026074	3	1	2	1	2	1		Cotoneaster salicifolius	6	220	Magnoliopsida	Plantae
3026092	3	2	3	2	3	2	1.3765788797081182	Cotoneaster hjelmqvistii	6	220	Magnoliopsida	Plantae
3026107	2	2	1	1	2	2		Cotoneaster simonsii	6	220	Magnoliopsida	Plantae
3026162	1	0	1	0	1	0	0.666414942362278	Cotoneaster franchetii	6	220	Magnoliopsida	Plantae
3026294	1	1	1	1	1	1	0.8909119780083659	Cotoneaster bullatus	6	220	Magnoliopsida	Plantae
3026334	2	2	2	2	3	3		Cotoneaster divaricatus	6	220	Magnoliopsida	Plantae
3026454	1	2	1	1	1	2	0.9960502269859325	Spiraea salicifolia	6	220	Magnoliopsida	Plantae
3026622	0	0	0	0	0	0		Spiraea vanhouttei	6	220	Magnoliopsida	Plantae
3027341	0	0	0	0	0	0		Spiraea nipponica	6	220	Magnoliopsida	Plantae
3027791	1	1	1	1	1	1		Alchemilla micans	6	220	Magnoliopsida	Plantae
3028528	3	0	3	0	3	0	1.1473153229993929	Alchemilla mollis	6	220	Magnoliopsida	Plantae
3032611	3	3	1	1	3	3		Darmera peltata	6	220	Magnoliopsida	Plantae
3032653	1	1	3	3	1	1		Heuchera sanguinea	6	220	Magnoliopsida	Plantae
3032762	0	0	0	0	0	0		Saxifraga stolonifera	6	220	Magnoliopsida	Plantae
3033077	1	3	1	2	1	2	0.8584624488098198	Aucuba japonica	6	220	Magnoliopsida	Plantae
3033242	3	3	3	3	3	3	1.4663182952617175	Anemone blanda	6	220	Magnoliopsida	Plantae
3033261	3	3	3	3	2	2		Anemone coronaria	6	220	Magnoliopsida	Plantae
3033535	1	1	1	1	1	1		Clematis tangutica	6	220	Magnoliopsida	Plantae
3033865	0	1	0	1	0	1	0.6620920020036772	Mahonia aquifolium	6	220	Magnoliopsida	Plantae
3033896	1	2	1	3	1	3	0.8663097690664816	Berberis thunbergii	6	220	Magnoliopsida	Plantae
3033965	0	0	0	0	0	0		Akebia quinata	6	220	Magnoliopsida	Plantae
3034015	3	3	2	3	3	3		Laurus nobilis	6	220	Magnoliopsida	Plantae
3034782	3	3	3	3	1	1		Smyrnium olusatrum	6	220	Magnoliopsida	Plantae
3036033	2	2	3	3	3	3		Hedera colchica	6	220	Magnoliopsida	Plantae
3036892	1	1	1	1	0	0		Aralia elata	6	220	Magnoliopsida	Plantae
3039046	1	1	1	1	1	1		Fatsia japonica	6	220	Magnoliopsida	Plantae
3039194	3	2	3	2	3	2	1.0567722736316627	Parthenocissus quinquefolia	6	220	Magnoliopsida	Plantae
3039267	1	1	1	1	3	3		Elaeagnus umbellata	6	220	Magnoliopsida	Plantae
3039270	1	1	1	1	1	1		Elaeagnus pungens	6	220	Magnoliopsida	Plantae
3040184	2	2	1	1	2	2		Populus balsamifera	6	220	Magnoliopsida	Plantae
3040185	0	1	0	1	0	1	0.8758096999453208	Populus canescens	6	220	Magnoliopsida	Plantae
3040232	1	1	1	1	0	0		Populus deltoides	6	220	Magnoliopsida	Plantae
3040233	0	1	0	1	0	1	0.8493410590634869	Populus alba	6	220	Magnoliopsida	Plantae
3040241	0	0	0	0	0	0		Populus jackii	6	220	Magnoliopsida	Plantae
3040999	0	0	0	0	0	0		Raphanus raphanistrum landra	6	220	Magnoliopsida	Plantae
3042845	3	1	3	1	3	1	1.0516649051671996	Brassica oleracea	6	220	Magnoliopsida	Plantae
3044912	0	0	0	0	0	0		Alyssum montanum	6	220	Magnoliopsida	Plantae
3046744	0	0	0	0	0	0		Sisymbrium volgense	6	220	Magnoliopsida	Plantae
3046765	0	0	0	0	0	0		Sisymbrium erysimoides	6	220	Magnoliopsida	Plantae
3054117	3	3	3	3	3	2	2.072351488536328	Aubrieta deltoidea	6	220	Magnoliopsida	Plantae
3054352	1	1	1	1	0	0		Juglans cinerea	6	220	Magnoliopsida	Plantae
3054357	3	1	3	1	3	1	1.0443027788215016	Juglans nigra	6	220	Magnoliopsida	Plantae
3054368	0	1	0	1	0	1	0.6675818087026317	Juglans regia	6	220	Magnoliopsida	Plantae
3064221	0	0	0	0	3	3		Euphorbia serpens	6	220	Magnoliopsida	Plantae
3064669	1	1	1	1	3	3		Euphorbia myrsinites	6	220	Magnoliopsida	Plantae
3067119	0	2	0	2	0	2	0.6032158034146199	Euphorbia maculata	6	220	Magnoliopsida	Plantae
3067353	3	3	3	3	3	3		Euphorbia characias	6	220	Magnoliopsida	Plantae
3067891	1	1	1	1	1	3	0.7168008008844334	Euphorbia prostrata	6	220	Magnoliopsida	Plantae
3069053	0	0	0	0	0	0		Euphorbia verrucosa	6	220	Magnoliopsida	Plantae
3069300	0	0	0	0	0	0		Euphorbia vermiculata	6	220	Magnoliopsida	Plantae
3082279	1	1	1	1	3	3		Ceratostigma plumbaginoides	6	220	Magnoliopsida	Plantae
3083680	1	1	3	3	3	3		Atriplex micrantha	6	220	Magnoliopsida	Plantae
3083935	1	1	1	1	1	1		Chenopodium quinoa	6	220	Magnoliopsida	Plantae
3084015	3	2	3	2	3	3	1.088963864633973	Phytolacca americana	6	220	Magnoliopsida	Plantae
3084022	3	3	3	3	3	3	1.1333186325111448	Phytolacca acinosa	6	220	Magnoliopsida	Plantae
3085357	3	3	3	2	3	3	1.2047534231821282	Saponaria ocymoides	6	220	Magnoliopsida	Plantae
3085420	3	3	1	1	3	3		Dianthus caryophyllus	6	220	Magnoliopsida	Plantae
3088310	2	2	3	3	3	3		Petasites japonicus	6	220	Magnoliopsida	Plantae
3088488	2	2	3	2	3	3		Tagetes erecta	6	220	Magnoliopsida	Plantae
3095939	0	0	0	0	0	0		Erigeron huelsenii	6	220	Magnoliopsida	Plantae
3096529	1	1	0	0	0	0		Mauranthemum paludosum	6	220	Magnoliopsida	Plantae
3097496	1	1	0	0	0	0		Leptinella dispersa	6	220	Magnoliopsida	Plantae
3098912	3	3	3	3	3	3	1.463027461893128	Cosmos bipinnatus	6	220	Magnoliopsida	Plantae
3098951	3	3	3	3	2	2		Cosmos sulphureus	6	220	Magnoliopsida	Plantae
3104106	3	1	3	3	3	3		Sanvitalia procumbens	6	220	Magnoliopsida	Plantae
3104314	0	0	3	3	1	1		Liatris spicata	6	220	Magnoliopsida	Plantae
3104491	1	1	1	1	1	1		Argyranthemum frutescens	6	220	Magnoliopsida	Plantae
3105508	1	1	1	1	1	1		Andryala integrifolia	6	220	Magnoliopsida	Plantae
3105768	1	1	0	0	3	3		Sonchus tenerrimus	6	220	Magnoliopsida	Plantae
3111754	3	3	2	2	1	1		Zinnia elegans	6	220	Magnoliopsida	Plantae
3112361	3	3	1	1	1	1		Cynara scolymus	6	220	Magnoliopsida	Plantae
3112364	1	1	3	3	3	3		Cynara cardunculus	6	220	Magnoliopsida	Plantae
3113637	1	1	0	0	0	0		Cirsium rivulare	6	220	Magnoliopsida	Plantae
3120790	1	1	2	2	3	3		Artemisia verlotiorum	6	220	Magnoliopsida	Plantae
3121088	2	2	1	1	1	1		Artemisia alba	6	220	Magnoliopsida	Plantae
3123262	0	0	0	0	0	0		Pilosella flagellaris	6	220	Magnoliopsida	Plantae
3127837	0	0	0	0	0	0		Centaurea hyalolepis	6	220	Magnoliopsida	Plantae
3128225	1	1	1	1	1	1	0.9915159713460514	Centaurea nigra	6	220	Magnoliopsida	Plantae
3128888	1	1	1	1	1	1		Centaurea solstitialis	6	220	Magnoliopsida	Plantae
3133887	3	3	3	3	3	3		Coreopsis verticillata	6	220	Magnoliopsida	Plantae
3133938	3	3	3	3	2	2		Coreopsis lanceolata	6	220	Magnoliopsida	Plantae
3134867	0	0	3	3	3	3		Catananche caerulea	6	220	Magnoliopsida	Plantae
3136320	3	2	3	2	3	2	1.1674209847475023	Hieracium amplexicaule	6	220	Magnoliopsida	Plantae
3139003	1	1	1	1	0	0		Melampodium montanum	6	220	Magnoliopsida	Plantae
3140436	3	3	3	3	2	3		Lactuca macrophylla	6	220	Magnoliopsida	Plantae
3146683	2	1	2	1	2	1	0.979275468825339	Erigeron sumatrensis	6	220	Magnoliopsida	Plantae
3147018	0	2	0	2	0	3	0.5285268426858534	Erigeron floribundus	6	220	Magnoliopsida	Plantae
3147168	3	3	3	3	3	2	1.0628596649946105	Erigeron karvinskianus	6	220	Magnoliopsida	Plantae
3147913	0	0	0	0	0	0		Verbesina encelioides	6	220	Magnoliopsida	Plantae
3151692	0	0	0	0	0	0		Symphyotrichum ciliatum	6	220	Magnoliopsida	Plantae
3152583	3	3	3	3	3	3	1.407941202565104	Hibiscus syriacus	6	220	Magnoliopsida	Plantae
3152816	0	0	0	0	0	0		Platanus orientalis	6	220	Magnoliopsida	Plantae
3152824	3	3	2	2	1	1		Liquidambar styraciflua	6	220	Magnoliopsida	Plantae
3152861	3	3	2	2	2	2		Liriodendron tulipifera	6	220	Magnoliopsida	Plantae
3164340	1	1	1	1	1	1		Platycodon grandiflorus	6	220	Magnoliopsida	Plantae
3169120	0	0	0	0	0	0		Euonymus alatus	6	220	Magnoliopsida	Plantae
3169137	3	3	2	2	3	2		Euonymus fortunei	6	220	Magnoliopsida	Plantae
3169329	0	0	0	0	0	0		Androsace maxima	6	220	Magnoliopsida	Plantae
3169331	1	1	1	1	0	0		Lysimachia clethroides	6	220	Magnoliopsida	Plantae
3169756	3	3	1	1	3	3		Nerium oleander	6	220	Magnoliopsida	Plantae
3170040	3	2	2	3	2	3		Gentiana lutea	6	220	Magnoliopsida	Plantae
3170247	3	3	2	2	1	1		Asclepias syriaca	6	220	Magnoliopsida	Plantae
3170823	0	0	0	0	0	0	0.8452805452540233	Paulownia tomentosa	6	220	Magnoliopsida	Plantae
3171888	0	0	0	0	0	0		Lindernia dubia	6	220	Magnoliopsida	Plantae
3171952	3	3	1	1	1	1		Verbascum speciosum	6	220	Magnoliopsida	Plantae
3172068	3	3	2	2	3	3		Veronica cymbalaria	6	220	Magnoliopsida	Plantae
3172266	3	3	2	2	2	2		Jasminum nudiflorum	6	220	Magnoliopsida	Plantae
3172291	0	1	0	1	0	1	0.772392102264735	Ligustrum ovalifolium	6	220	Magnoliopsida	Plantae
3172343	0	0	0	0	0	0		Fraxinus latifolia	6	220	Magnoliopsida	Plantae
3172549	2	2	3	3	1	1		Campsis radicans	6	220	Magnoliopsida	Plantae
3172613	0	0	0	0	0	0		Catalpa ovata	6	220	Magnoliopsida	Plantae
3172615	0	1	0	1	0	2	0.7946530977730988	Catalpa bignonioides	6	220	Magnoliopsida	Plantae
3188859	1	1	1	1	1	1		Oenothera speciosa	6	220	Magnoliopsida	Plantae
3188896	0	0	0	0	0	0		Oenothera villosa	6	220	Magnoliopsida	Plantae
3189073	1	3	1	3	1	2	0.9201328074289756	Epilobium brachycarpum	6	220	Magnoliopsida	Plantae
3189815	1	1	1	1	1	1	0.9455230027729378	Aesculus hippocastanum	6	220	Magnoliopsida	Plantae
3189824	0	0	0	0	0	0		Aesculus flava	6	220	Magnoliopsida	Plantae
3189837	2	3	2	3	2	3	0.9357531537570585	Acer saccharinum	6	220	Magnoliopsida	Plantae
3189843	3	3	2	2	2	2		Acer tataricum	6	220	Magnoliopsida	Plantae
3189866	0	0	0	0	0	0	0.7436911987094464	Acer negundo	6	220	Magnoliopsida	Plantae
3189882	1	1	1	1	3	3		Acer palmatum	6	220	Magnoliopsida	Plantae
3189883	0	0	0	0	0	0		Acer rubrum	6	220	Magnoliopsida	Plantae
3190411	3	2	2	2	2	2		Ptelea trifoliata	6	220	Magnoliopsida	Plantae
3190522	3	3	3	3	3	3		Cotinus coggygria	6	220	Magnoliopsida	Plantae
3190544	3	3	1	1	1	1		Rhus glabra	6	220	Magnoliopsida	Plantae
3190653	1	1	1	1	1	1	0.9277422517364354	Ailanthus altissima	6	220	Magnoliopsida	Plantae
3586046	0	0	0	0	3	3		Gladiolus hortulanus	6	196	Liliopsida	Plantae
3602683	0	0	0	0	0	0	0.545883927831186	Papaver cambricum	6	220	Magnoliopsida	Plantae
3631129	0	0	0	0	3	3		Eryngium giganteum	6	220	Magnoliopsida	Plantae
3633319	0	0	0	0	0	0		Tordylium maximum	6	220	Magnoliopsida	Plantae
3638793	0	0	0	0	0	0		Bupleurum fruticosum	6	220	Magnoliopsida	Plantae
3642339	0	0	0	0	0	0		Chaerophyllum byzantinum	6	220	Magnoliopsida	Plantae
3642531	3	3	1	1	1	1		Chaerophyllum aureum	6	220	Magnoliopsida	Plantae
3646556	0	0	0	0	0	0		Pterostyrax hispidus	6	220	Magnoliopsida	Plantae
3663237	1	1	1	1	1	1		Cornus sanguinea australis	6	220	Magnoliopsida	Plantae
3664287	1	1	1	1	0	0		Oenothera casimiri	6	220	Magnoliopsida	Plantae
3664589	3	3	3	2	3	3		Oenothera lindheimeri	6	220	Magnoliopsida	Plantae
3666422	2	2	1	1	2	2		Chamaenerion dodonaei	6	220	Magnoliopsida	Plantae
3666776	2	2	2	2	1	1		Oenothera ersteinensis	6	220	Magnoliopsida	Plantae
3667721	0	0	0	0	0	0		Oenothera wratislaviensis	6	220	Magnoliopsida	Plantae
3690997	1	1	3	3	2	3		Cardamine occulta	6	220	Magnoliopsida	Plantae
3693336	0	0	0	0	0	0		Rorippa anceps	6	220	Magnoliopsida	Plantae
3707631	1	1	1	1	1	1		Delosperma aberdeenense	6	220	Magnoliopsida	Plantae
3740974	0	0	0	0	0	0		Verbascum brockmuelleri	6	220	Magnoliopsida	Plantae
3741446	1	1	2	2	2	2		Erinus alpinus	6	220	Magnoliopsida	Plantae
3753098	0	0	0	0	0	0		Saxifraga cymbalaria	6	220	Magnoliopsida	Plantae
3767816	1	1	1	1	1	1		Acer japonicum	6	220	Magnoliopsida	Plantae
3797084	3	3	3	3	3	2	1.0654641394741198	Alkekengi officinarum	6	220	Magnoliopsida	Plantae
3886505	3	3	3	3	2	3		Phlomis russeliana	6	220	Magnoliopsida	Plantae
3896282	1	1	1	1	1	1		Teucrium hircanicum	6	220	Magnoliopsida	Plantae
3924221	1	1	1	1	1	1		Helleborus argutifolius	6	220	Magnoliopsida	Plantae
3981543	3	3	3	3	3	3		Berberis julianae	6	220	Magnoliopsida	Plantae
4038485	0	2	0	2	0	1	0.6065805872748133	Reynoutria bohemica	6	220	Magnoliopsida	Plantae
4067302	3	3	1	1	3	3		Symphytum grandiflorum	6	220	Magnoliopsida	Plantae
4102952	3	3	3	3	3	3		Knautia macedonica	6	220	Magnoliopsida	Plantae
4121791	0	0	0	0	0	0		Molinia arundinacea	6	196	Liliopsida	Plantae
4125930	0	0	0	0	0	0		Agropogon lutosus	6	196	Liliopsida	Plantae
4129181	0	0	3	3	1	1		Festuca ambigua	6	196	Liliopsida	Plantae
4201607	1	1	1	1	1	1	0.9248851950595025	Phedimus spurius	6	220	Magnoliopsida	Plantae
4201688	1	1	3	3	3	3		Phedimus kamtschaticus	6	220	Magnoliopsida	Plantae
4201695	3	3	2	2	1	1		Phedimus hybridus	6	220	Magnoliopsida	Plantae
4259350	1	1	2	2	1	1		Tilia tomentosa	6	220	Magnoliopsida	Plantae
4264680	3	2	3	3	3	3	1.0381126540848242	Myocastor coypus	1	359	Mammalia	Animalia
4285968	0	0	0	0	0	0		Ponticola kessleri	1			Animalia
4314683	1	2	1	2	1	1	0.9619532196042362	Chelicorophium curvispinum	1	229	Malacostraca	Animalia
4315705	3	2	3	2	3	1	1.0343085498547575	Dikerogammarus villosus	1	229	Malacostraca	Animalia
4352332	1	1	1	1	1	1		Phoenicopterus roseus	1	212	Aves	Animalia
4400961	1	1	1	1	1	1		Badonnelia titei	1	216	Insecta	Animalia
4409643	1	0	1	0	1	0	0.7022816427863036	Leuciscus idus	1			Animalia
4410088	0	0	0	0	0	0		Quistadrilus multisetosus	1	255	Clitellata	Animalia
4427283	3	3	1	1	1	1		Anthrenocerus australis	1	216	Insecta	Animalia
4427319	3	3	3	3	3	3		Anthrenus angustefasciatus	1	216	Insecta	Animalia
4460066	3	0	3	0	3	0	1.67044833371201	Chrysolina americana	1	216	Insecta	Animalia
4470640	1	1	1	1	1	1		Carabus rutilans	1	216	Insecta	Animalia
4483961	3	3	2	2	3	3		Viridicerus ustulatus	1	216	Insecta	Animalia
4484176	3	3	3	3	3	3		Cacopsylla fulguralis	1	216	Insecta	Animalia
4485843	1	1	3	3	3	3		Halyomorpha halys	1	216	Insecta	Animalia
4486243	3	3	2	2	3	3		Oxycarenus lavaterae	1	216	Insecta	Animalia
4486297	1	1	1	1	1	1		Arocatus longiceps	1	216	Insecta	Animalia
4486365	1	1	1	1	3	3		Nysius huttoni	1	216	Insecta	Animalia
4486382	1	1	1	1	1	1		Orsillus depressus	1	216	Insecta	Animalia
4487661	0	0	0	0	0	0		Dichrooscytus intermedius	1	216	Insecta	Animalia
4488821	3	3	1	1	3	3		Deraeocoris flavilinea	1	216	Insecta	Animalia
4496869	0	0	0	0	0	0		Neuroterus saliens	1	216	Insecta	Animalia
4497054	1	1	1	1	0	0		Andricus lignicolus	1	216	Insecta	Animalia
4497124	1	1	1	1	2	2		Andricus quercuscalicis	1	216	Insecta	Animalia
4497180	0	0	0	0	3	3		Andricus aries	1	216	Insecta	Animalia
4532122	3	3	3	3	3	3		Cydalima perspectalis	1	216	Insecta	Animalia
4553805	0	0	0	0	0	0		Euscorpius carpathicus	1	367	Arachnida	Animalia
4559541	1	1	1	1	0	0		Sinanodonta woodiana	1	137	Bivalvia	Animalia
4562529	3	3	3	3	3	3		Morlina glabra	1	225	Gastropoda	Animalia
4565039	3	3	3	3	2	2		Hygromia cinctella	1	225	Gastropoda	Animalia
4565061	3	1	1	1	3	3		Cernuella neglecta	1	225	Gastropoda	Animalia
4567717	3	2	3	3	2	2		Boettgerilla pallens	1	225	Gastropoda	Animalia
4568269	3	3	3	3	3	3		Paralaoma servilis	1	225	Gastropoda	Animalia
4845776	0	0	0	0	0	0		Lonchura oryzivora	1	212	Aves	Animalia
4925890	3	3	3	3	3	3		Acer tataricum ginnala	6	220	Magnoliopsida	Plantae
4932232	1	1	1	1	0	0		Dactylis glomerata lobata	6	196	Liliopsida	Plantae
4933624	1	1	1	1	1	1	0.41623053782978303	Inula racemosa	6	220	Magnoliopsida	Plantae
4938682	0	0	2	2	2	2		Larix marschlinsii	6	194	Pinopsida	Plantae
4989904	1	1	1	1	1	1	0.6988776831294301	Harmonia axyridis	1	216	Insecta	Animalia
4990175	1	1	1	1	1	1		Rhyzobius lophanthae	1	216	Insecta	Animalia
4990176	3	3	1	1	1	1		Rhyzobius forestieri	1	216	Insecta	Animalia
5123474	3	3	2	2	2	2		Anthophila nemorana	1	216	Insecta	Animalia
5124716	0	0	0	0	0	0		Attacus atlas	1	216	Insecta	Animalia
5130444	1	1	1	1	1	1		Junonia iphita	1	216	Insecta	Animalia
5151589	1	1	1	1	3	3		Blatta orientalis	1	216	Insecta	Animalia
5152536	1	1	1	1	1	1		Gastrodes abietum	1	216	Insecta	Animalia
5154481	3	2	3	3	2	2		Stictocephala bisonia	1	216	Insecta	Animalia
5156102	0	0	0	0	0	0	0.766453833371023	Leptoglossus occidentalis	1	216	Insecta	Animalia
5177089	2	2	1	1	1	1		Jaera istri	1	229	Malacostraca	Animalia
5179027	3	3	3	3	2	3		Scutigera coleoptrata	1	360	Chilopoda	Animalia
5189032	1	1	1	1	3	3		Corbicula fluminalis	1	137	Bivalvia	Animalia
5189713	0	0	0	0	0	0		Menetus dilatatus	1	225	Gastropoda	Animalia
5199161	2	2	2	2	1	1		Hypania invalida	1	256	Polychaeta	Animalia
5217334	1	1	0	0	3	3		Xenopus laevis	1	131	Amphibia	Animalia
5218786	0	0	0	0	0	0	0.7101961860279007	Procyon lotor	1	359	Mammalia	Animalia
5219681	1	1	1	1	1	1		Sciurus carolinensis	1	359	Mammalia	Animalia
5219683	0	0	0	0	0	0		Sciurus niger	1	359	Mammalia	Animalia
5219858	1	0	1	0	1	0	0.9025459282570665	Ondatra zibethicus	1	359	Mammalia	Animalia
5220136	3	2	3	3	3	3		Dama dama	1	359	Mammalia	Animalia
5220170	3	3	1	1	3	3		Rupicapra rupicapra	1	359	Mammalia	Animalia
5227775	1	1	1	1	1	1		Phasianus versicolor	1	212	Aves	Animalia
5227966	0	0	0	0	0	0		Lophura nycthemera	1	212	Aves	Animalia
5228034	1	1	1	1	0	0		Chrysolophus pictus	1	212	Aves	Animalia
5228080	0	0	0	0	0	0		Callipepla californica	1	212	Aves	Animalia
5228229	3	3	2	3	2	2		Balearica regulorum	1	212	Aves	Animalia
5229044	0	0	0	0	0	0		Psittacula cyanocephala	1	212	Aves	Animalia
5229055	1	1	1	1	0	0		Psittacula eupatria	1	212	Aves	Animalia
5229134	3	3	1	1	1	1		Vanellus miles	1	212	Aves	Animalia
5229156	1	1	1	1	0	0		Pelecanus conspicillatus	1	212	Aves	Animalia
5229203	0	0	0	0	0	0		Bostrychia hagedash	1	212	Aves	Animalia
5229205	1	1	1	1	1	1		Eudocimus albus	1	212	Aves	Animalia
5231398	0	0	0	0	0	0		Leiothrix lutea	1	212	Aves	Animalia
5232428	1	1	2	2	1	1		Chloephaga picta	1	212	Aves	Animalia
5232435	1	1	0	0	0	0		Malacorhynchus membranaceus	1	212	Aves	Animalia
5232437	0	0	0	0	0	0	0.9674531686751346	Branta canadensis	1	212	Aves	Animalia
5232452	0	0	0	0	0	0	0.576698950377583	Branta hutchinsii	1	212	Aves	Animalia
5281901	3	3	3	3	3	3	1.068932519613374	Campylopus introflexus	6	327	Bryopsida	Plantae
5284231	1	1	1	1	3	3		Metasequoia glyptostroboides	6	194	Pinopsida	Plantae
5284237	2	2	3	3	1	1		Cryptomeria japonica	6	194	Pinopsida	Plantae
5284698	3	3	2	2	3	3		Cedrus deodara	6	194	Pinopsida	Plantae
5284702	3	3	3	3	2	2		Cedrus atlantica	6	194	Pinopsida	Plantae
5284809	0	2	0	2	0	2	0.7759402742737256	Pinus nigra	6	194	Pinopsida	Plantae
5284827	1	2	1	2	1	2	0.9834688529666824	Picea sitchensis	6	194	Pinopsida	Plantae
5284884	1	1	1	1	1	1	0.8568870404620201	Picea abies	6	194	Pinopsida	Plantae
5284950	1	1	1	1	1	1		Picea omorika	6	194	Pinopsida	Plantae
5284982	2	2	2	3	3	3		Pinus strobus	6	194	Pinopsida	Plantae
5285053	0	0	0	0	0	0		Pinus ponderosa	6	194	Pinopsida	Plantae
5285074	0	0	0	0	0	0		Pinus wallichiana	6	194	Pinopsida	Plantae
5285385	0	0	0	0	0	0		Pinus mugo	6	194	Pinopsida	Plantae
5285635	0	0	0	0	0	0		Pinus rigida	6	194	Pinopsida	Plantae
5285637	3	3	3	3	3	3	1.0212785550558197	Pinus sylvestris	6	194	Pinopsida	Plantae
5289666	1	1	1	1	3	2		Setaria faberi	6	196	Liliopsida	Plantae
5289686	0	0	0	0	0	0	0.7877863986159896	Setaria verticillata	6	196	Liliopsida	Plantae
5289764	0	0	0	0	0	0		Gastridium ventricosum	6	196	Liliopsida	Plantae
5295044	1	1	0	0	0	0		Smilax aspera	6	196	Liliopsida	Plantae
5296218	0	0	0	0	0	0		Sisyrinchium californicum	6	196	Liliopsida	Plantae
5298765	3	3	3	3	1	1		Iris foetidissima	6	196	Liliopsida	Plantae
5300102	0	0	0	0	3	3		Gagea pratensis	6	196	Liliopsida	Plantae
5304187	1	1	3	3	1	1		Triteleia laxa	6	196	Liliopsida	Plantae
5304294	2	2	1	1	1	1		Hyacinthoides massartiana	6	196	Liliopsida	Plantae
5305162	1	1	0	0	0	0		Kniphofia praecox	6	196	Liliopsida	Plantae
5324959	1	1	3	2	3	3		Himantoglossum robertianum	6	196	Liliopsida	Plantae
5328909	3	3	3	3	1	1		Sagittaria latifolia	6	196	Liliopsida	Plantae
5329263	3	3	2	2	3	3		Elodea densa	6	196	Liliopsida	Plantae
5330661	3	0	3	0	3	0	1.2480910110341048	Arum italicum	6	196	Liliopsida	Plantae
5332004	0	0	0	0	0	0		Betula nana	6	220	Magnoliopsida	Plantae
5332120	0	0	0	0	0	0		Betula papyrifera	6	220	Magnoliopsida	Plantae
5332305	3	3	1	1	1	1		Ostrya carpinifolia	6	220	Magnoliopsida	Plantae
5333354	0	0	0	0	0	0		Leucothoe fontanesiana	6	220	Magnoliopsida	Plantae
5334194	0	0	3	3	1	1		Macleaya cordata	6	220	Magnoliopsida	Plantae
5334239	0	0	0	0	0	0		Lonicera sempervirens	6	220	Magnoliopsida	Plantae
5334240	3	3	2	2	3	3		Lonicera japonica	6	220	Magnoliopsida	Plantae
5334247	1	1	1	1	1	1		Lonicera etrusca	6	220	Magnoliopsida	Plantae
5334253	0	0	0	0	0	0		Lonicera involucrata	6	220	Magnoliopsida	Plantae
5334527	0	0	3	3	1	1		Limnanthes douglasii	6	220	Magnoliopsida	Plantae
5341187	1	1	1	1	1	1		Myosotis alpestris	6	220	Magnoliopsida	Plantae
5341201	1	1	3	3	2	2		Anchusa officinalis	6	220	Magnoliopsida	Plantae
5341497	2	2	3	3	2	2		Nepeta racemosa	6	220	Magnoliopsida	Plantae
5341548	1	1	1	1	0	0		Gilia capitata	6	220	Magnoliopsida	Plantae
5341558	0	0	0	0	0	0		Gilia tricolor	6	220	Magnoliopsida	Plantae
5353590	3	3	1	1	1	1		Cercis siliquastrum	6	220	Magnoliopsida	Plantae
5355395	3	3	2	2	3	3		Spartium junceum	6	220	Magnoliopsida	Plantae
5356541	0	0	0	0	0	0		Lathyrus heterophyllus	6	220	Magnoliopsida	Plantae
5358907	2	2	2	2	1	1		Trifolium alexandrinum	6	220	Magnoliopsida	Plantae
5359169	0	0	0	0	0	0		Trifolium michelianum	6	220	Magnoliopsida	Plantae
5359249	0	0	0	0	0	0		Trifolium rubens	6	220	Magnoliopsida	Plantae
5361762	1	1	1	1	0	0		Myriophyllum heterophyllum	6	220	Magnoliopsida	Plantae
5361785	1	2	1	3	1	3	0.9364222705293717	Myriophyllum aquaticum	6	220	Magnoliopsida	Plantae
5361888	0	0	0	0	2	2		Morus nigra	6	220	Magnoliopsida	Plantae
5362004	3	3	1	1	1	1		Sedum sarmentosum	6	220	Magnoliopsida	Plantae
5362054	3	3	3	3	3	3	1.161542605977662	Crassula helmsii	6	220	Magnoliopsida	Plantae
5362573	0	1	0	1	0	1	0.9187679264284174	Pyrus communis	6	220	Magnoliopsida	Plantae
5365705	0	1	0	1	0	1	0.886409246762208	Potentilla intermedia	6	220	Magnoliopsida	Plantae
5366327	2	2	1	1	1	1		Potentilla montana	6	220	Magnoliopsida	Plantae
5367294	3	0	3	0	3	0	1.2414189071798123	Potentilla recta	6	220	Magnoliopsida	Plantae
5369784	3	2	3	3	3	3		Geum macrophyllum	6	220	Magnoliopsida	Plantae
5370006	1	1	1	1	0	0		Geum ternatum	6	220	Magnoliopsida	Plantae
5372639	1	3	1	3	1	2	0.6652065717292135	Salix babylonica	6	220	Magnoliopsida	Plantae
5372655	3	3	3	3	2	2		Salix eleagnos	6	220	Magnoliopsida	Plantae
5372875	0	0	0	0	0	0		Salix myrsinifolia	6	220	Magnoliopsida	Plantae
5373039	0	0	0	0	0	0		Salix sepulcralis chrysocoma	6	220	Magnoliopsida	Plantae
5373124	1	1	1	1	1	1		Malcolmia maritima (L.) W.T.Aiton	6	220	Magnoliopsida	Plantae
5375020	3	3	3	3	2	2		Arabis alpina	6	220	Magnoliopsida	Plantae
5376035	1	1	1	1	1	1		Moricandia arvensis	6	220	Magnoliopsida	Plantae
5376179	0	0	0	0	0	0		Hornungia petraea	6	220	Magnoliopsida	Plantae
5377163	3	3	3	3	2	2		Iberis amara	6	220	Magnoliopsida	Plantae
5377196	0	0	0	0	0	0		Iberis odorata	6	220	Magnoliopsida	Plantae
5384361	1	1	2	2	2	2		Amaranthus bouchonii	6	220	Magnoliopsida	Plantae
5384390	1	1	1	1	3	3		Amaranthus cruentus	6	220	Magnoliopsida	Plantae
5384393	0	0	0	0	0	0		Amaranthus palmeri	6	220	Magnoliopsida	Plantae
5384932	1	1	3	3	2	2		Saururus cernuus	6	220	Magnoliopsida	Plantae
5384950	0	0	0	0	0	0		Eclipta prostrata	6	220	Magnoliopsida	Plantae
5387098	0	0	0	0	0	0		Dahlia coccinea	6	220	Magnoliopsida	Plantae
5387396	1	1	1	1	1	1		Aster alpinus	6	220	Magnoliopsida	Plantae
5391928	1	1	3	3	2	2		Bidens triplinervia	6	220	Magnoliopsida	Plantae
5392145	3	3	1	1	1	1		Bidens radiata	6	220	Magnoliopsida	Plantae
5402363	0	0	0	0	0	0		Dimorphotheca pluvialis	6	220	Magnoliopsida	Plantae
5403605	2	3	1	1	1	1		Crepis sancta	6	220	Magnoliopsida	Plantae
5406741	0	0	0	0	3	3		Sida spinosa	6	220	Magnoliopsida	Plantae
5410151	1	3	1	2	1	3	0.6769275091159483	Campanula poscharskyana	6	220	Magnoliopsida	Plantae
5410411	1	3	1	2	1	3	0.8818215820682338	Campanula portenschlagiana	6	220	Magnoliopsida	Plantae
5410661	0	0	0	0	0	0		Campanula pyramidalis	6	220	Magnoliopsida	Plantae
5411353	0	0	0	0	0	0		Campanula garganica	6	220	Magnoliopsida	Plantae
5411453	0	0	3	3	1	1		Campanula medium	6	220	Magnoliopsida	Plantae
5414976	1	1	1	1	0	0		Bellardia trixago	6	220	Magnoliopsida	Plantae
5414991	1	1	1	1	1	1		Digitalis ferruginea	6	220	Magnoliopsida	Plantae
5415012	3	3	2	2	3	3		Linaria purpurea	6	220	Magnoliopsida	Plantae
5415054	2	2	2	2	1	1		Forsythia intermedia	6	220	Magnoliopsida	Plantae
5415455	3	3	2	2	1	1		Acanthus mollis	6	220	Magnoliopsida	Plantae
5420991	2	2	1	1	2	2		Ludwigia peploides	6	220	Magnoliopsida	Plantae
5421039	3	1	3	1	3	1	1.0825489833737894	Ludwigia grandiflora	6	220	Magnoliopsida	Plantae
5421040	0	0	0	0	0	0		Ludwigia hexapetala	6	220	Magnoliopsida	Plantae
5421180	1	1	1	1	1	1		Koelreuteria paniculata	6	220	Magnoliopsida	Plantae
5421389	1	1	0	0	0	0		Sarracenia purpurea	6	220	Magnoliopsida	Plantae
5545159	0	0	0	0	0	0		Ludwigia peploides montevidensis	6	220	Magnoliopsida	Plantae
5559837	2	3	1	1	3	1		Cymbalaria pallida	6	220	Magnoliopsida	Plantae
5561475	3	3	1	1	3	3		Chaenostoma cordatum	6	220	Magnoliopsida	Plantae
5567694	2	2	1	1	2	2		Bergenia crassifolia	6	220	Magnoliopsida	Plantae
5582033	1	1	2	2	2	3		Salix udensis	6	220	Magnoliopsida	Plantae
5584611	3	3	3	3	3	2		Silene chalcedonica	6	220	Magnoliopsida	Plantae
5587240	1	1	1	1	1	1		Silene vulgaris vulgaris	6	220	Magnoliopsida	Plantae
5598598	3	3	1	1	3	3		Lonicera acuminata	6	220	Magnoliopsida	Plantae
5598915	3	2	3	2	3	2	1.0707575239298144	Lonicera pileata	6	220	Magnoliopsida	Plantae
5609603	1	1	1	1	1	1		Nepeta subsessilis	6	220	Magnoliopsida	Plantae
5617467	0	0	0	0	0	0		Alcea rugosa	6	220	Magnoliopsida	Plantae
5641274	1	1	0	0	0	0		Primula denticulata	6	220	Magnoliopsida	Plantae
5652131	1	1	1	1	0	0		Polygonum aviculare rurivagum	6	220	Magnoliopsida	Plantae
5679692	0	0	0	0	0	0		Enteropogon acicularis	6	196	Liliopsida	Plantae
5686494	0	0	0	0	0	0		Decaisnea insignis	6	220	Magnoliopsida	Plantae
5789082	0	0	0	0	0	0		Euodice malabarica	1	212	Aves	Animalia
5825913	1	1	1	1	0	0		Pinus nigra laricio	6	194	Pinopsida	Plantae
5851603	3	0	3	0	1	0	1.003157398491652	Leuciscus aspius	1			Animalia
5855746	1	1	1	1	1	1		Meretrix lyrata	1	137	Bivalvia	Animalia
5879783	1	1	1	1	1	1		Thaumatotibia leucotreta	1	216	Insecta	Animalia
5892120	0	0	0	0	0	0		Girardia tigrina	1			Animalia
5959231	0	0	0	0	0	0		Ara ararauna	1	212	Aves	Animalia
6035638	0	0	0	0	0	0		Chenopodium probstii	6	220	Magnoliopsida	Plantae
6096602	3	3	2	2	1	1		Lophocolea semiteres	6	126	Jungermanniopsida	Plantae
6098843	3	3	3	3	2	2		Ctenolepisma longicaudatum	1	216	Insecta	Animalia
6100996	0	0	0	0	0	0		Crithagra mozambica	1	212	Aves	Animalia
6101223	3	3	1	1	1	1		Spilopelia senegalensis	1	212	Aves	Animalia
6109535	0	1	0	1	0	1	0.7556074218816697	Trifolium hybridum	6	220	Magnoliopsida	Plantae
6157026	3	3	2	2	2	2		Trachemys scripta elegans	1	11418114	Testudines	Animalia
6157035	3	3	2	2	1	1		Trachemys scripta troostii	1	11418114	Testudines	Animalia
6159223	0	0	0	0	0	0		Lacerta agilis	1	11592253	Squamata	Animalia
6159273	0	0	0	0	0	0		Lacerta viridis	1	11592253	Squamata	Animalia
6362904	0	1	0	1	0	1	0.8465783959490136	Populus trichocarpa	6	220	Magnoliopsida	Plantae
6369140	1	1	1	1	0	0		Prunus domestica domestica	6	220	Magnoliopsida	Plantae
6387003	3	3	1	1	1	1		Equisetum praealtum	6	7228684	Polypodiopsida	Plantae
6391417	0	0	2	2	1	1		Rumex thyrsiflorus	6	220	Magnoliopsida	Plantae
6432925	1	1	1	1	0	0		Fraxinus angustifolia oxycarpa	6	220	Magnoliopsida	Plantae
6709291	1	1	1	1	1	1		Reynoutria compacta	6	220	Magnoliopsida	Plantae
7062200	3	3	2	2	1	1		Trachemys scripta scripta	1	11418114	Testudines	Animalia
7068732	0	1	0	1	0	2	0.9019720183475451	Arabidopsis arenosa arenosa	6	220	Magnoliopsida	Plantae
7127354	1	1	3	3	2	2		Cyclamen coum	6	220	Magnoliopsida	Plantae
7127810	3	3	3	2	3	3	1.1482779157371346	Cyclamen hederifolium	6	220	Magnoliopsida	Plantae
7135755	1	1	3	3	2	2		Rhododendron luteum	6	220	Magnoliopsida	Plantae
7162908	3	3	3	3	2	2		Convolvulus tricolor	6	220	Magnoliopsida	Plantae
7172831	1	1	3	3	1	1		Phedimus aizoon	6	220	Magnoliopsida	Plantae
7190901	0	0	0	0	0	0		Graptemys pseudogeographica pseudogeographica	1	11418114	Testudines	Animalia
7222255	3	3	3	3	2	3		Lactuca macrophylla macrophylla	6	220	Magnoliopsida	Plantae
7224157	0	0	0	0	0	0	0.916441199582086	Pastinaca sativa sativa	6	220	Magnoliopsida	Plantae
7225712	0	0	0	0	0	0		Calystegia silvatica silvatica	6	220	Magnoliopsida	Plantae
7227181	1	1	1	1	1	1		Carex muricata muricata	6	196	Liliopsida	Plantae
7230699	2	2	1	1	1	1		Pinus nigra nigra	6	194	Pinopsida	Plantae
7262908	0	0	0	0	2	2		Acer cappadocicum	6	220	Magnoliopsida	Plantae
7262958	0	0	0	0	0	0		Acer monspessulanum	6	220	Magnoliopsida	Plantae
7263145	1	1	1	1	0	0		Acer rufinerve	6	220	Magnoliopsida	Plantae
7266329	1	1	3	3	2	2		Salix alba alba	6	220	Magnoliopsida	Plantae
7266343	1	1	1	1	1	1		Salix purpurea purpurea	6	220	Magnoliopsida	Plantae
7267630	3	2	3	3	1	1		Dianthus giganteus	6	220	Magnoliopsida	Plantae
7267631	0	0	0	0	0	0		Dianthus giganteus giganteus	6	220	Magnoliopsida	Plantae
7270381	0	0	0	0	0	0		Gentiana asclepiadea	6	220	Magnoliopsida	Plantae
7271631	0	0	0	0	0	0		Pyrus communis communis	6	220	Magnoliopsida	Plantae
7277286	0	0	0	0	0	0		Thalictrum speciosissimum	6	220	Magnoliopsida	Plantae
7291264	3	3	3	3	2	2		Bistorta amplexicaulis	6	220	Magnoliopsida	Plantae
7293727	0	0	0	0	0	0		Ampelopsis glandulosa	6	220	Magnoliopsida	Plantae
7294681	2	2	2	2	1	1		Pulmonaria longifolia	6	220	Magnoliopsida	Plantae
7307327	2	2	2	2	1	1		Agastache rugosa	6	220	Magnoliopsida	Plantae
7307829	0	0	0	0	0	0		Lavandula dentata	6	220	Magnoliopsida	Plantae
7315072	3	3	3	3	2	2		Papaver atlanticum	6	220	Magnoliopsida	Plantae
7315286	3	3	1	1	1	1		Fumaria muralis	6	220	Magnoliopsida	Plantae
7319302	0	0	0	0	0	0		Dryopteris cycadina	6	7228684	Polypodiopsida	Plantae
7322122	0	0	0	0	0	0		Davidia involucrata	6	220	Magnoliopsida	Plantae
7322292	1	1	1	1	1	1		Oenothera cambrica	6	220	Magnoliopsida	Plantae
7325877	1	1	1	1	1	1		Fraxinus angustifolia	6	220	Magnoliopsida	Plantae
7332415	1	1	1	1	3	3		Chaenorhinum origanifolium	6	220	Magnoliopsida	Plantae
7332416	1	1	1	1	3	3		Chaenorhinum origanifolium origanifolium	6	220	Magnoliopsida	Plantae
7333320	1	1	0	0	0	0		Ellisiophyllum pinnatum	6	220	Magnoliopsida	Plantae
7334368	3	3	3	3	3	3		Umbilicus rupestris	6	220	Magnoliopsida	Plantae
7334489	1	1	1	1	1	1		Sedum palmeri	6	220	Magnoliopsida	Plantae
7346102	3	0	3	0	3	0	1.1928397320200503	Erythranthe guttata	6	220	Magnoliopsida	Plantae
7358677	0	2	0	1	0	1	0.6032697520063217	Populus nigra italica	6	220	Magnoliopsida	Plantae
7358948	0	0	0	0	0	0		Lasius neglectus	1	216	Insecta	Animalia
7400250	0	2	0	2	0	2	0.8092841408526437	Platanus hispanica	6	220	Magnoliopsida	Plantae
7433196	1	1	1	1	3	3		Euonymus latifolius	6	220	Magnoliopsida	Plantae
7443846	3	3	3	3	3	3		Dipsacus strigosus	6	220	Magnoliopsida	Plantae
7475424	1	1	1	1	1	1		Scabiosa lucida	6	220	Magnoliopsida	Plantae
7529533	0	0	0	0	0	0		Canna hybrida	6	196	Liliopsida	Plantae
7540164	3	3	3	3	3	3		Arion vulgaris	1	225	Gastropoda	Animalia
7560711	3	3	2	2	2	2		Oxalis tetraphylla	6	220	Magnoliopsida	Plantae
7624620	0	0	0	0	0	0		Rumex crispus robustus	6	220	Magnoliopsida	Plantae
7664179	0	0	0	0	0	0		Technomyrmex vitiensis	1	216	Insecta	Animalia
7671397	3	3	1	1	1	1		Phuopsis stylosa	6	220	Magnoliopsida	Plantae
7681436	3	3	2	2	2	2		Cytisus multiflorus	6	220	Magnoliopsida	Plantae
7690055	0	0	0	0	0	0		Carpodacus sibiricus	1	212	Aves	Animalia
7699567	1	1	1	1	1	1		Hymenoscyphus pseudoalbidus	5	179	Leotiomycetes	Fungi
7730307	3	3	1	1	1	1		Erythranthe lutea	6	220	Magnoliopsida	Plantae
7738766	1	1	1	1	0	0		Miscanthus sacchariflorus	6	196	Liliopsida	Plantae
7740617	0	0	0	0	0	0		Skimmia japonica	6	220	Magnoliopsida	Plantae
7763534	2	2	1	1	1	1		Lauritrioza alacris	1	216	Insecta	Animalia
7802465	0	3	0	3	0	2	0.540202731427069	Nymphaea marliacea	6	220	Magnoliopsida	Plantae
7818643	1	1	3	3	1	1		Prunus armeniaca	6	220	Magnoliopsida	Plantae
7823743	0	0	0	0	3	3		Malva maroccana	6	220	Magnoliopsida	Plantae
7828157	3	3	3	2	3	2	1.1060633969500808	Petroselinum crispum	6	220	Magnoliopsida	Plantae
7832723	0	0	0	0	0	0		Symphyotrichum lateriflorum	6	220	Magnoliopsida	Plantae
7848132	0	0	0	0	0	0		Malus toringo	6	220	Magnoliopsida	Plantae
7902463	0	0	0	0	0	0		Lonicera maackii	6	220	Magnoliopsida	Plantae
7915783	0	2	0	2	0	1	0.5319155666854531	Oenothera fallax	6	220	Magnoliopsida	Plantae
7925372	0	0	0	0	0	0		Cerastium maureri	6	220	Magnoliopsida	Plantae
7978544	1	2	1	2	1	2	0.7647438265558707	Hydrocotyle ranunculoides	6	220	Magnoliopsida	Plantae
7989836	3	2	1	1	3	2		Symphytum caucasicum	6	220	Magnoliopsida	Plantae
8010581	0	0	0	0	0	0		Diplachne fusca	6	196	Liliopsida	Plantae
8011733	3	3	2	2	1	1		Weigela floribunda	6	220	Magnoliopsida	Plantae
8018277	0	0	0	0	0	0		Centaurea pectinata	6	220	Magnoliopsida	Plantae
8021567	0	0	0	0	0	0		Hypericum olympicum	6	220	Magnoliopsida	Plantae
8022932	0	0	0	0	0	0		Plantago lagopus	6	220	Magnoliopsida	Plantae
8031875	1	1	0	0	0	0		Dasiphora davurica	6	220	Magnoliopsida	Plantae
8044946	0	0	0	0	0	0		Epimedium pinnatum	6	220	Magnoliopsida	Plantae
8080743	2	3	3	3	2	2		Scilla siberica	6	196	Liliopsida	Plantae
8133114	3	3	3	3	3	2		Aster amellus	6	220	Magnoliopsida	Plantae
8149049	2	2	1	1	1	1		Wisteria sinensis	6	220	Magnoliopsida	Plantae
8149923	1	3	1	3	1	2	0.9579649711583155	Prunus persica	6	220	Magnoliopsida	Plantae
8168344	1	1	1	1	2	2		Hedera hibernica	6	220	Magnoliopsida	Plantae
8183217	0	0	0	0	0	0		Salix gmelinii	6	220	Magnoliopsida	Plantae
8190077	0	1	0	1	0	1	0.7234354485310637	Populus canadensis	6	220	Magnoliopsida	Plantae
8190231	3	3	3	2	3	3	1.2585747069581041	Corbicula fluminea	1	137	Bivalvia	Animalia
8200663	0	1	0	1	0	1	0.7162606952829969	Cymbalaria muralis	6	220	Magnoliopsida	Plantae
8207952	1	1	1	1	1	1		Matthiola incana (L.) R.Br.	6	220	Magnoliopsida	Plantae
8212772	1	1	1	1	1	1		Symphoricarpos doorenbosii	6	220	Magnoliopsida	Plantae
8251158	1	1	1	1	1	1		Penstemon digitalis	6	220	Magnoliopsida	Plantae
8255921	2	2	1	1	1	1		Pulvinaria floccifera	1	216	Insecta	Animalia
8265082	0	0	0	0	0	0		Monochamus sartor	1	216	Insecta	Animalia
8288647	3	3	3	3	2	2		Pterocarya fraxinifolia	6	220	Magnoliopsida	Plantae
8302634	1	1	1	1	3	3		Oenothera suaveolens	6	220	Magnoliopsida	Plantae
8313153	1	2	1	3	1	2	0.712756440828569	Quercus palustris	6	220	Magnoliopsida	Plantae
8323119	1	1	3	3	1	1		Bidens triplinervia macrantha	6	220	Magnoliopsida	Plantae
8323485	1	1	1	1	1	1		Haemorhous mexicanus	1	212	Aves	Animalia
8326061	0	0	0	0	0	0		Quercus coccinea	6	220	Magnoliopsida	Plantae
8356787	0	0	0	0	0	0		Pourthiaea villosa	6	220	Magnoliopsida	Plantae
8362005	1	1	3	3	1	1		Sasa palmata	6	196	Liliopsida	Plantae
8402586	0	0	0	0	0	0		Malva clementii	6	220	Magnoliopsida	Plantae
8537667	1	1	1	1	1	1		Chondrilla juncea	6	220	Magnoliopsida	Plantae
8599762	1	1	1	1	1	1		Aproceros leucopoda	1	216	Insecta	Animalia
8699607	3	3	3	3	2	2		Mycosarcoma maydis	5	148	Ustilaginomycetes	Fungi
8741260	3	3	1	1	1	1		Macrosaccus robiniella	1	216	Insecta	Animalia
8745918	3	3	3	3	2	2		Deroceras invadens	1	225	Gastropoda	Animalia
8909595	1	1	1	1	1	1	0.9512643671610527	Faxonius limosus	1	229	Malacostraca	Animalia
8946295	1	1	2	2	2	2		Pontastacus leptodactylus	1	229	Malacostraca	Animalia
8993502	1	1	1	1	1	1		Silene italica	6	220	Magnoliopsida	Plantae
9018536	3	1	1	1	1	1		Koenigia campanulata	6	220	Magnoliopsida	Plantae
9078997	0	0	0	0	0	0		Saissetia oleae	1	216	Insecta	Animalia
9153437	1	1	1	1	1	1		Salix daphnoides	6	220	Magnoliopsida	Plantae
9188840	0	0	0	1	0	1	0.8099922212046844	Epilobium ciliatum	6	220	Magnoliopsida	Plantae
9228111	3	3	1	1	1	1		Fumaria bastardii	6	220	Magnoliopsida	Plantae
9228211	0	0	0	0	0	0		Graptemys pseudogeographica	1	11418114	Testudines	Animalia
9245228	0	0	0	0	0	0		Hedlundia hybrida	6	220	Magnoliopsida	Plantae
9254355	1	1	1	1	0	0		Lithotoma axillaris	6	220	Magnoliopsida	Plantae
9305555	1	1	0	0	0	0		Spatula versicolor	1	212	Aves	Animalia
9306058	2	3	1	1	1	1		Karpatiosorbus latifolia	6	220	Magnoliopsida	Plantae
9321334	0	0	0	0	0	0		Pilosella prussica	6	220	Magnoliopsida	Plantae
9326020	3	3	3	2	3	2	1.2733854058126772	Gallus gallus	1	212	Aves	Animalia
9345027	0	0	3	3	3	2		Spatula cyanoptera	1	212	Aves	Animalia
9350124	2	3	3	3	2	2		Natrix helvetica	1	11592253	Squamata	Animalia
9376410	3	3	1	1	1	1		Delosperma cooperi	6	220	Magnoliopsida	Plantae
9382645	1	1	1	1	0	0		Rosa virginiana	6	220	Magnoliopsida	Plantae
9450106	0	0	0	0	0	0		Anas poecilorhyncha	1	212	Aves	Animalia
9451184	3	3	3	2	3	2	1.2368701834997864	Pavo cristatus	1	212	Aves	Animalia
9496048	0	0	0	0	3	2		Spatula hottentota	1	212	Aves	Animalia
9508460	0	2	0	2	0	2	0.8682644903180187	Mareca sibilatrix	1	212	Aves	Animalia
9541940	0	0	0	0	0	0		Pilosella visianii	6	220	Magnoliopsida	Plantae
9583342	1	1	0	0	0	0		Spatula puna	1	212	Aves	Animalia
9606290	1	1	1	1	3	3		Meleagris gallopavo	1	212	Aves	Animalia
10755213	0	2	0	2	0	2	0.749134317255493	Narcissus hispanicus hispanicus	6	196	Liliopsida	Plantae
10786206	3	3	2	2	1	1		Rhaphiolepis bibas	6	220	Magnoliopsida	Plantae
10801424	1	1	3	3	3	3		Salvia yangii	6	220	Magnoliopsida	Plantae
10902460	1	3	1	1	1	2	0.8296632378518746	Salvia rosmarinus	6	220	Magnoliopsida	Plantae
11844792	1	1	1	1	0	0		Geum ternatum ternatum	6	220	Magnoliopsida	Plantae
