taxonKey	canonicalName	kingdom	class	year_2020_em_status_occupancy_pa	year_2020_em_status_observations_pa	year_2020_em_status_occupancy_BE	year_2020_em_status_observations_BE	year_2019_em_status_occupancy_pa	year_2019_em_status_observations_pa	year_2019_em_status_occupancy_BE	year_2019_em_status_observations_BE	year_2018_em_status_occupancy_pa	year_2018_em_status_observations_pa	year_2018_em_status_occupancy_BE	year_2018_em_status_observations_BE	mean_growth	kingdomKey	classKey
3133887	Coreopsis verticillata	Plantae	Magnoliopsida	3	3	3	3	3	3	3	3	3	3	3	3	1.3297801012192527	6	220
3098912	Cosmos bipinnatus	Plantae	Magnoliopsida	3	3	3	3	3	3	3	3	3	3	3	3	1.2826868911874765	6	220
5232437	Branta canadensis	Animalia	Aves	3	3	3	3	3	3	3	3	3	3	3	3	1.211829501314316	1	212
3067353	Euphorbia characias	Plantae	Magnoliopsida	3	3	3	3	3	3	3	3	3	3	3	3	1.1089210943136292	6	220
7681436	Cytisus multiflorus	Plantae	Magnoliopsida	3	3	3	3	3	3	3	3	3	3	3	3		6	220
2925816	Cynoglossum amabile	Plantae	Magnoliopsida	3	3	3	3	3	3	3	3	3	2	3	3		6	220
4565039	Hygromia cinctella	Animalia	Gastropoda	3	3	3	3	3	3	3	3	2	3	3	3		1	225
2650827	Cyrtomium fortunei	Plantae	Polypodiopsida	3	3	3	3	3	3	3	3	2	2	3	3	1.0503758696043421	6	7228684
6098843	Ctenolepisma longicaudatum	Animalia	Insecta	3	3	3	3	3	3	3	3	2	2	3	3		1	216
2926992	Salvia hispanica	Plantae	Magnoliopsida	3	3	3	3	3	3	3	3	2	2	1	2		6	220
3664589	Oenothera lindheimeri	Plantae	Magnoliopsida	3	3	3	3	3	3	3	3	1	3	3	3		6	220
5188971	Rangia cuneata	Animalia	Bivalvia	3	3	3	3	3	3	3	3	1	3	3	3		1	137
2494303	Serinus canaria	Animalia	Aves	3	3	3	3	3	3	3	3	1	1	3	3	1.2126242448805191	1	212
2985994	Hydrangea macrophylla	Plantae	Magnoliopsida	3	3	3	3	3	3	3	3	1	1	3	3		6	220
3098951	Cosmos sulphureus	Plantae	Magnoliopsida	3	3	3	3	3	3	3	3	1	1	3	3		6	220
3886505	Phlomis russeliana	Plantae	Magnoliopsida	3	3	3	3	3	3	3	3	1	1	3	3		6	220
5831060	Crepis foetida rhoeadifolia	Plantae	Magnoliopsida	3	3	3	3	3	3	3	3	1	1	3	3		6	220
5218823	Mustela vison	Animalia	Mammalia	3	3	3	3	3	3	3	3	1	1	2	2		1	359
7277286	Thalictrum speciosissimum	Plantae	Magnoliopsida	3	3	3	3	3	3	3	3	1	1	1	1		6	220
1311477	Vespa velutina	Animalia	Insecta	3	3	3	3	3	3	3	2	3	3	3	3		1	216
2928761	Nicotiana alata	Plantae	Magnoliopsida	3	3	3	3	3	3	3	2	1	3	2	2		6	220
1152186	Callidiellum rufipennis	Animalia	Insecta	3	3	3	3	3	3	3	2	1	1	3	2		1	216
2772666	Hyacinthus orientalis	Plantae	Liliopsida	3	3	3	3	3	3	2	3	3	3	3	3	1.1421640900600645	6	196
2855398	Galanthus elwesii	Plantae	Liliopsida	3	3	3	3	3	3	2	2	1	1	2	2		6	196
3171952	Verbascum speciosum	Plantae	Magnoliopsida	3	3	3	3	3	3	2	2	1	1	1	1		6	220
6157035	Trachemys scripta troostii	Animalia	Reptilia	3	3	3	3	3	2	3	3	3	3	3	3		1	358
2879098	Quercus ilex	Plantae	Magnoliopsida	3	3	3	3	3	2	3	2	3	3	3	3		6	220
4372686	Ruditapes philippinarum	Animalia	Bivalvia	3	3	3	3	3	2	3	2	3	3	3	3		1	137
3069460	Euphorbia oblongata	Plantae	Magnoliopsida	3	3	3	3	3	2	2	3	1	1	2	1		6	220
5328593	Aponogeton distachyos	Plantae	Liliopsida	3	3	3	3	3	2	2	2	3	2	2	2		6	196
2767328	Scilla siberica	Plantae	Liliopsida	3	3	3	3	2	3	3	3	2	3	3	3	1.3061653636649428	6	196
2880580	Quercus cerris	Plantae	Magnoliopsida	3	3	3	3	2	3	2	3	3	3	2	3	1.0758478396625097	6	220
2473477	Syrmaticus reevesii	Animalia	Aves	3	3	3	3	2	3	2	3	2	3	2	3	1.288236281326178	1	212
3190411	Ptelea trifoliata	Plantae	Magnoliopsida	3	3	3	3	2	3	2	2	2	2	3	3		6	220
7291264	Bistorta amplexicaulis	Plantae	Magnoliopsida	3	3	3	3	2	2	3	3	2	2	2	2		6	220
2891664	Oxalis articulata	Plantae	Magnoliopsida	3	3	3	3	2	2	3	3	1	1	1	1		6	220
2225772	Hemigrapsus sanguineus	Animalia	Malacostraca	3	3	3	3	2	2	3	2	3	3	3	3		1	229
3170247	Asclepias syriaca	Plantae	Magnoliopsida	3	3	3	3	2	2	2	3	3	3	3	3	1.4143269663974443	6	220
4532122	Cydalima perspectalis	Animalia	Insecta	3	3	3	3	2	2	2	2	3	3	3	3		1	216
7102937	Euonymus japonicus	Plantae	Magnoliopsida	3	3	3	3	2	2	2	2	3	3	3	3		6	220
2765156	Tradescantia fluminensis	Plantae	Liliopsida	3	3	3	3	2	1	2	3	2	2	2	3	1.1915265888329163	6	196
2767271	Scilla luciliae	Plantae	Liliopsida	3	3	3	3	1	3	3	3	1	1	3	3		6	196
2367919	Misgurnus anguillicaudatus	Animalia	Actinopterygii	3	3	3	3	1	3	3	3		0	0	0		1	204
6096602	Lophocolea semiteres	Plantae	Jungermanniopsida	3	3	3	3	1	3	2	3	1	3	3	3	1.1966889126188367	6	126
2928034	Nemophila maculata	Plantae	Magnoliopsida	3	3	3	3	1	1	3	3	3	3	3	3		6	220
5300716	Fritillaria imperialis	Plantae	Liliopsida	3	3	3	3	1	1	3	3	3	3	3	3		6	196
5401007	Leucanthemum superbum	Plantae	Magnoliopsida	3	3	3	3	1	1	3	3	1	1	1	1		6	220
5415455	Acanthus mollis	Plantae	Magnoliopsida	3	3	3	3	1	1	3	3	1	1	1	1		6	220
2926042	Nonea lutea	Plantae	Magnoliopsida	3	3	3	3	1	1	3	3			3	3		6	220
5353590	Cercis siliquastrum	Plantae	Magnoliopsida	3	3	3	3	1	1	3	3			3	3		6	220
5568442	Dysphania anthelmintica	Plantae	Magnoliopsida	3	3	3	3	1	1	3	3			1	1		6	220
8133114	Aster amellus	Plantae	Magnoliopsida	3	3	3	3	1	1	3	3			1	1		6	220
5229203	Bostrychia hagedash	Animalia	Aves	3	3	3	3	1	1	3	3			0	0		1	212
5598598	Lonicera acuminata	Plantae	Magnoliopsida	3	3	3	3	1	1	3	2	3	3	2	3		6	220
4990176	Rhyzobius forestieri	Animalia	Insecta	3	3	3	3	1	1	3	2			2	2		1	216
2767229	Scilla sardensis	Plantae	Liliopsida	3	3	3	3	1	1	2	3	1	3	3	3		6	196
3032646	Heuchera micrantha	Plantae	Magnoliopsida	3	3	3	3	1	1	1	1	3	3	2	2		6	220
2927744	Phlox paniculata	Plantae	Magnoliopsida	3	3	3	3	1	1	1	1	3	3	1	1		6	220
3665866	Oenothera rubricalyx	Plantae	Magnoliopsida	3	3	3	3	1	1	1	1	3	3	1	1		6	220
3188926	Oenothera pycnocarpa	Plantae	Magnoliopsida	3	3	3	3	1	1	1	1	2	2	2	2		6	220
2772885	Ornithogalum pyramidale	Plantae	Liliopsida	3	3	3	3	1	1	1	1	1	3	3	3		6	196
5229204	Eudocimus ruber	Animalia	Aves	3	3	3	3	1	1	1	1	1	1	3	3		1	212
2925366	Clerodendrum trichotomum	Plantae	Magnoliopsida	3	3	3	3	1	1	1	1	1	1	2	2		6	220
2859597	Ipheion uniflorum	Plantae	Liliopsida	3	3	3	3	1	1	1	1	1	1	2	1		6	196
2869597	Sauromatum venosum	Plantae	Liliopsida	3	3	3	3	1	1	1	1	1	1	1	1		6	196
5041466	Sceliphron caementarium	Animalia	Insecta	3	3	3	3	1	1	1	1	1	1	1	1		1	216
5229128	Himantopus mexicanus	Animalia	Aves	3	3	3	3	1	1	1	1	1	1	1	1		1	212
5341558	Gilia tricolor	Plantae	Magnoliopsida	3	3	3	3	1	1	1	1	1	1	1	1		6	220
5304187	Triteleia laxa	Plantae	Liliopsida	3	3	3	3	0	0	3	3	1	1	1	1		6	196
2927727	Phlox subulata	Plantae	Magnoliopsida	3	3	3	3	0	0	3	3	0	0	1	1		6	220
2888564	Lamprocapnos spectabilis	Plantae	Magnoliopsida	3	3	3	3	0	0	1	1	0	0	2	2		6	220
2855439	Galanthus woronowii	Plantae	Liliopsida	3	3	3	3	0	0	1	1	0	0	1	1		6	196
2888706	Kolkwitzia amabilis	Plantae	Magnoliopsida	3	3	3	3	0	0	1	1	0	0	1	1		6	220
2480075	Eclectus roratus	Animalia	Aves	3	3	3	3	0	0	0	0	1	1	1	1		1	212
5229134	Vanellus miles	Animalia	Aves	3	3	3	3	0	0	0	0	0	0	0	0		1	212
5411392	Campanula lactiflora	Plantae	Magnoliopsida	3	3	3	3	0	0	0	0	0	0	0	0		6	220
7564934	Odontites jaubertianus	Plantae	Magnoliopsida	3	3	3	3	0	0	0	0	0	0	0	0		6	220
8207952	Matthiola incana	Plantae	Magnoliopsida	3	3	3	3	0	0	0	0	0	0	0	0		6	220
9791464	Colinus virginianus	Animalia	Aves	3	3	3	3	0	0	0	0	0	0	0	0		1	212
3189073	Epilobium brachycarpum	Plantae	Magnoliopsida	3	3	3	2	3	3	3	3	2	2	2	3		6	220
2888323	Clethra alnifolia	Plantae	Magnoliopsida	3	3	3	2	3	3	3	3	0	0	2	2		6	220
2882443	Cabomba caroliniana	Plantae	Magnoliopsida	3	3	3	2	2	2	2	2	2	2	3	2		6	220
2857697	Allium cepa	Plantae	Liliopsida	3	3	3	2	1	3	3	3	3	3	2	2		6	196
2739071	Trachycarpus fortunei	Plantae	Liliopsida	3	3	3	2	1	1	3	2	3	2	3	2		6	196
2927303	Lavandula stoechas	Plantae	Magnoliopsida	3	3	3	2	1	1	1	1	1	1	2	2		6	220
2889304	Persicaria capitata	Plantae	Magnoliopsida	3	3	3	2	0	0	1	2	1	1	1	2	0.9800351663628011	6	220
3054117	Aubrieta deltoidea	Plantae	Magnoliopsida	3	3	3	1	3	3	3	1	2	2	3	1	0.6123346042255771	6	220
8537667	Chondrilla juncea	Plantae	Magnoliopsida	3	3	3	1	3	3	2	1	1	3	3	1	0.9389907816587723	6	220
5298765	Iris foetidissima	Plantae	Liliopsida	3	3	3	1	3	2	2	1	1	2	2	3	0.9833296154581248	6	196
3152583	Hibiscus syriacus	Plantae	Magnoliopsida	3	3	3	1	2	3	3	3	3	3	3	3	1.013819375554118	6	220
7443846	Dipsacus strigosus	Plantae	Magnoliopsida	3	3	3	1	2	2	2	1	2	2	2	1	0.8439975021036668	6	220
3085357	Saponaria ocymoides	Plantae	Magnoliopsida	3	3	3	1	1	1	3	1	3	3	3	1	0.9181603272209807	6	220
2891755	Oxalis latifolia	Plantae	Magnoliopsida	3	3	3	1	1	1	2	1	3	3	3	1	0.9943485163873292	6	220
2650829	Cyrtomium falcatum	Plantae	Polypodiopsida	3	3	3	1	1	1	2	1	1	3	3	1	0.9437049413807101	6	7228684
7315072	Papaver atlanticum	Plantae	Magnoliopsida	3	3	3	1	1	1	2	1	1	1	2	1	0.8917442774566654	6	220
3015457	Crataegus persimilis	Plantae	Magnoliopsida	3	3	3	0	3	3	2	0	1	1	1	0	0.5101844317548171	6	220
2888579	Leycesteria formosa	Plantae	Magnoliopsida	3	3	3	0	3	2	3	0	3	2	3	0	0.8020808052326375	6	220
2888867	Rheum rhabarbarum	Plantae	Magnoliopsida	3	3	3	0	2	2	2	0	2	2	2	0	0.599977968639841	6	220
7262958	Acer monspessulanum	Plantae	Magnoliopsida	3	3	2	3	3	3	2	3	0	0	1	1		6	220
1749449	Cameraria ohridella	Animalia	Insecta	3	3	2	3	3	2	2	3	1	1	2	3	1.0477520203658508	1	216
4264680	Myocastor coypus	Animalia	Mammalia	3	3	2	3	2	3	2	3	2	3	3	3	1.1220764172468214	1	359
5289739	Cenchrus echinatus	Plantae	Liliopsida	3	3	2	3	0	0	0	0	0	0	0	0		6	196
5329260	Egeria densa	Plantae	Liliopsida	3	3	2	2	2	2	2	2	3	3	2	2		6	196
4930155	Viburnum davidii	Plantae	Magnoliopsida	3	3	2	2	1	1	3	3	1	1	1	1		6	220
8969026	Physalis philadelphica	Plantae	Magnoliopsida	3	3	2	2	1	1	3	3			1	1		6	220
3172615	Catalpa bignonioides	Plantae	Magnoliopsida	3	3	2	1	3	3	3	1	3	3	3	1	0.9440681219883471	6	220
2875968	Corylus colurna	Plantae	Magnoliopsida	3	3	2	1	3	2	3	1	3	2	3	1	0.8597226135591763	6	220
2876049	Corylus maxima	Plantae	Magnoliopsida	3	3	2	1	2	3	2	1	1	3	2	1	0.9753556016048265	6	220
5582033	Salix udensis	Plantae	Magnoliopsida	3	3	2	1	1	2	2	1	2	2	2	1	0.9328428956363408	6	220
2891783	Impatiens balfourii	Plantae	Magnoliopsida	3	3	2	0	3	2	3	0	3	2	3	0	0.8476407304808407	6	220
2889037	Rumex rugosus	Plantae	Magnoliopsida	3	3	2	0	1	1	2	0	1	1	2	0	0.7376756978436626	6	220
5229055	Psittacula eupatria	Animalia	Aves	3	3	1	3	3	3	1	3	3	3	1	3	1.0545553145339688	1	212
7135755	Rhododendron luteum	Plantae	Magnoliopsida	3	3	1	3	3	3	1	3	2	3	1	3	1.1368983544835787	6	220
3026024	Cotoneaster ascendens	Plantae	Magnoliopsida	3	3	1	1	3	3	1	1	3	3	1	1		6	220
3026154	Cotoneaster sternianus	Plantae	Magnoliopsida	3	3	1	1	3	3	1	1	1	3	1	1	0.8678009502177547	6	220
7062200	Trachemys scripta scripta	Animalia	Reptilia	3	3	1	1	2	3	1	1	3	3	1	1	0.7294738129205118	1	358
5324959	Himantoglossum robertianum	Plantae	Liliopsida	3	3	1	1	1	3	1	1		1	1	1		6	196
5228033	Chrysolophus amherstiae	Animalia	Aves	3	3	1	1	1	1	1	1	3	3	1	1		1	212
2996525	Rubus armeniacus	Plantae	Magnoliopsida	3	3	1	0	3	3	1	0	3	2	1	0	0.7159427834681391	6	220
3170823	Paulownia tomentosa	Plantae	Magnoliopsida	3	3	0	3	3	3	0	3	3	3	0	3		6	220
1421091	Lepisma saccharinum	Animalia	Insecta	3	3	0	3	2	3	0	3	3	3	0	3	1.312730915138839	1	216
3067119	Euphorbia maculata	Plantae	Magnoliopsida	3	3	0	1	3	3	0	1	3	3	0	1	0.8309386191879963	6	220
3033077	Aucuba japonica	Plantae	Magnoliopsida	3	3	0	1	2	3	0	1	3	3	0	1	0.9424721001563391	6	220
2995149	Rubus phoenicolasius	Plantae	Magnoliopsida	3	3	0	0	3	3	0	0	3	3	0	0	0.5996291298498083	6	220
3981543	Berberis julianae	Plantae	Magnoliopsida	3	3	0	0	3	3	0	0	2	2	0	0	0.7033093276736235	6	220
3112364	Cynara cardunculus	Plantae	Magnoliopsida	3	2	3	3	3	3	3	3	2	3	3	3		6	220
5671747	Cenchrus alopecuroides	Plantae	Liliopsida	3	2	3	3	3	2	3	3	3	3	3	3	1.1416663172470098	6	196
3152824	Liquidambar styraciflua	Plantae	Magnoliopsida	3	2	3	3	3	2	2	2	3	2	3	3		6	220
2747489	Crocus chrysanthus	Plantae	Liliopsida	3	2	3	3	3	2	1	1	0	0	1	1		6	196
5384931	Houttuynia cordata	Plantae	Magnoliopsida	3	2	3	3	1	1	2	2	1	1	3	3		6	220
2891677	Oxalis dillenii	Plantae	Magnoliopsida	3	2	3	3	1	1	1	1	1	1	2	2		6	220
2498252	Alopochen aegyptiaca	Animalia	Aves	3	2	3	2	3	2	3	2	3	2	3	2	1.128436371604229	1	212
5559837	Cymbalaria pallida	Plantae	Magnoliopsida	3	2	3	2	3	2	3	2	3	2	3	2		6	220
5361888	Morus nigra	Plantae	Magnoliopsida	3	2	3	2	1	1	1	1	1	1	2	2		6	220
2769493	Maianthemum stellatum	Plantae	Liliopsida	3	2	3	2	1	1	1	1	1	1	1	1		6	196
3020871	Prunus lusitanica	Plantae	Magnoliopsida	3	2	3	0	2	2	2	0	2	2	2	0	0.7331572848446039	6	220
2888797	Cephalaria gigantea	Plantae	Magnoliopsida	3	2	2	2	3	3	2	2	1	1	1	1		6	220
2959443	Gleditsia triacanthos	Plantae	Magnoliopsida	3	2	2	2	3	2	3	3	3	3	3	3		6	220
5284950	Picea omorika	Plantae	Pinopsida	3	2	2	2	2	2	2	2	3	3	3	3		6	194
5421180	Koelreuteria paniculata	Plantae	Magnoliopsida	3	2	2	2	2	2	2	2	2	2	3	3		6	220
2440954	Cervus nippon	Animalia	Mammalia	3	2	2	2	2	2	2	2	1	3	3	3		1	359
4046493	Polystichum luctuosum	Plantae	Polypodiopsida	3	2	2	2	1	1	1	1	3	3	2	2		6	7228684
2220312	Hemimysis anomala	Animalia	Malacostraca	3	2	2	2	1	1	1	1	1	1	1	1		1	229
7433196	Euonymus latifolius	Plantae	Magnoliopsida	3	2	2	2	0	1	2	2	1	2	2	2		6	220
3642531	Chaerophyllum aureum	Plantae	Magnoliopsida	3	2	2	2	0	0	0	0	0	0	0	0		6	220
7307327	Agastache rugosa	Plantae	Magnoliopsida	3	2	2	1	3	3	3	1	1	1	3	1	0.830163130623665	6	220
5334240	Lonicera japonica	Plantae	Magnoliopsida	3	2	0	1	3	2	0	1	3	3	0	1	0.8173913185416452	6	220
4067302	Symphytum grandiflorum	Plantae	Magnoliopsida	3	1	3	3	3	1	3	3	3	1	3	3	1.485447328886394	6	220
2985965	Deutzia scabra	Plantae	Magnoliopsida	3	1	3	3	3	1	2	3	2	1	3	3	1.049134927631783	6	220
2747567	Crocus vernus	Plantae	Liliopsida	3	1	3	3	2	3	2	3	2	3	2	3	1.1259873484034648	6	196
2493633	Taeniopygia guttata	Animalia	Aves	3	1	3	1	2	1	2	1	2	1	3	1	0.8270224470215811	1	212
3152861	Liriodendron tulipifera	Plantae	Magnoliopsida	3	1	3	1	2	1	2	1	2	1	2	1	0.6791064618430978	6	220
2888636	Symphoricarpos orbiculatus	Plantae	Magnoliopsida	3	1	3	1	1	1	2	1	1	1	1	1	0.8675055969463307	6	220
3088310	Petasites japonicus	Plantae	Magnoliopsida	3	1	3	0	2	1	3	0	2	1	2	0	0.717236755892131	6	220
3088488	Tagetes erecta	Plantae	Magnoliopsida	3	1	2	1	3	1	2	1	3	1	3	1	0.9480251573164704	6	220
2882849	Vaccinium corymbosum	Plantae	Magnoliopsida	3	1	2	1	2	1	2	1	2	1	2	1	0.6556796341503311	6	220
2481110	Phoenicopterus chilensis	Animalia	Aves	3	1	2	0	2	1	2	0	1	1	1	0	0.8164436746927802	1	212
4933624	Inula racemosa	Plantae	Magnoliopsida	3	1	1	3	2	3	1	3	3	3	1	3	1.2615362733689437	6	220
3039267	Elaeagnus umbellata	Plantae	Magnoliopsida	3	1	1	1	3	1	1	1	3	1	1	1	0.7782093897917005	6	220
3033242	Anemone blanda	Plantae	Magnoliopsida	3	1	1	0	3	1	3	0	3	1	3	2	0.9359870096031755	6	220
2747564	Crocus tommasinianus	Plantae	Liliopsida	3	1	0	3	3	3	0	3	2	3	0	3	1.1835847206308574	6	196
3026074	Cotoneaster salicifolius	Plantae	Magnoliopsida	3	1	0	3	3	1	0	3	2	1	0	3	1.0526265330003535	6	220
5410151	Campanula poscharskyana	Plantae	Magnoliopsida	3	1	0	1	2	1	0	1	2	1	0	1	0.83595613770896	6	220
2891707	Oxalis debilis	Plantae	Magnoliopsida	3	1	0	0	3	1	0	0	3	1	0	0	0.7369704902750358	6	220
5561475	Chaenostoma cordatum	Plantae	Magnoliopsida	3	1	0	0	2	1	0	0	1	1	0	0	0.8833654328334718	6	220
5355395	Spartium junceum	Plantae	Magnoliopsida	3	0	3	1	2	0	2	1	2	0	2	1	0.895976202576488	6	220
5384361	Amaranthus bouchonii	Plantae	Magnoliopsida	3	0	1	1	2	0	1	1	2	0	1	1	0.9723331443634419	6	220
1718308	Acheta domesticus	Animalia	Insecta	3	0	1	1	2	0	1	1	2	0	1	1	0.9414660181140059	1	216
3147168	Erigeron karvinskianus	Plantae	Magnoliopsida	3	0	0	1	2	0	0	1	3	0	0	1	0.8766648356461494	6	220
3666776	Oenothera ersteinensis	Plantae	Magnoliopsida	2	3	3	3	3	3	3	3	3	3	3	3	1.3078235212864193	6	220
2914404	Galium verum wirtgenii	Plantae	Magnoliopsida	2	3	3	3	3	3	3	3	3	3	3	2		6	220
2115769	Austrominius modestus	Animalia		2	3	3	3	3	3	3	3	2	3	3	3	1.1624830022756283	1	
2498396	Dendrocygna viduata	Animalia	Aves	2	3	3	3	3	3	3	3	1	3	1	3	1.0507675234509237	1	212
2685484	Abies alba	Plantae	Pinopsida	2	3	3	3	2	3	3	3	1	3	3	3	1.033350533777926	6	194
2498390	Marmaronetta angustirostris	Animalia	Aves	2	3	3	3	2	3	3	3	1	3	2	3	1.2897344287283472	1	212
3172059	Veronica spicata	Plantae	Magnoliopsida	2	3	3	3	2	3	3	3	1	3	2	3	1.040262811536209	6	220
5358907	Trifolium alexandrinum	Plantae	Magnoliopsida	2	3	3	3	2	3	2	3	2	3	2	3	1.085626696102452	6	220
5228034	Chrysolophus pictus	Animalia	Aves	2	3	3	3	2	3	2	3	1	3	2	3	1.0278988567318879	1	212
3131614	Helichrysum italicum	Plantae	Magnoliopsida	2	3	3	3	2	2	1	2	3	2	3	3		6	220
2443002	Trachemys scripta	Animalia	Reptilia	2	3	3	3	1	3	3	3	1	3	3	3		1	358
9228211	Graptemys pseudogeographica	Animalia	Reptilia	2	3	3	3	1	2	1	3	1	1	1	1		1	358
3033261	Anemone coronaria	Plantae	Magnoliopsida	2	3	3	3	1	1	2	2	2	2	2	2		6	220
2227300	Procambarus clarkii	Animalia	Malacostraca	2	3	3	2	2	2	2	2	3	2	2	2		1	229
7540164	Arion vulgaris	Animalia	Gastropoda	2	3	3	2	1	2	2	2	2	2	2	2		1	225
3133938	Coreopsis lanceolata	Plantae	Magnoliopsida	2	3	3	1	3	3	3	1	2	3	2	1	0.9901231436856218	6	220
2685361	Abies grandis	Plantae	Pinopsida	2	3	3	1	2	3	3	1	2	3	3	1	0.9857846897776135	6	194
3003709	Rosa glauca	Plantae	Magnoliopsida	2	3	3	1	2	3	2	1	3	3	3	1	0.9849215784101237	6	220
2888585	Viburnum tinus	Plantae	Magnoliopsida	2	3	3	1	2	2	3	1	2	3	3	1	0.8842889253723748	6	220
6387033	Equisetum hyemale affine	Plantae	Polypodiopsida	2	3	3	1	2	2	2	3	2	3	3	3	1.0980854922494414	6	7228684
5420991	Ludwigia peploides	Plantae	Magnoliopsida	2	3	2	3	3	3	3	3	2	3	2	3	1.1122014562960685	6	220
4352332	Phoenicopterus roseus	Animalia	Aves	2	3	2	3	2	3	2	3	2	3	2	3	1.0873935122605733	1	212
3170040	Gentiana lutea	Plantae	Magnoliopsida	2	3	2	3	2	3	1	3	2	2	1	2		6	220
2498010	Tadorna cana	Animalia	Aves	2	3	2	3	2	3	1	3	1	3	1	3	1.120853696733936	1	212
3113637	Cirsium rivulare	Plantae	Magnoliopsida	2	3	2	3	1	3	1	3	1	3	2	3	1.1761172134610203	6	220
2498329	Bucephala albeola	Animalia	Aves	2	3	2	3	0	0	1	3	1	1	1	3	1.0239196327100286	1	212
2775530	Yucca flaccida	Plantae	Liliopsida	2	3	2	2	2	3	2	2	3	3	2	1	0.7654479275276019	6	196
2053954	Prokelisia marginata	Animalia	Insecta	2	3	2	2	1	1	1	1	2	3	3	3		1	216
9606290	Meleagris gallopavo	Animalia	Aves	2	3	2	2	1	1	1	1	1	1	1	1		1	212
2867631	Lemna turionifera	Plantae	Liliopsida	2	3	2	1	2	3	2	3	3	3	3	3	1.0248226189087546	6	196
3039194	Parthenocissus quinquefolia	Plantae	Magnoliopsida	2	3	1	3	2	3	1	3	3	3	1	3	1.0683206807411156	6	220
4038485	Reynoutria bohemica	Plantae	Magnoliopsida	2	3	1	1	2	3	1	1	2	3	1	1	0.8537551534402512	6	220
9326020	Gallus gallus	Animalia	Aves	2	3	1	0	3	3	1	0	2	3	1	0	0.7572194853279652	1	212
3034015	Laurus nobilis	Plantae	Magnoliopsida	2	2	3	3	3	3	3	3	3	3	3	3		6	220
7989836	Symphytum caucasicum	Plantae	Magnoliopsida	2	2	3	3	3	3	3	3	3	3	2	2		6	220
8362005	Sasa palmata	Plantae	Liliopsida	2	2	3	3	3	3	3	3	1	1	2	2		6	196
4102952	Knautia macedonica	Plantae	Magnoliopsida	2	2	3	3	3	3	3	3	1	1	1	1		6	220
3190522	Cotinus coggygria	Plantae	Magnoliopsida	2	2	3	3	3	2	3	3	2	2	3	3	1.0683782883706674	6	220
2704523	Cortaderia selloana	Plantae	Liliopsida	2	2	3	3	2	3	3	3	2	2	3	3	1.245196437606054	6	196
3026040	Cotoneaster suecicus	Plantae	Magnoliopsida	2	2	3	3	2	2	3	3	1	1	1	1		6	220
5584611	Silene chalcedonica	Plantae	Magnoliopsida	2	2	3	3	2	2	3	2	1	1	1	1		6	220
3189882	Acer palmatum	Plantae	Magnoliopsida	2	2	3	3	2	2	2	2	1	1	2	2		6	220
7560711	Oxalis tetraphylla	Plantae	Magnoliopsida	2	2	3	3	1	1	1	2	3	3	3	3		6	220
4567717	Boettgerilla pallens	Animalia	Gastropoda	2	2	3	3	1	1	1	1	1	3	3	2		1	225
7157952	Dryopteris erythrosora	Plantae	Polypodiopsida	2	2	3	3	1	1	1	1	1	1	3	3		6	7228684
3164340	Platycodon grandiflorus	Plantae	Magnoliopsida	2	2	3	3	0	0	1	1	1	1	1	1		6	220
5354707	Cytisus striatus	Plantae	Magnoliopsida	2	2	3	2	3	3	3	3	1	1	1	1		6	220
3663237	Cornus sanguinea australis	Plantae	Magnoliopsida	2	2	3	2	3	3	2	2	2	2	2	2		6	220
2440946	Muntiacus reevesi	Animalia	Mammalia	2	2	3	2	2	2	2	2	3	3	3	3		1	359
2856920	Allium hollandicum	Plantae	Liliopsida	2	2	3	2	2	2	2	2	2	2	2	2		6	196
2684178	Thuja occidentalis	Plantae	Pinopsida	2	2	3	2	1	2	2	2	1	1	1	2		6	194
3172266	Jasminum nudiflorum	Plantae	Magnoliopsida	2	2	3	1	2	2	2	1	3	3	3	3	0.9515407797855775	6	220
2874515	Cucurbita maxima	Plantae	Magnoliopsida	2	2	3	1	1	1	1	1	1	1	1	1	0.5791285078810476	6	220
2426661	Pelophylax ridibundus	Animalia	Amphibia	2	2	3	0	3	2	2	0	1	2	2	0	0.9106389498353178	1	131
2684191	Taxodium distichum	Plantae	Pinopsida	2	2	2	3	3	2	3	3	2	3	3	3	1.0384120151586103	6	194
5289503	Typha laxmannii	Plantae	Liliopsida	2	2	2	3	2	2	3	3	1	1	3	1		6	196
4127352	Sasaella ramosa	Plantae	Liliopsida	2	2	2	3	2	2	2	3	3	3	2	3	1.1533958658366588	6	196
2493660	Estrilda astrild	Animalia	Aves	2	2	2	3	1	1	1	3	2	2	2	3	1.1098832098841427	1	212
5284237	Cryptomeria japonica	Plantae	Pinopsida	2	2	2	2	3	3	3	3	2	2	3	3		6	194
7777960	Vaccinium macrocarpum	Plantae	Magnoliopsida	2	2	2	2	3	3	3	3	1	3	2	2		6	220
3085420	Dianthus caryophyllus	Plantae	Magnoliopsida	2	2	2	2	3	3	3	3	1	1	1	1		6	220
7127810	Cyclamen hederifolium	Plantae	Magnoliopsida	2	2	2	2	3	3	3	2	3	3	3	2	1.182419698459483	6	220
5228229	Balearica regulorum	Animalia	Aves	2	2	2	2	3	3	3	2	0	0	2	2		1	212
4568269	Paralaoma servilis	Animalia	Gastropoda	2	2	2	2	3	3	2	3	2	2	2	2		1	225
5371605	Tolmiea menziesii	Plantae	Magnoliopsida	2	2	2	2	3	3	2	3	2	2	2	2		6	220
2718302	Bolboschoenus yagara	Plantae	Liliopsida	2	2	2	2	2	2	2	2	2	2	2	2		6	196
3036033	Hedera colchica	Plantae	Magnoliopsida	2	2	2	2	2	2	2	2	2	2	2	2		6	220
4382841	Hemigrapsus takanoi	Animalia	Malacostraca	2	2	2	2	2	2	2	2	2	2	2	2		1	229
5228080	Callipepla californica	Animalia	Aves	2	2	2	2	2	2	2	2	1	3	3	3		1	212
2427091	Lithobates catesbeianus	Animalia	Amphibia	2	2	2	2	1	2	2	2	3	2	2	2		1	131
4528099	Tuta absoluta	Animalia	Insecta	2	2	2	2	1	1	2	2	3	3	3	3		1	216
7230699	Pinus nigra nigra	Plantae	Pinopsida	2	2	2	2	1	1	2	2	2	3	2	3		6	194
3147815	Verbesina alternifolia	Plantae	Magnoliopsida	2	2	2	2	1	1	1	1	3	3	3	3		6	220
2687182	Tsuga canadensis	Plantae	Pinopsida	2	2	2	2	1	1	1	1	1	2	2	2		6	194
8745918	Deroceras invadens	Animalia	Gastropoda	2	2	2	2	1	1	1	1	1	1	2	2		1	225
2479311	Platycercus elegans	Animalia	Aves	2	2	2	2	1	1	1	1	1	1	1	1		1	212
2498156	Anas undulata	Animalia	Aves	2	2	2	2	1	1	1	1	1	1	1	1		1	212
5229205	Eudocimus albus	Animalia	Aves	2	2	2	1	3	3	3	1	1	1	2	1	0.8813246807052642	1	212
2926572	Physostegia virginiana	Plantae	Magnoliopsida	2	2	2	1	3	3	3	1	1	1	1	1	0.8715436005708572	6	220
3121258	Artemisia princeps	Plantae	Magnoliopsida	2	2	2	1	3	3	2	1	1	1	2	1	0.7684695795278	6	220
2498071	Anas hottentota	Animalia	Aves	2	2	2	1	2	2	2	1	2	2	2	1	0.6151839415117021	1	212
2498107	Anas formosa	Animalia	Aves	2	2	2	1	1	1	1	1	2	2	2	1	0.8836807615922097	1	212
2475648	Dacelo novaeguineae	Animalia	Aves	2	2	1	1	1	2	2	1	1	1	1	2		1	212
2479329	Platycercus eximius	Animalia	Aves	2	2	1	1	1	1	1	1	2	2	3	2		1	212
3026049	Cotoneaster dammeri	Plantae	Magnoliopsida	2	2	1	1	1	1	1	1	1	1	1	1	0.9266492408362457	6	220
2706026	Miscanthus sinensis	Plantae	Liliopsida	2	2	1	0	2	2	1	0	1	1	1	0	0.6735126846243513	6	196
3112361	Cynara scolymus	Plantae	Magnoliopsida	2	1	3	3	3	2	3	2	1	1	1	1		6	220
5284982	Pinus strobus	Plantae	Pinopsida	2	1	3	3	2	1	3	3	2	1	3	3	1.105097443639213	6	194
7915783	Oenothera fallax	Plantae	Magnoliopsida	2	1	3	2	1	1	3	2	2	1	2	2	0.9310602744028998	6	220
5567694	Bergenia crassifolia	Plantae	Magnoliopsida	2	1	3	1	3	1	3	1	1	1	2	1	0.7379547734009928	6	220
7855120	Odontites luteus	Plantae	Magnoliopsida	2	1	3	1	2	1	2	1	2	1	2	1	0.9098797415295412	6	220
5372614	Salix eriocephala	Plantae	Magnoliopsida	2	1	3	1	2	1	2	1	2	1	2	1	0.5879782189191676	6	220
8342911	Papaver setiferum	Plantae	Magnoliopsida	2	1	3	1	1	1	2	1	1	1	2	1	0.9260156979816639	6	220
5362004	Sedum sarmentosum	Plantae	Magnoliopsida	2	1	2	3	2	1	2	3	2	1	2	3	1.0124308045003756	6	220
5328909	Sagittaria latifolia	Plantae	Liliopsida	2	1	2	1	2	3	2	1	3	3	3	3	0.9850495888430035	6	196
3040999	Raphanus raphanistrum landra	Plantae	Magnoliopsida	2	1	2	1	2	1	2	1	2	1	2	1	0.8588859417487839	6	220
9153437	Salix daphnoides	Plantae	Magnoliopsida	2	1	2	1	2	1	2	1	2	1	2	1	0.8470880934028089	6	220
3026334	Cotoneaster divaricatus	Plantae	Magnoliopsida	2	1	2	1	1	1	2	1	2	1	2	1	0.5977639118364052	6	220
5392145	Bidens radiata	Plantae	Magnoliopsida	2	1	2	1	1	1	2	1	1	1	1	1	0.7885746389798317	6	220
2701578	Juncus foliosus	Plantae	Liliopsida	2	1	2	1	1	1	1	1	2	1	2	1	0.9102118058631122	6	196
3172348	Fraxinus pennsylvanica	Plantae	Magnoliopsida	2	1	2	0	3	1	3	0	2	1	2	0	0.6242200229916193	6	220
3690997	Cardamine occulta	Plantae	Magnoliopsida	2	1	2	0	1	1	2	0	2	1	2	0	0.7603664234716373	6	220
3026294	Cotoneaster bullatus	Plantae	Magnoliopsida	2	1	2	0	1	1	1	0	2	1	2	0	0.8649411296251807	6	220
5304294	Hyacinthoides massartiana	Plantae	Liliopsida	2	1	1	3	3	1	1	3	3	1	1	3	1.0663310342500396	6	196
4259350	Tilia tomentosa	Plantae	Magnoliopsida	2	1	1	3	3	1	1	3	2	1	1	3	1.0738315669900746	6	220
5415012	Linaria purpurea	Plantae	Magnoliopsida	2	1	1	1	2	1	1	1	3	1	1	1	0.9378515728178538	6	220
2891774	Impatiens capensis	Plantae	Magnoliopsida	2	1	1	1	2	1	1	1	2	1	1	1	0.8254502459630172	6	220
3036892	Aralia elata	Plantae	Magnoliopsida	2	1	1	1	2	1	1	1	1	1	1	1	0.9653688252917393	6	220
2498046	Chenonetta jubata	Animalia	Aves	2	1	1	0	2	3	1	0	2	3	1	0	0.9168625913436311	1	212
3147018	Erigeron floribundus	Plantae	Magnoliopsida	2	1	1	0	2	1	1	0	2	3	1	0	0.9054461604668358	6	220
5289666	Setaria faberi	Plantae	Liliopsida	2	1	0	2	2	1	0	2	2	1	0	2	0.9952990955060073	6	196
3054357	Juglans nigra	Plantae	Magnoliopsida	2	1	0	1	3	1	0	1	3	1	0	1	0.9527201852476355	6	220
6157026	Trachemys scripta elegans	Animalia	Reptilia	2	1	0	0	2	1	0	0	3	1	0	0	0.9210373645212828	1	358
2479977	Nymphicus hollandicus	Animalia	Aves	2	1	0	0	2	1	0	0	2	1	0	0	0.9684180483396478	1	212
3033896	Berberis thunbergii	Plantae	Magnoliopsida	2	1	0	0	2	1	0	0	2	1	0	0	0.8058794859515661	6	220
5341497	Nepeta racemosa	Plantae	Magnoliopsida	2	0	3	1	3	0	3	1	1	0	1	1	0.8929265154920307	6	220
5825913	Pinus nigra laricio	Plantae	Pinopsida	2	0	2	1	2	0	2	1	3	0	2	1	0.9148212219967631	6	194
2870583	Pistia stratiotes	Plantae	Liliopsida	2	0	2	1	1	0	1	1	2	0	2	1	0.7744669119920199	6	196
2684171	Thuja plicata	Plantae	Pinopsida	2	0	2	0	2	0	2	0	2	0	2	0	0.8900664838345702	6	194
2437450	Tamias sibiricus	Animalia	Mammalia	2	0	2	0	2	0	2	0	2	0	2	0	0.7179073513252674	1	359
5384932	Saururus cernuus	Plantae	Magnoliopsida	2	0	2	0	1	0	2	0	2	0	2	0	0.8377578145572253	6	220
5284827	Picea sitchensis	Plantae	Pinopsida	2	0	1	1	2	0	3	1	1	0	3	1	0.9641564682251906	6	194
7501634	Rosa multiflora	Plantae	Magnoliopsida	2	0	1	1	2	0	1	1	2	0	1	1	0.7974046578624748	6	220
5361762	Myriophyllum heterophyllum	Plantae	Magnoliopsida	2	0	1	0	2	0	1	0	3	0	1	0	0.43236048285134265	6	220
2479798	Melopsittacus undulatus	Animalia	Aves	2	0	1	0	2	0	1	0	2	0	1	0	0.8529168397733815	1	212
2479407	Myiopsitta monachus	Animalia	Aves	2	0	1	0	2	0	1	0	2	0	1	0	0.5891994078267313	1	212
3189837	Acer saccharinum	Plantae	Magnoliopsida	2	0	0	1	3	0	0	1	3	0	0	1	0.8128331845923582	6	220
2984676	Pachysandra terminalis	Plantae	Magnoliopsida	2	0	0	0	2	0	0	0	3	0	0	0	0.8471797665658891	6	220
2889934	Tropaeolum majus	Plantae	Magnoliopsida	1	3	3	3	1	3	3	3	3	3	3	3	1.4592101817236054	6	220
5281901	Campylopus introflexus	Plantae	Bryopsida	1	3	3	3	1	3	3	3	1	3	3	3	1.1953010731023044	6	327
2495414	Columba livia	Animalia	Aves	1	3	3	3	1	3	2	3	1	3	2	3	1.2641208850956858	1	212
1722140	Eumodicogryllus bordigalensis	Animalia	Insecta	1	3	3	3	1	1	3	1	1	1	1	1		1	216
3032611	Darmera peltata	Plantae	Magnoliopsida	1	3	3	3		1	3	2			3	3		6	220
2772082	Muscari latifolium	Plantae	Liliopsida	1	3	3	1	1	1	1	1	1	1	1	1		6	196
2498035	Anser indicus	Animalia	Aves	1	3	3	0	1	3	3	2	1	3	2	2	1.0078054657263023	1	212
3667238	Oenothera paradoxa	Plantae	Magnoliopsida	1	3	2	2	1	1	1	1	1	3	3	3		6	220
2684984	Araucaria araucana	Plantae	Pinopsida	1	3	2	2		3	2	2		1	1	1		6	194
2865565	Lagarosiphon major	Plantae	Liliopsida	1	3	2	1	1	3	2	1	1	3	2	1	0.778613477432335	6	196
7263145	Acer rufinerve	Plantae	Magnoliopsida	1	3	1	3	2	1	1	1	1	1	1	1		6	220
5156102	Leptoglossus occidentalis	Animalia	Insecta	1	3	1	3	1	3	3	3	1	3	3	3	1.4924379620570762	1	216
9451184	Pavo cristatus	Animalia	Aves	1	3	1	3	1	3	1	3	1	3	1	3	1.2907295449641207	1	212
2498344	Cygnus atratus	Animalia	Aves	1	3	1	3	1	3	1	3	1	3	1	3	1.236894913878143	1	212
3021730	Prunus cerasifera	Plantae	Magnoliopsida	1	3	1	3	1	3	1	3	1	3	1	3	1.1013892427815182	6	220
3172291	Ligustrum ovalifolium	Plantae	Magnoliopsida	1	3	1	3	1	3	1	3	1	3	1	3	1.095954827668127	6	220
2436940	Oryctolagus cuniculus	Animalia	Mammalia	1	3	1	3	1	3	1	3	1	3	1	3	1.0873402462118098	1	359
2498387	Aix sponsa	Animalia	Aves	1	3	1	3	1	3	1	3	1	3	1	3	1.0752024205869763	1	212
2716226	Cyperus esculentus	Plantae	Liliopsida	1	3	1	3	1	3	1	3	1	3	1	3	1.0566975718366327	6	196
3042845	Brassica oleracea	Plantae	Magnoliopsida	1	3	1	3	1	3	1	3	1	3	1	3	1.052854353661724	6	220
3189815	Aesculus hippocastanum	Plantae	Magnoliopsida	1	3	1	3	1	3	1	3	1	3	1	3	1.0525141943583562	6	220
3021496	Prunus laurocerasus	Plantae	Magnoliopsida	1	3	1	3	1	3	1	3	1	3	1	3	1.0489696983131118	6	220
2498384	Callonetta leucophrys	Animalia	Aves	1	3	1	3	1	3	1	3	1	3	1	3	1.04670171155035	1	212
5365705	Potentilla intermedia	Plantae	Magnoliopsida	1	3	1	3	1	3	1	3	1	3	1	3	1.0378119616347958	6	220
9018536	Koenigia campanulata	Plantae	Magnoliopsida	1	3	1	3	1	1	1	1	1	1	1	1		6	220
2857449	Allium ramosum	Plantae	Liliopsida	1	3	1	3		1	3	3			1	1		6	196
2705090	Panicum miliaceum	Plantae	Liliopsida	1	3	1	1	1	3	1	1	1	3	1	1	0.9855144119407585	6	196
2226990	Pacifastacus leniusculus	Animalia	Malacostraca	1	3	1	1	1	3	1	1	1	3	1	1	0.9846914131819415	1	229
5285565	Pinus pinaster	Plantae	Pinopsida	1	3	1	1	1	3	1	1	1	3	1	1	0.9627841126135248	6	194
2498402	Dendrocygna bicolor	Animalia	Aves	1	3	1	1	1	3	1	1	1	3	1	1	0.9326743849445212	1	212
2362868	Pseudorasbora parva	Animalia	Actinopterygii	1	3	1	1	1	3	1	1	1	3	1	1	0.909879295986431	1	204
2479553	Agapornis personatus	Animalia	Aves	1	3	1	1		1	3	3		1	3	3		1	212
7346102	Erythranthe guttata	Plantae	Magnoliopsida	1	3	1	0	1	3	1	0	1	3	1	0	0.935086462932865	6	220
2498090	Anas bahamensis	Animalia	Aves	1	3	1	0	1	3	1	0	1	3	1	0	0.9204047817460439	1	212
2880539	Quercus rubra	Plantae	Magnoliopsida	1	3	1	0	1	3	1	0	1	3	1	0	0.7647500115843302	6	220
2876607	Alnus cordata	Plantae	Magnoliopsida	1	3	0	3	1	3	0	3	1	3	0	3	1.2753042934845935	6	220
3084022	Phytolacca acinosa	Plantae	Magnoliopsida	1	3	0	0	1	3	0	0	1	3	0	0	0.7573174153848506	6	220
7158449	Polystichum polyblepharum	Plantae	Polypodiopsida	1	2	3	3	1	1	1	1	1	1	1	3		6	7228684
2651816	Adiantum capillus-veneris	Plantae	Polypodiopsida	1	2	2	3	2	2	3	3	1	1	3	3	1.1034581462002937	6	7228684
2469188	Podarcis muralis	Animalia	Reptilia	1	2	2	3	2	2	2	2	1	2	2	3		1	358
4565061	Cernuella neglecta	Animalia	Gastropoda	1	2	2	2	3	3	3	3	2	2	2	2		1	225
2781103	Hemerocallis lilioasphodelus	Plantae	Liliopsida	1	2	2	2	2	2	2	2	0	0	1	1		6	196
2142456	Uloborus plumipes	Animalia	Arachnida	1	2	2	2	1	3	3	3	1	3	3	2		1	367
2437619	Dolichotis patagonum	Animalia	Mammalia	1	2	2	2	1	1	1	1	1	3	2	2		1	359
2726538	Carex muskingumensis	Plantae	Liliopsida	1	2	1	1	1	1	2	1	1	1	1	1		6	196
8946295	Pontastacus leptodactylus	Animalia	Malacostraca	1	2	1	1	1	1	1	1	2	2	2	2		1	229
2480410	Parabuteo unicinctus	Animalia	Aves	1	2	1	0	2	2	1	0	2	2	3	0	0.5668292069889516	1	212
2722515	Carex morrowii	Plantae	Liliopsida	1	1	3	3	3	3	3	3	1	1	1	1		6	196
7740617	Skimmia japonica	Plantae	Magnoliopsida	1	1	3	3	3	3	3	3	1	1	1	1		6	220
2888806	Scabiosa ochroleuca	Plantae	Magnoliopsida	1	1	3	3	3	3	1	3	1	1	3	1		6	220
5370006	Geum ternatum	Plantae	Magnoliopsida	1	1	3	3	3	2	3	3	1	1	3	2		6	220
3096529	Mauranthemum paludosum	Plantae	Magnoliopsida	1	1	3	3	3	2	2	3	1	1	2	3	1.0353148826667549	6	220
5334527	Limnanthes douglasii	Plantae	Magnoliopsida	1	1	3	3	1	3	2	2		0	1	1		6	220
2437282	Tamiasciurus hudsonicus	Animalia	Mammalia	1	1	3	3	1	2	1	1	1	1	1	1		1	359
7190901	Graptemys pseudogeographica pseudogeographica	Animalia	Reptilia	1	1	3	3	1	2	1	1	1	1	1	1		1	358
3039046	Fatsia japonica	Plantae	Magnoliopsida	1	1	3	3	1	1	3	3	2	3	3	3	1.1985184367623585	6	220
2498388	Aix galericulata	Animalia	Aves	1	1	3	3	1	1	3	3	1	3	3	3	1.0348517230222831	1	212
5408682	Lobelia pedunculata	Plantae	Magnoliopsida	1	1	3	3	1	1	3	3	1	1	3	3		6	220
2888859	Muehlenbeckia complexa	Plantae	Magnoliopsida	1	1	3	3	1	1	3	3	1	1	1	1		6	220
3189828	Aesculus parviflora	Plantae	Magnoliopsida	1	1	3	3	1	1	3	3	1	1	1	1		6	220
3032653	Heuchera sanguinea	Plantae	Magnoliopsida	1	1	3	3	1	1	3	2	1	1	2	2		6	220
7156971	Oxalis triangularis	Plantae	Magnoliopsida	1	1	3	3	1	1	3	1	2	2	3	3		6	220
3000406	Stranvaesia davidiana	Plantae	Magnoliopsida	1	1	3	3	1	1	2	2	2	2	2	2		6	220
2888622	Viburnum plicatum	Plantae	Magnoliopsida	1	1	3	3	1	1	2	2	1	1	1	1		6	220
5676646	Digitaria aequiglumis	Plantae	Liliopsida	1	1	3	3	1	1	1	3	3	3	2	3	1.1245499902125735	6	196
2495494	Geopelia cuneata	Animalia	Aves	1	1	3	3	1	1	1	3	1	1	2	3	1.0839362058940225	1	212
2747939	Crocosmia crocosmiiflora	Plantae	Liliopsida	1	1	3	3	1	1	1	1	3	3	1	1		6	196
9376410	Delosperma cooperi	Plantae	Magnoliopsida	1	1	3	3	1	1	1	1	1	3	3	3		6	220
4925890	Acer tataricum ginnala	Plantae	Magnoliopsida	1	1	3	3	1	1	1	1	1	1	2	2		6	220
8323119	Bidens triplinervia macrantha	Plantae	Magnoliopsida	1	1	3	3	1	1	1	1	1	1	2	2		6	220
2465380	Python regius	Animalia	Reptilia	1	1	3	3	1	1	1	1	1	1	1	1		1	358
2700768	Luzula nivea	Plantae	Liliopsida	1	1	3	3	1	1	1	1	1	1	1	1		6	196
2704194	Poa infirma	Plantae	Liliopsida	1	1	3	3	1	1	1	1	1	1	1	1		6	196
3665940	Oenothera royfraseri	Plantae	Magnoliopsida	1	1	3	3	1	1	1	1	1	1	1	1		6	220
4487799	Tupiocoris rhododendri	Animalia	Insecta	1	1	3	3	1	1	1	1	1	1	1	1		1	216
5415453	Acanthus spinosus	Plantae	Magnoliopsida	1	1	3	3	1	1	1	1	1	1	1	1		6	220
3138192	Eutrochium purpureum	Plantae	Magnoliopsida	1	1	3	3	1	1	1	1			2	2		6	220
1421095	Ctenolepisma lineata	Animalia	Insecta	1	1	3	3			3	3			3	3		1	216
3889056	Perovskia atriplicifolia	Plantae	Magnoliopsida	1	1	3	3			3	3			3	3		6	220
3065244	Euphorbia amygdaloides robbiae	Plantae	Magnoliopsida	1	1	3	3			3	3			1	1		6	220
4485843	Halyomorpha halys	Animalia	Insecta	1	1	3	3			3	3			1	1		1	216
5331238	Viola sororia	Plantae	Magnoliopsida	1	1	3	3			3	3			1	1		6	220
5414932	Chelone obliqua	Plantae	Magnoliopsida	1	1	3	3			3	3			1	1		6	220
2868827	Zantedeschia aethiopica	Plantae	Liliopsida	1	1	3	3			1	1			3	3		6	196
2480786	Theristicus melanopis	Animalia	Aves	1	1	3	3			1	1			1	1		1	212
3083486	Paeonia lactiflora	Plantae	Magnoliopsida	1	1	3	3			1	1			1	1		6	220
5371610	Tiarella cordifolia	Plantae	Magnoliopsida	1	1	3	3			0	0			1	1		6	220
3134867	Catananche caerulea	Plantae	Magnoliopsida	1	1	3	3			0	0			0	0		6	220
3189836	Acer pensylvanicum	Plantae	Magnoliopsida	1	1	3	3			0	0			0	0		6	220
3646556	Pterostyrax hispidus	Plantae	Magnoliopsida	1	1	3	3			0	0			0	0		6	220
7636833	Syringa josikaea	Plantae	Magnoliopsida	1	1	3	3			0	0			0	0		6	220
5828216	Cenchrus flaccidus	Plantae	Liliopsida	1	1	3	2	3	3	3	3	3	2	1	1		6	196
2928668	Dichondra argentea	Plantae	Magnoliopsida	1	1	3	2	1	1	1	1	1	1	3	2		6	220
5584240	Silene schafta	Plantae	Magnoliopsida	1	1	3	2	1	1	1	1	1	1	3	2		6	220
7153712	Fumaria bastardii	Plantae	Magnoliopsida	1	1	3	2	1	1	1	1	1	1	1	1		6	220
8242349	Lonicera chrysantha	Plantae	Magnoliopsida	1	1	3	2	1	1	1	1	1	1	1	1		6	220
8408816	Colchicum byzantinum	Plantae	Liliopsida	1	1	3	2	1	1	1	1	1	1	1	1		6	196
2441122	Ovis ammon	Animalia	Mammalia	1	1	3	2			1	1			1	1		1	359
2928666	Dichondra micrantha	Plantae	Magnoliopsida	1	1	3	2			1	1			1	1		6	220
5403541	Crepis bursifolia	Plantae	Magnoliopsida	1	1	3	2			1	1			1	1		6	220
5296432	Sisyrinchium striatum	Plantae	Liliopsida	1	1	3	1	1	1	3	3	1	1	1	1		6	196
2439261	Rattus norvegicus	Animalia	Mammalia	1	1	3	1	1	1	3	1	1	1	3	1	0.8441416855841599	1	359
3139003	Melampodium montanum	Plantae	Magnoliopsida	1	1	3	1	1	1	1	1	1	1	1	1	0.7830592109361809	6	220
3171304	Mazus pumilus	Plantae	Magnoliopsida	1	1	3	1	1	1	1	1	1	1	1	1		6	220
3064669	Euphorbia myrsinites	Plantae	Magnoliopsida	1	1	2	3	1	1	3	3	3	3	3	2		6	220
2651826	Adiantum raddianum	Plantae	Polypodiopsida	1	1	2	3	1	1	2	3	1	2	1	3	1.3378519215357831	6	7228684
5384390	Amaranthus cruentus	Plantae	Magnoliopsida	1	1	2	3	1	1	2	3	1	1	2	3	1.0068761858616648	6	220
7319302	Dryopteris cycadina	Plantae	Polypodiopsida	1	1	2	3	1	1	2	2	1	1	2	2		6	7228684
1722299	Gryllodes sigillatus	Animalia	Insecta	1	1	2	2	3	3	2	2	1	1	2	2		1	216
3138195	Eutrochium maculatum	Plantae	Magnoliopsida	1	1	2	2	2	2	3	3	1	1	2	2		6	220
7818643	Prunus armeniaca	Plantae	Magnoliopsida	1	1	2	2	2	2	3	2	2	2	2	2		6	220
5414239	Ilex crenata	Plantae	Magnoliopsida	1	1	2	2	2	2	2	2	3	3	3	3		6	220
2479544	Agapornis fischeri	Animalia	Aves	1	1	2	2	1	2	3	3	3	3	1	3		1	212
2434552	Nyctereutes procyonoides	Animalia	Mammalia	1	1	2	2	1	2	2	2	1	2	2	2		1	359
2963569	Styphnolobium japonicum	Plantae	Magnoliopsida	1	1	2	2	1	1	3	3	1	1	3	3		6	220
2879504	Quercus frainetto	Plantae	Magnoliopsida	1	1	2	2	1	1	3	2	1	1	2	2		6	220
5373039	Salix sepulcralis chrysocoma	Plantae	Magnoliopsida	1	1	2	2	1	1	2	2	3	3	2	2		6	220
7127354	Cyclamen coum	Plantae	Magnoliopsida	1	1	2	2	1	1	2	2	3	3	2	2		6	220
2474936	Anthropoides virgo	Animalia	Aves	1	1	2	2	1	1	2	2	2	2	2	2		1	212
2685552	Abies nordmanniana	Plantae	Pinopsida	1	1	2	2	1	1	2	2	1	1	2	2		6	194
3853033	Neillia incisa	Plantae	Magnoliopsida	1	1	2	2	1	1	2	2			1	1		6	220
8599762	Aproceros leucopoda	Animalia	Insecta	1	1	2	2	1	1	1	1	2	3	3	3		1	216
5231398	Leiothrix lutea	Animalia	Aves	1	1	2	2	1	1	1	1	2	2	2	2		1	212
2480446	Haliaeetus leucocephalus	Animalia	Aves	1	1	2	2	1	1	1	1	1	1	1	1		1	212
5395475	Ligularia dentata	Plantae	Magnoliopsida	1	1	2	2	1	1	1	1	1	1	1	1		6	220
4201784	Petrosedum sediforme	Plantae	Magnoliopsida	1	1	2	2			2	2			2	2		6	220
2874199	Passiflora caerulea	Plantae	Magnoliopsida	1	1	2	1	3	2	3	1	1	1	2	0	0.5669352332007077	6	220
2379089	Neogobius melanostomus	Animalia	Actinopterygii	1	1	2	1	2	3	2	2	3	3	3	2		1	204
5406741	Sida spinosa	Plantae	Magnoliopsida	1	1	2	1	1	1	2	1	3	3	2	1	0.9727127250591784	6	220
2985863	Hylotelephium spectabile	Plantae	Magnoliopsida	1	1	2	1	1	1	2	1	2	2	2	1	0.7538154777402281	6	220
5332120	Betula papyrifera	Plantae	Magnoliopsida	1	1	2	1	1	1	1	1	3	3	3	1	0.8515254038540798	6	220
5177089	Jaera istri	Animalia	Malacostraca	1	1	2	1	1	1	1	1	1	1	2	1	0.9130529512672815	1	229
2702822	Echinochloa frumentacea	Plantae	Liliopsida	1	1	2	1	1	1	1	1	1	1	2	1	0.8674973631010163	6	196
2498001	Sarkidiornis melanotos	Animalia	Aves	1	1	2	1	1	1	1	1	1	1	2	1	0.8419660979932125	1	212
2498139	Anas cyanoptera	Animalia	Aves	1	1	2	1	1	1	1	1	1	1	1	1	0.9684779999500298	1	212
2480350	Pelecanus onocrotalus	Animalia	Aves	1	1	2	1	1	1	1	1	1	1	1	1	0.46789052344183274	1	212
3046015	Cardamine corymbosa	Plantae	Magnoliopsida	1	1	2	0	2	2	2	0	1	1	1	0	0.8713755819883643	6	220
7645931	Salix acutifolia	Plantae	Magnoliopsida	1	1	2	0	1	1	2	0	3	3	3	0	0.09579374600828906	6	220
7227181	Carex muricata muricata	Plantae	Liliopsida	1	1	1	3	3	3	3	3	1	1	1	3	1.057127363322197	6	196
2227663	Rhithropanopeus harrisii	Animalia	Malacostraca	1	1	1	3	2	2	1	3	2	3	2	3	1.097593267546438	1	229
4460066	Chrysolina americana	Animalia	Insecta	1	1	1	3	1	3	1	3	1	3	1	3	1.464520274785182	1	216
5528747	Paronychia argentea	Plantae	Magnoliopsida	1	1	1	3	1	3	1	3	1	1	1	1		6	220
2473341	Numida meleagris	Animalia	Aves	1	1	1	3	1	2	2	3	2	2	1	3	1.0765605819625192	1	212
3664677	Oenothera subterminalis	Plantae	Magnoliopsida	1	1	1	3	1	1	3	3	2	2	2	3	1.127388950497924	6	220
3042925	Brassica carinata	Plantae	Magnoliopsida	1	1	1	3	1	1	3	3	1	1	1	1		6	220
2220347	Limnomysis benedeni	Animalia	Malacostraca	1	1	1	3	1	1	2	3	1	1	1	3	1.0312199722945687	1	229
2498114	Anas versicolor	Animalia	Aves	1	1	1	3	1	1	1	3	1	3	3	3	1.2581336226320363	1	212
4315705	Dikerogammarus villosus	Animalia	Malacostraca	1	1	1	3	1	1	1	3	1	1	1	3	1.0429445486869258	1	229
2701612	Juncus ensifolius	Plantae	Liliopsida	1	1	1	2	3	2	3	2	3	2	1	1		6	196
3146683	Erigeron sumatrensis	Plantae	Magnoliopsida	1	1	1	2	1	3	1	2	1	3	1	2	0.897381200552156	6	220
5372827	Salix irrorata	Plantae	Magnoliopsida	1	1	1	2	1	1	1	2	3	3	3	2		6	220
2297108	Milax gagates	Animalia	Gastropoda	1	1	1	1	3	3	3	3	1	1	3	3		1	225
2925351	Clerodendrum bungei	Plantae	Magnoliopsida	1	1	1	1	3	3	3	3	1	1	1	1		6	220
3741446	Erinus alpinus	Plantae	Magnoliopsida	1	1	1	1	3	3	3	3	1	1	1	1		6	220
7475424	Scabiosa lucida	Plantae	Magnoliopsida	1	1	1	1	3	3	3	3	1	1	1	1		6	220
8421432	Cornus sanguinea hungarica	Plantae	Magnoliopsida	1	1	1	1	3	3	3	3	1	1	1	1		6	220
2474029	Alectoris chukar	Animalia	Aves	1	1	1	1	3	3	3	3	0	0	0	0		1	212
2685663	Abies homolepis	Plantae	Pinopsida	1	1	1	1	3	3	2	3	0	0	0	0		6	194
2889980	Geranium magnificum	Plantae	Magnoliopsida	1	1	1	1	3	3	2	2	0	0	0	0		6	220
2716838	Eleocharis engelmannii	Plantae	Liliopsida	1	1	1	1	3	2	1	1	1	3	1	1		6	196
4287131	Acipenser baerii	Animalia	Actinopterygii	1	1	1	1	3	1	3	1	3	1	3	1	0.8312258146146191	1	204
5421389	Sarracenia purpurea	Plantae	Magnoliopsida	1	1	1	1	3	1	1	1	1	1	1	1		6	220
2717467	Eleocharis obtusa	Plantae	Liliopsida	1	1	1	1	2	3	2	3	2	2	2	3		6	196
4938160	Berberis gagnepainii	Plantae	Magnoliopsida	1	1	1	1	2	2	3	3	1	1	3	3		6	220
1652212	Aedes japonicus	Animalia	Insecta	1	1	1	1	2	2	2	3	3	3	2	3		1	216
1651430	Aedes albopictus	Animalia	Insecta	1	1	1	1	2	2	2	2	3	3	3	3		1	216
2455615	Pantherophis guttatus	Animalia	Reptilia	1	1	1	1	2	2	2	2	1	2	3	3		1	358
5358774	Trifolium nigrescens	Plantae	Magnoliopsida	1	1	1	1	2	2	2	2	1	1	2	2		6	220
2480772	Plegadis ridgwayi	Animalia	Aves	1	1	1	1	2	2	2	2	1	1	1	1		1	212
5341407	Monarda didyma	Plantae	Magnoliopsida	1	1	1	1	2	2	2	2	1	1	1	1		6	220
2722380	Carex crawfordii	Plantae	Liliopsida	1	1	1	1	2	2	2	2	0	0	0	0		6	196
6369819	Sambucus canadensis	Plantae	Magnoliopsida	1	1	1	1	2	2	2	1	2	3	2	1	0.6638374981143023	6	220
5334194	Macleaya cordata	Plantae	Magnoliopsida	1	1	1	1	2	2	2	1	2	2	3	1	0.7603680794347328	6	220
3036157	Hedera hibernica	Plantae	Magnoliopsida	1	1	1	1	2	2	2	1	2	2	2	2		6	220
2494097	Euplectes afer	Animalia	Aves	1	1	1	1	2	2	2	1	1	1	1	1		1	212
6369140	Prunus domestica domestica	Plantae	Magnoliopsida	1	1	1	1	2	2	1	2	3	3	2	3		6	220
5199161	Hypania invalida	Animalia	Polychaeta	1	1	1	1	2	2	1	1	2	2	2	2		1	256
2498393	Dendrocygna autumnalis	Animalia	Aves	1	1	1	1	2	2	1	1	1	1	1	1	0.807068574889533	1	212
2480542	Buteo jamaicensis	Animalia	Aves	1	1	1	1	2	2	1	1	1	1	1	1		1	212
9685907	Falco sparverius	Animalia	Aves	1	1	1	1	2	2	1	1	1	1	1	1		1	212
4285968	Ponticola kessleri	Animalia	Actinopterygii	1	1	1	1	2	1	2	1	3	2	3	2		1	204
2498408	Lophodytes cucullatus	Animalia	Aves	1	1	1	1	2	1	1	1	2	1	1	1	0.9662698369665982	1	212
5538946	Pimpinella peregrina	Plantae	Magnoliopsida	1	1	1	1	2	1	1	1	2	1	1	1	0.9266767417362128	6	220
2869311	Lysichiton americanus	Plantae	Liliopsida	1	1	1	1	2	1	1	1	1	1	2	2		6	196
2720171	Scirpus cyperinus	Plantae	Liliopsida	1	1	1	1	1	3	1	3	1	1	1	1		6	196
2855705	Allium lusitanicum	Plantae	Liliopsida	1	1	1	1	1	3	1	3	1	1	1	1		6	196
7334489	Sedum palmeri	Plantae	Magnoliopsida	1	1	1	1	1	3	1	3	1	1	1	1		6	220
2767428	Puschkinia scilloides	Plantae	Liliopsida	1	1	1	1	1	2	3	1	3	3	1	1		6	196
1652150	Aedes koreicus	Animalia	Insecta	1	1	1	1	1	2	1	2	1	3	1	3		1	216
2857679	Allium macleanii	Plantae	Liliopsida	1	1	1	1	1	1	3	3	3	3	3	3		6	196
2857341	Allium zebdanense	Plantae	Liliopsida	1	1	1	1	1	1	3	3	1	1	1	1		6	196
8302634	Oenothera suaveolens	Plantae	Magnoliopsida	1	1	1	1	1	1	3	3	1	1	1	1		6	220
2928238	Phacelia campanularia	Plantae	Magnoliopsida	1	1	1	1	1	1	3	3			1	1		6	220
2964167	Lupinus albus	Plantae	Magnoliopsida	1	1	1	1	1	1	3	3			1	1		6	220
2985995	Hydrangea paniculata	Plantae	Magnoliopsida	1	1	1	1	1	1	3	3			1	1		6	220
2498145	Anas rhynchotis	Animalia	Aves	1	1	1	1	1	1	3	3			0	0		1	212
2498131	Anas puna	Animalia	Aves	1	1	1	1	1	1	3	2			1	1		1	212
5227775	Phasianus versicolor	Animalia	Aves	1	1	1	1	1	1	3	1	1	3	1	1		1	212
3188829	Oenothera elata	Plantae	Magnoliopsida	1	1	1	1	1	1	2	3	1	1	2	2		6	220
7322143	Oenothera victorinii	Plantae	Magnoliopsida	1	1	1	1	1	1	2	2	3	3	3	3		6	220
3026105	Cotoneaster integrifolius	Plantae	Magnoliopsida	1	1	1	1	1	1	2	2	1	1	2	2		6	220
5930559	Ilex altaclerensis	Plantae	Magnoliopsida	1	1	1	1	1	1	2	2	1	1	2	2		6	220
4034001	Persicaria nepalensis	Plantae	Magnoliopsida	1	1	1	1	1	1	2	1	1	3	2	2		6	220
1031394	Ectopsocus petersi	Animalia	Insecta	1	1	1	1	1	1	1	1	3	3	3	3		1	216
2498411	Amazonetta brasiliensis	Animalia	Aves	1	1	1	1	1	1	1	1	3	3	3	3		1	212
3064495	Euphorbia heterophylla	Plantae	Magnoliopsida	1	1	1	1	1	1	1	1	3	3	3	3		6	220
3169120	Euonymus alatus	Plantae	Magnoliopsida	1	1	1	1	1	1	1	1	3	3	3	3		6	220
4048240	Elaeagnus submacrophylla	Plantae	Magnoliopsida	1	1	1	1	1	1	1	1	3	3	3	3		6	220
4486365	Nysius huttoni	Animalia	Insecta	1	1	1	1	1	1	1	1	3	3	3	3		1	216
2489010	Acridotheres cristatellus	Animalia	Aves	1	1	1	1	1	1	1	1	3	3	3	2		1	212
2498335	Cygnus melancoryphus	Animalia	Aves	1	1	1	1	1	1	1	1	3	3	2	3		1	212
2480181	Psittacus erithacus	Animalia	Aves	1	1	1	1	1	1	1	1	3	3	2	2		1	212
2495688	Streptopelia roseogrisea	Animalia	Aves	1	1	1	1	1	1	1	1	3	3	2	2		1	212
5189032	Corbicula fluminalis	Animalia	Bivalvia	1	1	1	1	1	1	1	1	3	3	2	2		1	137
2717402	Eleocharis mamillata austriaca	Plantae	Liliopsida	1	1	1	1	1	1	1	1	3	2	2	2		6	196
1031400	Ectopsocus briggsi	Animalia	Insecta	1	1	1	1	1	1	1	1	2	2	2	2		1	216
5356541	Lathyrus heterophyllus	Plantae	Magnoliopsida	1	1	1	1	1	1	1	1	2	2	2	2		6	220
6100996	Crithagra mozambica	Animalia	Aves	1	1	1	1	1	1	1	1	2	2	2	1	0.6256930698992234	1	212
2379245	Proterorhinus semilunaris	Animalia	Actinopterygii	1	1	1	1	1	1	1	1	2	2	2	1		1	204
3678256	Cuscuta lupuliformis	Plantae	Magnoliopsida	1	1	1	1	1	1	1	1	2	2	1	1		6	220
5334253	Lonicera involucrata	Plantae	Magnoliopsida	1	1	1	1	1	1	1	1	1	3	3	3		6	220
2481092	Phalcoboenus megalopterus	Animalia	Aves	1	1	1	1	1	1	1	1	1	3	1	3		1	212
5362054	Crassula helmsii	Plantae	Magnoliopsida	1	1	1	1	1	1	1	1	1	3	1	1	0.8686136810186481	6	220
3012089	Sorbaria sorbifolia	Plantae	Magnoliopsida	1	1	1	1	1	1	1	1	1	3	1	1	0.8071299663581146	6	220
8323485	Haemorhous mexicanus	Animalia	Aves	1	1	1	1	1	1	1	1	1	2	3	2		1	212
2890651	Geranium psilostemon	Plantae	Magnoliopsida	1	1	1	1	1	1	1	1	1	1	3	3		6	220
3663772	Oenothera moravica	Plantae	Magnoliopsida	1	1	1	1	1	1	1	1	1	1	3	3		6	220
3664287	Oenothera casimiri	Plantae	Magnoliopsida	1	1	1	1	1	1	1	1	1	1	3	3		6	220
7322292	Oenothera cambrica	Plantae	Magnoliopsida	1	1	1	1	1	1	1	1	1	1	3	3		6	220
1713034	Gryllus bimaculatus	Animalia	Insecta	1	1	1	1	1	1	1	1	1	1	3	2		1	216
5387639	Aster ageratoides	Plantae	Magnoliopsida	1	1	1	1	1	1	1	1	1	1	3	2		6	220
2703041	Arundo donax	Plantae	Liliopsida	1	1	1	1	1	1	1	1	1	1	3	1		6	196
4133390	Lolium boucheanum	Plantae	Liliopsida	1	1	1	1	1	1	1	1	1	1	2	2		6	196
8021567	Hypericum olympicum	Plantae	Magnoliopsida	1	1	1	1	1	1	1	1	1	1	2	2		6	220
2498110	Anas sibilatrix	Animalia	Aves	1	1	1	1	1	1	1	1	1	1	1	3	0.9982120596225872	1	212
7224157	Pastinaca sativa sativa	Plantae	Magnoliopsida	1	1	1	1	1	1	1	1	1	1	1	1	0.9934705319765786	6	220
4314683	Chelicorophium curvispinum	Animalia	Malacostraca	1	1	1	1	1	1	1	1	1	1	1	1	0.9932440445910798	1	229
6391417	Rumex thyrsiflorus	Plantae	Magnoliopsida	1	1	1	1	1	1	1	1	1	1	1	1	0.9651572330523011	6	220
5285637	Pinus sylvestris	Plantae	Pinopsida	1	1	1	1	1	1	1	1	1	1	1	1	0.936126869815551	6	194
3026160	Cotoneaster rehderi	Plantae	Magnoliopsida	1	1	1	1	1	1	1	1	1	1	1	1	0.9345047119879509	6	220
8313153	Quercus palustris	Plantae	Magnoliopsida	1	1	1	1	1	1	1	1	1	1	1	1	0.9191162247007292	6	220
5289686	Setaria verticillata	Plantae	Liliopsida	1	1	1	1	1	1	1	1	1	1	1	1	0.8284473182597093	6	196
5406735	Sida rhombifolia	Plantae	Magnoliopsida	1	1	1	1	1	1	1	1	1	1	1	1	0.8225899776502873	6	220
2498160	Chen rossii	Animalia	Aves	1	1	1	1	1	1	1	1	1	1	1	1	0.7628318625187489	1	212
1031737	Psyllipsocus ramburii	Animalia	Insecta	1	1	1	1	1	1	1	1	1	1	1	1		1	216
1450317	Telmatogeton japonicus	Animalia	Insecta	1	1	1	1	1	1	1	1	1	1	1	1		1	216
2402168	Acipenser ruthenus	Animalia	Actinopterygii	1	1	1	1	1	1	1	1	1	1	1	1		1	204
2441905	Chelydra serpentina	Animalia	Reptilia	1	1	1	1	1	1	1	1	1	1	1	1		1	358
2479498	Polytelis anthopeplus	Animalia	Aves	1	1	1	1	1	1	1	1	1	1	1	1		1	212
2480352	Pelecanus rufescens	Animalia	Aves	1	1	1	1	1	1	1	1	1	1	1	1		1	212
2480454	Haliaeetus vocifer	Animalia	Aves	1	1	1	1	1	1	1	1	1	1	1	1		1	212
2480897	Egretta novaehollandiae	Animalia	Aves	1	1	1	1	1	1	1	1	1	1	1	1		1	212
2489004	Acridotheres ginginianus	Animalia	Aves	1	1	1	1	1	1	1	1	1	1	1	1		1	212
2489005	Acridotheres tristis	Animalia	Aves	1	1	1	1	1	1	1	1	1	1	1	1		1	212
2489080	Lamprotornis purpureus	Animalia	Aves	1	1	1	1	1	1	1	1	1	1	1	1		1	212
2489089	Lamprotornis splendidus	Animalia	Aves	1	1	1	1	1	1	1	1	1	1	1	1		1	212
2493598	Lonchura punctulata	Animalia	Aves	1	1	1	1	1	1	1	1	1	1	1	1		1	212
2495134	Dromaius novaehollandiae	Animalia	Aves	1	1	1	1	1	1	1	1	1	1	1	1		1	212
2498007	Tadorna tadornoides	Animalia	Aves	1	1	1	1	1	1	1	1	1	1	1	1		1	212
2498064	Anas erythrorhyncha	Animalia	Aves	1	1	1	1	1	1	1	1	1	1	1	1		1	212
2498181	Netta peposaca	Animalia	Aves	1	1	1	1	1	1	1	1	1	1	1	1		1	212
2498313	Nettapus auritus	Animalia	Aves	1	1	1	1	1	1	1	1	1	1	1	1		1	212
2701649	Juncus xiphioides	Plantae	Liliopsida	1	1	1	1	1	1	1	1	1	1	1	1		6	196
2702820	Echinochloa oryzoides	Plantae	Liliopsida	1	1	1	1	1	1	1	1	1	1	1	1		6	196
2703459	Oryza sativa	Plantae	Liliopsida	1	1	1	1	1	1	1	1	1	1	1	1		6	196
2705622	Paspalum distichum	Plantae	Liliopsida	1	1	1	1	1	1	1	1	1	1	1	1		6	196
2762737	Musa basjoo	Plantae	Liliopsida	1	1	1	1	1	1	1	1	1	1	1	1		6	196
2765940	Eichhornia crassipes	Plantae	Liliopsida	1	1	1	1	1	1	1	1	1	1	1	1		6	196
2874706	Tamarix parviflora	Plantae	Magnoliopsida	1	1	1	1	1	1	1	1	1	1	1	1		6	220
2994120	Rubus cockburnianus	Plantae	Magnoliopsida	1	1	1	1	1	1	1	1	1	1	1	1		6	220
3012103	Sorbaria kirilowii	Plantae	Magnoliopsida	1	1	1	1	1	1	1	1	1	1	1	1		6	220
3025932	Cotoneaster fangianus	Plantae	Magnoliopsida	1	1	1	1	1	1	1	1	1	1	1	1		6	220
3027791	Alchemilla micans	Plantae	Magnoliopsida	1	1	1	1	1	1	1	1	1	1	1	1		6	220
3034602	Hydrocotyle verticillata	Plantae	Magnoliopsida	1	1	1	1	1	1	1	1	1	1	1	1		6	220
3039270	Elaeagnus pungens	Plantae	Magnoliopsida	1	1	1	1	1	1	1	1	1	1	1	1		6	220
3044912	Alyssum montanum	Plantae	Magnoliopsida	1	1	1	1	1	1	1	1	1	1	1	1		6	220
3084842	Carpobrotus edulis	Plantae	Magnoliopsida	1	1	1	1	1	1	1	1	1	1	1	1		6	220
3085389	Sagina japonica	Plantae	Magnoliopsida	1	1	1	1	1	1	1	1	1	1	1	1		6	220
3104150	Tripleurospermum decipiens	Plantae	Magnoliopsida	1	1	1	1	1	1	1	1	1	1	1	1		6	220
3188711	Ammannia coccinea	Plantae	Magnoliopsida	1	1	1	1	1	1	1	1	1	1	1	1		6	220
3188859	Oenothera speciosa	Plantae	Magnoliopsida	1	1	1	1	1	1	1	1	1	1	1	1		6	220
3754587	Rodgersia podophylla	Plantae	Magnoliopsida	1	1	1	1	1	1	1	1	1	1	1	1		6	220
3902360	Mentha cervina	Plantae	Magnoliopsida	1	1	1	1	1	1	1	1	1	1	1	1		6	220
4102909	Lomelosia stellata	Plantae	Magnoliopsida	1	1	1	1	1	1	1	1	1	1	1	1		6	220
4205640	Juglans mandshurica	Plantae	Magnoliopsida	1	1	1	1	1	1	1	1	1	1	1	1		6	220
4845776	Lonchura oryzivora	Animalia	Aves	1	1	1	1	1	1	1	1	1	1	1	1		1	212
4938682	Larix marschlinsii	Plantae	Pinopsida	1	1	1	1	1	1	1	1	1	1	1	1		6	194
5104748	Cameraria gaultheriella	Animalia	Insecta	1	1	1	1	1	1	1	1	1	1	1	1		1	216
5229156	Pelecanus conspicillatus	Animalia	Aves	1	1	1	1	1	1	1	1	1	1	1	1		1	212
5229411	Anastomus lamelligerus	Animalia	Aves	1	1	1	1	1	1	1	1	1	1	1	1		1	212
5232435	Malacorhynchus membranaceus	Animalia	Aves	1	1	1	1	1	1	1	1	1	1	1	1		1	212
5274861	Salvinia auriculata	Plantae	Polypodiopsida	1	1	1	1	1	1	1	1	1	1	1	1		6	7228684
5303040	Thalia dealbata	Plantae	Liliopsida	1	1	1	1	1	1	1	1	1	1	1	1		6	196
5330085	Wolffia columbiana	Plantae	Liliopsida	1	1	1	1	1	1	1	1	1	1	1	1		6	196
5332004	Betula nana	Plantae	Magnoliopsida	1	1	1	1	1	1	1	1	1	1	1	1		6	220
5359099	Trifolium suffocatum	Plantae	Magnoliopsida	1	1	1	1	1	1	1	1	1	1	1	1		6	220
5389058	Solidago altissima	Plantae	Magnoliopsida	1	1	1	1	1	1	1	1	1	1	1	1		6	220
5395559	Ligularia przewalskii	Plantae	Magnoliopsida	1	1	1	1	1	1	1	1	1	1	1	1		6	220
5641274	Primula denticulata	Plantae	Magnoliopsida	1	1	1	1	1	1	1	1	1	1	1	1		6	220
5652131	Polygonum aviculare rurivagum	Plantae	Magnoliopsida	1	1	1	1	1	1	1	1	1	1	1	1		6	220
6157050	Graptemys pseudogeographica kohnii	Animalia	Reptilia	1	1	1	1	1	1	1	1	1	1	1	1		1	358
7333320	Ellisiophyllum pinnatum	Plantae	Magnoliopsida	1	1	1	1	1	1	1	1	1	1	1	1		6	220
7877018	Acer cissifolium	Plantae	Magnoliopsida	1	1	1	1	1	1	1	1	1	1	1	1		6	220
7881150	Polygonatum hybridum	Plantae	Liliopsida	1	1	1	1	1	1	1	1	1	1	1	1		6	196
8045533	Potentilla supina costata	Plantae	Magnoliopsida	1	1	1	1	1	1	1	1	1	1	1	1		6	220
8049400	Parentucellia latifolia	Plantae	Magnoliopsida	1	1	1	1	1	1	1	1	1	1	1	1		6	220
8096233	Spergularia bocconei	Plantae	Magnoliopsida	1	1	1	1	1	1	1	1	1	1	1	1		6	220
8241853	Anisocampium niponicum	Plantae	Polypodiopsida	1	1	1	1	1	1	1	1	1	1	1	1		6	7228684
5219858	Ondatra zibethicus	Animalia	Mammalia	1	1	1	1	1	1	1	1	1	1	0	1	0.7219367771988169	1	359
4005004	Lysimachia fortunei	Plantae	Magnoliopsida	1	1	1	1	1	1	1	1			1	1		6	220
5376035	Moricandia arvensis	Plantae	Magnoliopsida	1	1	1	1	1	1	1	1			1	1		6	220
8190077	Populus canadensis	Plantae	Magnoliopsida	1	1	1	1	1	0	1	1	1	0	1	1	0.8700707974493145	6	220
2726539	Carex scoparia	Plantae	Liliopsida	1	1	1	1			1	1			1	3		6	196
3026107	Cotoneaster simonsii	Plantae	Magnoliopsida	1	1	1	0	1	1	1	0	2	0	1	0	0.8376894569973719	6	220
2337607	Silurus glanis	Animalia	Actinopterygii	1	1	1	0	1	1	1	0	1	1	2	0	0.5835026267154136	1	204
3025617	Cotoneaster horizontalis	Plantae	Magnoliopsida	1	1	1	0	1	1	1	0	1	1	1	0	0.8755634984435356	6	220
2867614	Lemna minuta	Plantae	Liliopsida	1	1	1	0	1	1	1	0	1	1	1	0	0.8751269153176111	6	196
2498305	Oxyura jamaicensis	Animalia	Aves	1	1	1	0	1	1	1	0	1	1	1	0	0.8198414231112597	1	212
3025896	Cotoneaster dielsianus	Plantae	Magnoliopsida	1	1	1	0	1	1	1	0	1	1	1	0	0.80769863141473	6	220
5232452	Branta hutchinsii	Animalia	Aves	1	1	1	0	1	0	1	0	1	0	1	0	0.6834680472354195	1	212
2217982	Crangonyx pseudogracilis	Animalia	Malacostraca	1	1	0	3	1	1	0	3	1	1	0	2	1.0104817635363927	1	229
2888625	Viburnum rhytidophyllum	Plantae	Magnoliopsida	1	1	0	1	1	1	0	1	1	1	0	1	0.9322308196227089	6	220
3189866	Acer negundo	Plantae	Magnoliopsida	1	1	0	0	1	1	0	0	1	1	0	0	0.8156057859478821	6	220
2683866	Chamaecyparis lawsoniana	Plantae	Pinopsida	1	0	3	3	1	0	3	3	1	0	3	3	1.0507758492654606	6	194
5361785	Myriophyllum aquaticum	Plantae	Magnoliopsida	1	0	3	1	1	0	2	1	1	0	2	1	0.694674098999638	6	220
7978544	Hydrocotyle ranunculoides	Plantae	Magnoliopsida	1	0	3	0	1	0	3	0	1	0	3	0	0.6731585619833389	6	220
3083680	Atriplex micrantha	Plantae	Magnoliopsida	1	0	2	1	2	0	2	1	2	0	2	1	0.7814012950063176	6	220
5851603	Leuciscus aspius	Animalia	Actinopterygii	1	0	2	1	2	0	1	1	3	0	3	1	0.94136863813181	1	204
2474051	Alectoris rufa	Animalia	Aves	1	0	2	0	1	0	2	0	2	0	2	0	0.8744483920764676	1	212
5284884	Picea abies	Plantae	Pinopsida	1	0	2	0	1	0	2	0	1	0	2	0	0.8120305019658262	6	194
3000610	Chaenomeles japonica	Plantae	Magnoliopsida	1	0	1	1	2	0	1	1	2	0	1	1	0.9809954220554896	6	220
3067891	Euphorbia prostrata	Plantae	Magnoliopsida	1	0	1	1	2	0	1	1	1	0	1	1	0.7811518036529419	6	220
2686157	Larix kaempferi	Plantae	Pinopsida	1	0	1	1	1	0	1	1	1	0	1	1	0.9140395058050484	6	194
3026092	Cotoneaster hjelmqvistii	Plantae	Magnoliopsida	1	0	1	1	1	0	1	1	1	0	1	1	0.8854421806196104	6	220
4409643	Leuciscus idus	Animalia	Actinopterygii	1	0	1	1	1	0	1	1	1	0	1	1	0.8733142473696142	1	204
2498034	Anser cygnoides	Animalia	Aves	1	0	1	1	1	0	1	1	1	0	1	1	0.8464061835024844	1	212
2402129	Acipenser gueldenstaedtii	Animalia	Actinopterygii	1	0	1	0	2	0	1	0	2	0	2	0	0.273211364053518	1	204
3171888	Lindernia dubia	Plantae	Magnoliopsida	1	0	1	0	1	2	1	0	1	2	1	2	0.9627822403916135	6	220
4989904	Harmonia axyridis	Animalia	Insecta	1	0	1	0	1	0	3	0	1	0	3	0	0.7296604385995784	1	216
2498162	Chen canagica	Animalia	Aves	1	0	1	0	1	0	1	0	1	0	2	0	0.7443602130240111	1	212
3040185	Populus canescens	Plantae	Magnoliopsida	1	0	1	0	1	0	1	0	1	0	1	0	0.952330525154413	6	220
9188840	Epilobium ciliatum	Plantae	Magnoliopsida	1	0	1	0	1	0	1	0	1	0	1	0	0.9265801931567995	6	220
7068732	Arabidopsis arenosa arenosa	Plantae	Magnoliopsida	1	0	1	0	1	0	1	0	1	0	1	0	0.9258180048884388	6	220
1690429	Meconema meridionale	Animalia	Insecta	1	0	1	0	1	0	1	0	1	0	1	0	0.873068612755991	1	216
2890541	Geranium purpureum	Plantae	Magnoliopsida	1	0	1	0	1	0	1	0	1	0	1	0	0.8570542860009034	6	220
5232428	Chloephaga picta	Animalia	Aves	1	0	1	0	1	0	1	0	1	0	1	0	0.8323050821099823	1	212
2480764	Threskiornis aethiopicus	Animalia	Aves	1	0	1	0	1	0	1	0	1	0	1	0	0.6546721972330672	1	212
9450106	Anas poecilorhyncha	Animalia	Aves	1	0	1	0	1	0	1	0	1	0	1	0	0.6190993278128704	1	212
2287249	Ensis directus	Animalia	Bivalvia	1	0	1	0	1	0	1	0	1	0	1	0	0.6168355672405795	1	137
5218786	Procyon lotor	Animalia	Mammalia	1	0	0	0	1	0	0	0	1	0	0	0	0.7260142286562111	1	359
2435035	Felis catus	Animalia	Mammalia	1	0	0	0	1	0	0	0	1	0	0	0	0.692729975294522	1	359
8485639	Ensis leei	Animalia	Bivalvia	1	0	0	0	1	0	0	0	1	0	0	0	0.5049011238372008	1	137
2498165	Chen caerulescens	Animalia	Aves	1	0	0	0	1	0	0	0	1	0	0	0	0.41788579221848926	1	212
2772174	Muscari armeniacum	Plantae	Liliopsida	0	3	3	3	0	3	3	3	0	3	3	3	1.25122020706893	6	196
2705512	Glyceria canadensis	Plantae	Liliopsida	0	3	3	3	0	0	0	0	0	1	1	1		6	196
2687210	Tsuga heterophylla	Plantae	Pinopsida	0	3	2	3	0	3	2	3	0	3	2	3	1.0805989117502728	6	194
9350124	Natrix helvetica	Animalia	Reptilia	0	3	2	2	0	0	2	2	1	1	1	1		1	358
3054368	Juglans regia	Plantae	Magnoliopsida	0	3	2	1	0	3	2	1	0	3	2	1	0.9806553351477163	6	220
2362030	Ctenopharyngodon idella	Animalia	Actinopterygii	0	3	2	0	1	1	1	0	1	1	2	0	0.5357124538914965	1	204
2479226	Psittacula krameri	Animalia	Aves	0	3	1	3	0	3	1	3	0	3	3	3	1.2710235708240931	1	212
2041682	Graphocephala fennahi	Animalia	Insecta	0	3	1	3	0	3	1	3	0	3	1	3	1.9016346734147573	1	216
5421039	Ludwigia grandiflora	Plantae	Magnoliopsida	0	3	1	3	0	3	1	3	0	3	1	3	1.1407893710336234	6	220
3084015	Phytolacca americana	Plantae	Magnoliopsida	0	3	1	3	0	3	1	3	0	3	1	3	1.0940047533217636	6	220
3040233	Populus alba	Plantae	Magnoliopsida	0	3	1	1	0	3	1	1	0	3	1	1	0.9170328412264358	6	220
5330661	Arum italicum	Plantae	Liliopsida	0	3	1	1	0	3	1	1	0	3	1	1	0.9070705546979098	6	196
5369784	Geum macrophyllum	Plantae	Magnoliopsida	0	3	1	1	0	3	1	1	0	3	0	3	0.9989733122123907	6	220
1047536	Leptinotarsa decemlineata	Animalia	Insecta	0	3	0	3	0	3	0	3	0	3	2	3	1.385150784073995	1	216
3040184	Populus balsamifera	Plantae	Magnoliopsida	0	3	0	0	0	3	0	0	0	3	0	0	0.8623252830439186	6	220
3190653	Ailanthus altissima	Plantae	Magnoliopsida	0	3	0	0	0	3	0	0	0	3	0	0	0.8010024855014166	6	220
5410411	Campanula portenschlagiana	Plantae	Magnoliopsida	0	3	0	0	0	3	0	0	0	3	0	0	0.6171583612270852	6	220
2157245	Steatoda grossa	Animalia	Arachnida	0	2	2	3	0	0	2	3	0	0	0	3	2.297695899814789	1	367
2327735	Ficopomatus enigmaticus	Animalia	Polychaeta	0	1	2	2	0	3	3	3	0	3	3	3		1	256
2856780	Allium cristophii	Plantae	Liliopsida	0	1	2	2	0	3	3	3	0	0	0	0		6	196
5178057	Caprella mutica	Animalia	Malacostraca	0	1	2	2	0	1	2	2	0	1	1	1		1	229
2426640	Pelophylax bedriagae	Animalia	Amphibia	0	1	1	2	0	1	1	1	0	2	2	3		1	131
2703231	Zizania latifolia	Plantae	Liliopsida	0	1	1	1	1	3	1	1	1	1	2	2		6	196
3189883	Acer rubrum	Plantae	Magnoliopsida	0	1	1	1	0	3	3	3	0	0	1	1		6	220
2501248	Mnemiopsis leidyi	Animalia	Tentaculata	0	1	1	1	0	2	2	2	0	2	2	2		1	365
5189713	Menetus dilatatus	Animalia	Gastropoda	0	1	1	1	0	2	2	2	0	1	1	1		1	225
5285074	Pinus wallichiana	Plantae	Pinopsida	0	1	1	1	0	1	2	2	0	1	1	1		6	194
2686212	Larix decidua	Plantae	Pinopsida	0	1	1	1	0	1	1	1	0	1	1	1	0.9843488801188882	6	194
7294681	Pulmonaria longifolia	Plantae	Magnoliopsida	0	1	1	1	0	1	1	1	0	1	1	1		6	220
3040241	Populus jackii	Plantae	Magnoliopsida	0	1	0	1	1	1	1	1	1	1	1	1	0.7196656972302663	6	220
3026162	Cotoneaster franchetii	Plantae	Magnoliopsida	0	1	0	1	0	1	0	1	0	3	0	1	0.6844573026533058	6	220
2205951	Proasellus coxalis	Animalia	Malacostraca	0	1	0	0	0	1	0	0	0	1	0	0		1	229
2925496	Verbena rigida	Plantae	Magnoliopsida	0	0	3	3	0	0	3	3	0	0	3	3		6	220
3033905	Berberis darwinii	Plantae	Magnoliopsida	0	0	3	3	0	0	3	3	0	0	3	3		6	220
5361944	Broussonetia papyrifera	Plantae	Magnoliopsida	0	0	3	3	0	0	3	3	0	0	3	3		6	220
5414959	Collinsia heterophylla	Plantae	Magnoliopsida	0	0	3	3	0	0	3	3	0	0	3	3		6	220
3125933	Santolina chamaecyparissus	Plantae	Magnoliopsida	0	0	3	3	0	0	3	3	0	0	1	1		6	220
5410210	Campanula fenestrellata	Plantae	Magnoliopsida	0	0	3	3	0	0	3	3	0	0	1	1		6	220
2498094	Anas capensis	Animalia	Aves	0	0	3	3	0	0	3	3	0	0	0	0		1	212
3034046	Persea americana	Plantae	Magnoliopsida	0	0	3	3	0	0	1	1	1	1	1	1		6	220
3033965	Akebia quinata	Plantae	Magnoliopsida	0	0	3	3	0	0	1	1	0	0	3	3		6	220
5232432	Cereopsis novaehollandiae	Animalia	Aves	0	0	3	3	0	0	1	1	0	0	3	3		1	212
3020838	Prunus tomentosa	Plantae	Magnoliopsida	0	0	3	3	0	0	0	0	1	1	1	1		6	220
2479555	Agapornis canus	Animalia	Aves	0	0	3	3	0	0	0	0	0	0	0	0		1	212
2956441	Colutea media	Plantae	Magnoliopsida	0	0	3	3	0	0	0	0	0	0	0	0		6	220
5415053	Forsythia viridissima	Plantae	Magnoliopsida	0	0	3	3	0	0	0	0	0	0	0	0		6	220
7334368	Umbilicus rupestris	Plantae	Magnoliopsida	0	0	3	3	0	0	0	0	0	0	0	0		6	220
3025564	Cotoneaster villosulus	Plantae	Magnoliopsida	0	0	3	2	0	0	0	0	0	0	1	1		6	220
3105768	Sonchus tenerrimus	Plantae	Magnoliopsida	0	0	3	1	1	1	1	1	1	1	2	1	0.8570251165218246	6	220
5415054	Forsythia intermedia	Plantae	Magnoliopsida	0	0	3	1	0	0	2	1	1	1	2	0	0.3872551899991742	6	220
3152816	Platanus orientalis	Plantae	Magnoliopsida	0	0	3	1	0	0	2	1	0	0	2	1	0.5313251071343532	6	220
2685796	Pseudotsuga menziesii	Plantae	Pinopsida	0	0	3	0	0	0	3	0	0	0	3	0	0.9287208629074185	6	194
8993502	Silene italica	Plantae	Magnoliopsida	0	0	2	3	0	0	3	3	1	1	1	3	1.0575142649347278	6	220
5359660	Glycine max	Plantae	Magnoliopsida	0	0	2	3	0	0	2	3	0	0	3	3	1.032951337318168	6	220
5363627	Aronia melanocarpa	Plantae	Magnoliopsida	0	0	2	3	0	0	1	3	0	0	1	3	1.143210604546725	6	220
2889005	Rumex kerneri	Plantae	Magnoliopsida	0	0	2	3	0	0	1	2	0	0	1	1		6	220
3121562	Artemisia sieversiana	Plantae	Magnoliopsida	0	0	2	2	1	1	2	2	1	1	1	1		6	220
5372875	Salix myrsinifolia	Plantae	Magnoliopsida	0	0	2	2	1	1	1	1	1	1	2	2		6	220
3039272	Elaeagnus multiflora	Plantae	Magnoliopsida	0	0	2	2	1	1	1	1	1	1	1	1		6	220
3119185	Helianthus decapetalus	Plantae	Magnoliopsida	0	0	2	2	1	1	1	1	1	1	1	1		6	220
3045803	Cardamine graeca	Plantae	Magnoliopsida	0	0	2	2	0	0	3	3	1	1	1	1		6	220
1702101	Anacridium aegyptium	Animalia	Insecta	0	0	2	2	0	0	3	3	0	0	0	0		1	216
2747750	Crocus luteus	Plantae	Liliopsida	0	0	2	2	0	0	3	3	0	0	0	0		6	196
5359249	Trifolium rubens	Plantae	Magnoliopsida	0	0	2	2	0	0	2	2	0	0	0	0		6	220
3104314	Liatris spicata	Plantae	Magnoliopsida	0	0	2	2	0	0	1	1	0	0	2	2		6	220
5275404	Pteris cretica	Plantae	Polypodiopsida	0	0	2	2	0	0	1	1	0	0	1	1		6	7228684
5959231	Ara ararauna	Animalia	Aves	0	0	2	2	0	0	1	1	0	0	1	1		1	212
2498011	Tadorna variegata	Animalia	Aves	0	0	2	2	0	0	0	0	1	1	1	1		1	212
1749886	Phyllonorycter robiniella	Animalia	Insecta	0	0	2	2	0	0	0	0	0	0	0	0		1	216
2480770	Geronticus eremita	Animalia	Aves	0	0	2	2	0	0	0	0	0	0	0	0		1	212
5366327	Potentilla montana	Plantae	Magnoliopsida	0	0	2	2	0	0	0	0	0	0	0	0		6	220
3046744	Sisymbrium volgense	Plantae	Magnoliopsida	0	0	2	1	0	0	2	1	0	0	2	1	0.816329742051706	6	220
2928538	Ipomoea hederacea	Plantae	Magnoliopsida	0	0	2	0	0	0	2	0	0	0	2	0	0.8859123308991091	6	220
3633319	Tordylium maximum	Plantae	Magnoliopsida	0	0	2	0	0	0	2	0	0	0	2	0	0.6413102647941948	6	220
3022203	Prunus fruticans	Plantae	Magnoliopsida	0	0	2	0	0	0	1	0	1	0	1	0	0.8844853578548397	6	220
7820753	Magallana gigas	Animalia	Bivalvia	0	0	1	3	0	0	1	2	0	0	1	2	0.9727026683887733	1	137
3033396	Ranunculus marginatus	Plantae	Magnoliopsida	0	0	1	2	0	0	2	2	1	1	1	2		6	220
5341394	Perilla frutescens	Plantae	Magnoliopsida	0	0	1	2	0	0	1	2	0	0	1	2	0.9842378066676944	6	220
5686494	Decaisnea insignis	Plantae	Magnoliopsida	0	0	1	1	1	1	3	3	1	1	1	1		6	220
1031684	Lepinotus patruelis	Animalia	Insecta	0	0	1	1	1	1	1	1	1	1	3	3		1	216
2479686	Trichoglossus haematodus	Animalia	Aves	0	0	1	1	1	1	1	1	1	1	3	3		1	212
5219681	Sciurus carolinensis	Animalia	Mammalia	0	0	1	1	1	1	1	1	1	1	2	2		1	359
7153734	Papaver commutatum	Plantae	Magnoliopsida	0	0	1	1	1	1	1	1	1	1	2	2		6	220
2020688	Stephanitis rhododendri	Animalia	Insecta	0	0	1	1	1	1	1	1	1	1	1	1		1	216
2876571	Alnus pubescens	Plantae	Magnoliopsida	0	0	1	1	1	1	1	1	1	1	1	1		6	220
2986022	Philadelphus pubescens	Plantae	Magnoliopsida	0	0	1	1	1	1	1	1	1	1	1	1		6	220
3040232	Populus deltoides	Plantae	Magnoliopsida	0	0	1	1	1	1	1	1	1	1	1	1		6	220
5227993	Lophura leucomelanos	Animalia	Aves	0	0	1	1	1	1	1	1	1	1	1	1		1	212
5701337	Dahlia cultorum	Plantae	Magnoliopsida	0	0	1	1	1	1	1	1	1	1	1	1		6	220
3131367	Helichrysum petiolare	Plantae	Magnoliopsida	0	0	1	1	0	0	3	3	0	0	1	1		6	220
5227966	Lophura nycthemera	Animalia	Aves	0	0	1	1	0	0	3	3	0	0	1	1		1	212
2479964	Poicephalus senegalus	Animalia	Aves	0	0	1	1	0	0	3	1	0	0	1	1	0.8576549407075525	1	212
2882631	Pieris japonica	Plantae	Magnoliopsida	0	0	1	1	0	0	2	2	1	1	3	3		6	220
3767816	Acer japonicum	Plantae	Magnoliopsida	0	0	1	1	0	0	2	2	0	0	3	3		6	220
5959118	Bubo virginianus	Animalia	Aves	0	0	1	1	0	0	2	2	0	0	1	1		1	212
2486151	Pycnonotus jocosus	Animalia	Aves	0	0	1	1	0	0	2	2	0	0	0	0		1	212
2498065	Anas flavirostris	Animalia	Aves	0	0	1	1	0	0	1	1	1	1	2	2		1	212
2331942	Styela clava	Animalia	Ascidiacea	0	0	1	1	0	0	1	1	1	1	1	1		1	356
2728060	Carex vulpinoidea	Plantae	Liliopsida	0	0	1	1	0	0	1	1	1	1	1	1		6	196
2890995	Geranium cantabrigiense	Plantae	Magnoliopsida	0	0	1	1	0	0	1	1	1	1	1	1		6	220
5602664	Canna generalis	Plantae	Liliopsida	0	0	1	1	0	0	1	1	1	1	1	1		6	196
2476041	Bucorvus leadbeateri	Animalia	Aves	0	0	1	1	0	0	1	1	0	1	2	2		1	212
7262908	Acer cappadocicum	Plantae	Magnoliopsida	0	0	1	1	0	0	1	1	0	0	3	3		6	220
3033535	Clematis tangutica	Plantae	Magnoliopsida	0	0	1	1	0	0	1	1	0	0	3	2		6	220
2481034	Falco cherrug	Animalia	Aves	0	0	1	1	0	0	1	1	0	0	2	2		1	212
2928861	Petunia integrifolia	Plantae	Magnoliopsida	0	0	1	1	0	0	1	1	0	0	2	2		6	220
3025858	Cotoneaster ambiguus	Plantae	Magnoliopsida	0	0	1	1	0	0	1	1	0	0	2	2		6	220
5182343	Haliclona xena	Animalia	Demospongiae	0	0	1	1	0	0	1	1	0	0	2	2		1	199
5230734	Onychognathus tristramii	Animalia	Aves	0	0	1	1	0	0	1	1	0	0	2	2		1	212
5359411	Trifolium pallidum	Plantae	Magnoliopsida	0	0	1	1	0	0	1	1	0	0	2	2		6	220
2437394	Callosciurus erythraeus	Animalia	Mammalia	0	0	1	1	0	0	1	1	0	0	1	1		1	359
2480766	Threskiornis spinicollis	Animalia	Aves	0	0	1	1	0	0	1	1	0	0	1	1		1	212
2493698	Amandava amandava	Animalia	Aves	0	0	1	1	0	0	1	1	0	0	1	1		1	212
2703346	Anthoxanthum nitens	Plantae	Liliopsida	0	0	1	1	0	0	1	1	0	0	1	1		6	196
3034523	Caucalis platycarpos	Plantae	Magnoliopsida	0	0	1	1	0	0	1	1	0	0	1	1		6	220
3054352	Juglans cinerea	Plantae	Magnoliopsida	0	0	1	1	0	0	1	1	0	0	1	1		6	220
5359169	Trifolium michelianum	Plantae	Magnoliopsida	0	0	1	1	0	0	1	1	0	0	1	1		6	220
6432925	Fraxinus angustifolia oxycarpa	Plantae	Magnoliopsida	0	0	1	1	0	0	1	1	0	0	1	1		6	220
9382645	Rosa virginiana	Plantae	Magnoliopsida	0	0	1	1	0	0	1	1	0	0	1	1		6	220
5598915	Lonicera pileata	Plantae	Magnoliopsida	0	0	1	0	0	0	1	0	0	2	1	0	0.9578820698428302	6	220
2367742	Pimephales promelas	Animalia	Actinopterygii	0	0	1	0	0	0	1	0	0	1	2	0	0.2939798021351041	1	204
2498154	Anas americana	Animalia	Aves	0	0	1	0	0	0	1	0	0	0	1	0	0.7871125487908897	1	212
7802465	Nymphaea marliacea	Plantae	Magnoliopsida	0	0	0	3	0	2	0	3	0	2	0	3	1.1001883815589624	6	220
3028528	Alchemilla mollis	Plantae	Magnoliopsida	0	0	0	2	0	0	0	2	0	0	0	2	1.080423213704819	6	220
2219863	Gammarus tigrinus	Animalia	Malacostraca	0	0	0	1	0	0	0	1	0	0	0	1	0.8295192780694117	1	229
3025875	Cotoneaster conspicuus	Plantae	Magnoliopsida	0	0	0	0	1	1	1	1	1	1	1	1		6	220
3033460	Ranunculus trilobus	Plantae	Magnoliopsida	0	0	0	0	1	1	1	1	1	1	1	1		6	220
4125930	Agropogon lutosus	Plantae	Liliopsida	0	0	0	0	1	1	1	1	1	1	1	1		6	196
5230862	Passerina caerulea	Animalia	Aves	0	0	0	0	1	1	1	1	1	1	1	1		1	212
5367186	Potentilla rivalis	Plantae	Magnoliopsida	0	0	0	0	1	1	1	1	1	1	1	1		6	220
5617467	Alcea rugosa	Plantae	Magnoliopsida	0	0	0	0	1	1	1	1	1	1	1	1		6	220
5667614	Glandularia aristigera	Plantae	Magnoliopsida	0	0	0	0	1	1	1	1	1	1	1	1		6	220
2971033	Melilotus infestus	Plantae	Magnoliopsida	0	0	0	0	0	0	1	1	1	1	1	1		6	220
3172099	Veronica austriaca	Plantae	Magnoliopsida	0	0	0	0	0	0	1	1	1	1	1	1		6	220
7358948	Lasius neglectus	Animalia	Insecta	0	0	0	0	0	0	1	1	0	0	1	1		1	216
2479666	Amazona amazonica	Animalia	Aves	0	0	0	0	0	0	0	0	1	1	1	1		1	212
2495190	Ocyphaps lophotes	Animalia	Aves	0	0	0	0	0	0	0	0	1	1	1	1		1	212
3025758	Cotoneaster hylmoei	Plantae	Magnoliopsida	0	0	0	0	0	0	0	0	1	1	1	1		6	220
3026004	Cotoneaster watereri	Plantae	Magnoliopsida	0	0	0	0	0	0	0	0	1	1	1	1		6	220
3094939	Onopordum tauricum	Plantae	Magnoliopsida	0	0	0	0	0	0	0	0	1	1	1	1		6	220
5219380	Mephitis mephitis	Animalia	Mammalia	0	0	0	0	0	0	0	0	1	1	1	1		1	359
5232422	Chloephaga melanoptera	Animalia	Aves	0	0	0	0	0	0	0	0	1	1	1	1		1	212
6026665	Torilis africana	Plantae	Magnoliopsida	0	0	0	0	0	0	0	0	1	1	1	1		6	220
7271631	Pyrus communis communis	Plantae	Magnoliopsida	0	0	0	0	0	0	0	0	1	1	1	1		6	220
7901010	Rumex obtusifolius sylvestris	Plantae	Magnoliopsida	0	0	0	0	0	0	0	0	1	1	1	1		6	220
7988337	Valerianella locusta oleracea	Plantae	Magnoliopsida	0	0	0	0	0	0	0	0	1	1	1	1		6	220
8022932	Plantago lagopus	Plantae	Magnoliopsida	0	0	0	0	0	0	0	0	1	1	1	1		6	220
10172912	Cerastium arvense subsp. arvense x tomentosum	Plantae	Magnoliopsida	0	0	0	0	0	0	0	0	1	1	1	1		6	220
2775619	Yucca gloriosa	Plantae	Liliopsida	0	0	0	0	0	0	0	0	0	2	0	2	0.9643905881091248	6	196
4122968	Agrostis fouilladeana	Plantae	Liliopsida	0	0	0	0	0	0	0	0	0	0	1	1		6	196
3022668	Prunus virginiana	Plantae	Magnoliopsida	0	0	0	0	0	0	0	0	0	0	1	0	0.739497101541603	6	220
2766030	Pontederia cordata	Plantae	Liliopsida	0	0	0	0	0	0	0	0	0	0	0	2	0.9813118594793924	6	196
2706209	Pseudosasa japonica	Plantae	Liliopsida	0	0	0	0	0	0	0	0	0	0	0	0	0.809810714631652	6	196
5220136	Dama dama	Animalia	Mammalia	0	0	0	0	0	0	0	0	0	0	0	0	0.666335143174538	1	359
5892120	Girardia tigrina	Animalia		0	0	0	0	0	0	0	0	0	0	0	0	0.3505276675221344	1	
1325561	Paratrechina longicornis	Animalia	Insecta	0	0	0	0	0	0	0	0	0	0	0	0		1	216
1728965	Tachycines asynamorus	Animalia	Insecta	0	0	0	0	0	0	0	0	0	0	0	0		1	216
2114446	Acartia tonsa	Animalia	Hexanauplia	0	0	0	0	0	0	0	0	0	0	0	0		1	9421786
2215949	Melita nitida	Animalia	Malacostraca	0	0	0	0	0	0	0	0	0	0	0	0		1	229
2308609	Potamothrix moldaviensis	Animalia	Clitellata	0	0	0	0	0	0	0	0	0	0	0	0		1	255
2321012	Marenzelleria viridis	Animalia	Polychaeta	0	0	0	0	0	0	0	0	0	0	0	0		1	256
2362473	Hypophthalmichthys molitrix	Animalia	Actinopterygii	0	0	0	0	0	0	0	0	0	0	0	0		1	204
2379105	Neogobius fluviatilis	Animalia	Actinopterygii	0	0	0	0	0	0	0	0	0	0	0	0		1	204
2474055	Alectoris graeca	Animalia	Aves	0	0	0	0	0	0	0	0	0	0	0	0		1	212
2474416	Porphyrio porphyrio	Animalia	Aves	0	0	0	0	0	0	0	0	0	0	0	0		1	212
2474942	Grus vipio	Animalia	Aves	0	0	0	0	0	0	0	0	0	0	0	0		1	212
2479955	Poicephalus cryptoxanthus	Animalia	Aves	0	0	0	0	0	0	0	0	0	0	0	0		1	212
2480514	Aquila rapax	Animalia	Aves	0	0	0	0	0	0	0	0	0	0	0	0		1	212
2480762	Pluvianus aegyptius	Animalia	Aves	0	0	0	0	0	0	0	0	0	0	0	0		1	212
2480800	Platalea alba	Animalia	Aves	0	0	0	0	0	0	0	0	0	0	0	0		1	212
2481104	Phoeniconaias minor	Animalia	Aves	0	0	0	0	0	0	0	0	0	0	0	0		1	212
2481936	Mycteria ibis	Animalia	Aves	0	0	0	0	0	0	0	0	0	0	0	0		1	212
2484103	Chrysomus icterocephalus	Animalia	Aves	0	0	0	0	0	0	0	0	0	0	0	0		1	212
2484133	Quiscalus major	Animalia	Aves	0	0	0	0	0	0	0	0	0	0	0	0		1	212
2486131	Pycnonotus cafer	Animalia	Aves	0	0	0	0	0	0	0	0	0	0	0	0		1	212
2489071	Lamprotornis chalybaeus	Animalia	Aves	0	0	0	0	0	0	0	0	0	0	0	0		1	212
2494066	Ploceus jacksoni	Animalia	Aves	0	0	0	0	0	0	0	0	0	0	0	0		1	212
2494070	Ploceus melanocephalus	Animalia	Aves	0	0	0	0	0	0	0	0	0	0	0	0		1	212
2494408	Mycerobas icterioides	Animalia	Aves	0	0	0	0	0	0	0	0	0	0	0	0		1	212
2494514	Carpodacus roseus	Animalia	Aves	0	0	0	0	0	0	0	0	0	0	0	0		1	212
2498084	Anas superciliosa	Animalia	Aves	0	0	0	0	0	0	0	0	0	0	0	0		1	212
2498096	Anas falcata	Animalia	Aves	0	0	0	0	0	0	0	0	0	0	0	0		1	212
2498097	Anas castanea	Animalia	Aves	0	0	0	0	0	0	0	0	0	0	0	0		1	212
2498380	Cyanochen cyanoptera	Animalia	Aves	0	0	0	0	0	0	0	0	0	0	0	0		1	212
2498405	Dendrocygna eytoni	Animalia	Aves	0	0	0	0	0	0	0	0	0	0	0	0		1	212
2683894	Xanthocyparis nootkatensis	Plantae	Pinopsida	0	0	0	0	0	0	0	0	0	0	0	0		6	194
2687948	Equisetum scirpoides	Plantae	Polypodiopsida	0	0	0	0	0	0	0	0	0	0	0	0		6	7228684
2723271	Carex melanostachya	Plantae	Liliopsida	0	0	0	0	0	0	0	0	0	0	0	0		6	196
2767031	Agave americana	Plantae	Liliopsida	0	0	0	0	0	0	0	0	0	0	0	0		6	196
2772958	Ornithogalum narbonense	Plantae	Liliopsida	0	0	0	0	0	0	0	0	0	0	0	0		6	196
2889010	Rumex cristatus	Plantae	Magnoliopsida	0	0	0	0	0	0	0	0	0	0	0	0		6	220
2890623	Geranium carolinianum	Plantae	Magnoliopsida	0	0	0	0	0	0	0	0	0	0	0	0		6	220
2927530	Cuscuta epilinum	Plantae	Magnoliopsida	0	0	0	0	0	0	0	0	0	0	0	0		6	220
2977222	Ononis alopecuroides	Plantae	Magnoliopsida	0	0	0	0	0	0	0	0	0	0	0	0		6	220
2982380	Vigna radiata	Plantae	Magnoliopsida	0	0	0	0	0	0	0	0	0	0	0	0		6	220
2985944	Kalanchoe blossfeldiana	Plantae	Magnoliopsida	0	0	0	0	0	0	0	0	0	0	0	0		6	220
2986132	Ribes divaricatum	Plantae	Magnoliopsida	0	0	0	0	0	0	0	0	0	0	0	0		6	220
3025605	Cotoneaster zabelii	Plantae	Magnoliopsida	0	0	0	0	0	0	0	0	0	0	0	0		6	220
3027341	Spiraea nipponica	Plantae	Magnoliopsida	0	0	0	0	0	0	0	0	0	0	0	0		6	220
3069300	Euphorbia vermiculata	Plantae	Magnoliopsida	0	0	0	0	0	0	0	0	0	0	0	0		6	220
3112994	Cirsium subalpinum	Plantae	Magnoliopsida	0	0	0	0	0	0	0	0	0	0	0	0		6	220
3142208	Rhaponticum repens	Plantae	Magnoliopsida	0	0	0	0	0	0	0	0	0	0	0	0		6	220
3151692	Symphyotrichum ciliatum	Plantae	Magnoliopsida	0	0	0	0	0	0	0	0	0	0	0	0		6	220
3169169	Celastrus orbiculatus	Plantae	Magnoliopsida	0	0	0	0	0	0	0	0	0	0	0	0		6	220
3169329	Androsace maxima	Plantae	Magnoliopsida	0	0	0	0	0	0	0	0	0	0	0	0		6	220
3596131	Halimium lasianthum alyssoides	Plantae	Magnoliopsida	0	0	0	0	0	0	0	0	0	0	0	0		6	220
3645346	Philadelphus virginalis	Plantae	Magnoliopsida	0	0	0	0	0	0	0	0	0	0	0	0		6	220
3740974	Verbascum brockmuelleri	Plantae	Magnoliopsida	0	0	0	0	0	0	0	0	0	0	0	0		6	220
3829143	Erodium stephanianum	Plantae	Magnoliopsida	0	0	0	0	0	0	0	0	0	0	0	0		6	220
4097656	Alnus spaethii	Plantae	Magnoliopsida	0	0	0	0	0	0	0	0	0	0	0	0		6	220
4139345	Zingeria pisidica	Plantae	Liliopsida	0	0	0	0	0	0	0	0	0	0	0	0		6	196
4314702	Monocorophium sextonae	Animalia	Malacostraca	0	0	0	0	0	0	0	0	0	0	0	0		1	229
4344674	Dendrocoelum romanodanubiale	Animalia		0	0	0	0	0	0	0	0	0	0	0	0		1	
4410088	Quistadrilus multisetosus	Animalia	Clitellata	0	0	0	0	0	0	0	0	0	0	0	0		1	255
4416920	Synurella ambulans	Animalia	Malacostraca	0	0	0	0	0	0	0	0	0	0	0	0		1	229
4417131	Echinogammarus trichiatus	Animalia	Malacostraca	0	0	0	0	0	0	0	0	0	0	0	0		1	229
4934105	Erodium manescavii	Plantae	Magnoliopsida	0	0	0	0	0	0	0	0	0	0	0	0		6	220
5232445	Branta sandvicensis	Animalia	Aves	0	0	0	0	0	0	0	0	0	0	0	0		1	212
5232465	Plectropterus gambensis	Animalia	Aves	0	0	0	0	0	0	0	0	0	0	0	0		1	212
5329643	Limnobium laevigatum	Plantae	Liliopsida	0	0	0	0	0	0	0	0	0	0	0	0		6	196
5333354	Leucothoe fontanesiana	Plantae	Magnoliopsida	0	0	0	0	0	0	0	0	0	0	0	0		6	220
5384347	Amaranthus tuberculatus	Plantae	Magnoliopsida	0	0	0	0	0	0	0	0	0	0	0	0		6	220
5391810	Bidens vulgata	Plantae	Magnoliopsida	0	0	0	0	0	0	0	0	0	0	0	0		6	220
5392270	Cichorium pumilum	Plantae	Magnoliopsida	0	0	0	0	0	0	0	0	0	0	0	0		6	220
5421385	Sarracenia rubra	Plantae	Magnoliopsida	0	0	0	0	0	0	0	0	0	0	0	0		6	220
5640518	Primula florindae	Plantae	Magnoliopsida	0	0	0	0	0	0	0	0	0	0	0	0		6	220
5739357	Iduna rama	Animalia	Aves	0	0	0	0	0	0	0	0	0	0	0	0		1	212
6076957	Pulicaria arabica hispanica	Plantae	Magnoliopsida	0	0	0	0	0	0	0	0	0	0	0	0		6	220
6091856	Sturnia sinensis	Animalia	Aves	0	0	0	0	0	0	0	0	0	0	0	0		1	212
6159223	Lacerta agilis	Animalia	Reptilia	0	0	0	0	0	0	0	0	0	0	0	0		1	358
7270381	Gentiana asclepiadea	Plantae	Magnoliopsida	0	0	0	0	0	0	0	0	0	0	0	0		6	220
7318448	Eryngium bourgatii	Plantae	Magnoliopsida	0	0	0	0	0	0	0	0	0	0	0	0		6	220
7683374	Linaria hirta	Plantae	Magnoliopsida	0	0	0	0	0	0	0	0	0	0	0	0		6	220
7823272	Ranunculus pensylvanicus	Plantae	Magnoliopsida	0	0	0	0	0	0	0	0	0	0	0	0		6	220
7832723	Symphyotrichum lateriflorum	Plantae	Magnoliopsida	0	0	0	0	0	0	0	0	0	0	0	0		6	220
7862391	Lysimachia monellii	Plantae	Magnoliopsida	0	0	0	0	0	0	0	0	0	0	0	0		6	220
8014966	Falco biarmicus	Animalia	Aves	0	0	0	0	0	0	0	0	0	0	0	0		1	212
8381801	Dasiphora davurica mandshurica	Plantae	Magnoliopsida	0	0	0	0	0	0	0	0	0	0	0	0		6	220
9691034	Phoenicopterus ruber	Animalia	Aves	0	0	0	0	0	0	0	0	0	0	0	0		1	212
2153287	Zoropsis spinimana	Animalia	Arachnida		3	3	3		3	3	3		1	3	3		1	367
5220170	Rupicapra rupicapra	Animalia	Mammalia		3	3	3		1	3	3		1	1	1		1	359
2557469	Ustilago maydis	Fungi	Ustilaginomycetes		3	3	3		1	1	1		1	1	1		5	148
2726360	Carex grayi	Plantae	Liliopsida		3	2	2		0	3	3		0	0	0		6	196
4559541	Sinanodonta woodiana	Animalia	Bivalvia		2	1	2		3	3	3		2	3	2		1	137
2537743	Lentinula edodes	Fungi	Agaricomycetes		1	3	3		1	2	2		1	1	1		5	186
2443079	Graptemys ouachitensis	Animalia	Reptilia		1	3	3		1	1	3		3	3	3		1	358
1932752	Cacyreus marshalli	Animalia	Insecta		1	3	3			2	2			2	2		1	216
2177741	Hasarius adansoni	Animalia	Arachnida		1	3	3			1	1			1	1		1	367
2437397	Callosciurus prevostii	Animalia	Mammalia		1	2	2		1	1	1		3	2	2		1	359
2266561	Nemopsis bachei	Animalia	Hydrozoa		1	1	1		2	3	3		3	3	3		1	205
2115706	Balanus glandula	Animalia	Maxillopoda		1	1	1		1	1	1		1	1	1		1	203
2431781	Salamandra atra	Animalia	Amphibia		1	1	1		1	1	1		1	1	1		1	131
2445034	Tarentola mauritanica	Animalia	Reptilia		1	1	1		1	1	1		1	1	1		1	358
4985072	Tricellaria inopinata	Animalia	Gymnolaemata		1	1	1		1	1	1		1	1	1		1	252
5224503	Lampropeltis triangulum	Animalia	Reptilia		1	1	1		1	1	1		1	1	1		1	358
9185677	Podarcis siculus	Animalia	Reptilia		1	1	1		1	1	1		1	1	1		1	358
2427555	Hyla meridionalis	Animalia	Amphibia		0	3	3		1	1	1		1	1	1		1	131
2441461	Testudo graeca	Animalia	Reptilia		0	3	3		0	3	3		0	1	1		1	358
2225646	Callinectes sapidus	Animalia	Malacostraca		0	3	3		0	1	1		1	3	3		1	229
8044946	Epimedium pinnatum	Plantae	Magnoliopsida		0	3	3		0	0	0		0	0	0		6	220
5384393	Amaranthus palmeri	Plantae	Magnoliopsida		0	2	1		0	2	0		0	0	0	0.7571957902295542	6	220
5219683	Sciurus niger	Animalia	Mammalia		0	1	1		1	1	1		1	1	1		1	359
5411453	Campanula medium	Plantae	Magnoliopsida		0	1	1		1	1	1		1	1	1		6	220
2874569	Cucumis sativus	Plantae	Magnoliopsida		0	1	1		0	2	2		0	1	1		6	220
3586046	Gladiolus hortulanus	Plantae	Liliopsida		0	1	1		0	1	1		0	1	1		6	196
5229154	Scopus umbretta	Animalia	Aves		0	1	1		0	1	1		0	1	1		1	212
5275415	Pteris multifida	Plantae	Polypodiopsida		0	1	1		0	1	1		0	1	1		6	7228684
2449133	Chamaeleo calyptratus	Animalia	Reptilia		0	0	0		1	1	1		1	1	1		1	358
5229044	Psittacula cyanocephala	Animalia	Aves		0	0	0		0	0	0		0	1	1		1	212
1008955	Fenestrulina delicia	Animalia	Gymnolaemata		0	0	0		0	0	0		0	0	0		1	252
2149761	Micropholcus fauroti	Animalia	Arachnida		0	0	0		0	0	0		0	0	0		1	367
2321010	Marenzelleria neglecta	Animalia	Polychaeta		0	0	0		0	0	0		0	0	0		1	256
2437232	Cynomys ludovicianus	Animalia	Mammalia		0	0	0		0	0	0		0	0	0		1	359
2439838	Castor canadensis	Animalia	Mammalia		0	0	0		0	0	0		0	0	0		1	359
2444339	Vipera aspis	Animalia	Reptilia		0	0	0		0	0	0		0	0	0		1	358
2458916	Hierophis viridiflavus	Animalia	Reptilia		0	0	0		0	0	0		0	0	0		1	358
2474162	Coturnix japonica	Animalia	Aves		0	0	0		0	0	0		0	0	0		1	212
2492196	Melospiza melodia	Animalia	Aves		0	0	0		0	0	0		0	0	0		1	212
2498345	Cygnus buccinator	Animalia	Aves		0	0	0		0	0	0		0	0	0		1	212
2514972	Puccinia komarovii	Fungi	Pucciniomycetes		0	0	0		0	0	0		0	0	0		5	270
2705932	Axonopus fissifolius	Plantae	Liliopsida		0	0	0		0	0	0		0	0	0		6	196
2706301	Coix lacryma-jobi	Plantae	Liliopsida		0	0	0		0	0	0		0	0	0		6	196
2858963	Narcissus tazetta	Plantae	Liliopsida		0	0	0		0	0	0		0	0	0		6	196
3095939	Erigeron huelsenii	Plantae	Magnoliopsida		0	0	0		0	0	0		0	0	0		6	220
3147913	Verbesina encelioides	Plantae	Magnoliopsida		0	0	0		0	0	0		0	0	0		6	220
4283395	Diadumene lineata	Animalia	Anthozoa		0	0	0		0	0	0		0	0	0		1	206
4550810	Cryptachaea veruculata	Animalia	Arachnida		0	0	0		0	0	0		0	0	0		1	367
5177825	Incisocalliope aestuarius	Animalia	Malacostraca		0	0	0		0	0	0		0	0	0		1	229
5285053	Pinus ponderosa	Plantae	Pinopsida		0	0	0		0	0	0		0	0	0		6	194
5300102	Gagea pratensis	Plantae	Liliopsida		0	0	0		0	0	0		0	0	0		6	196
5360508	Trigonella maritima	Plantae	Magnoliopsida		0	0	0		0	0	0		0	0	0		6	220
5403743	Scolymus maculatus	Plantae	Magnoliopsida		0	0	0		0	0	0		0	0	0		6	220
6159273	Lacerta viridis	Animalia	Reptilia		0	0	0		0	0	0		0	0	0		1	358
6161340	Natrix maura	Animalia	Reptilia		0	0	0		0	0	0		0	0	0		1	358
7694392	Cuscuta gronovii	Plantae	Magnoliopsida		0	0	0		0	0	0		0	0	0		6	220
2984532	Zelkova serrata	Plantae	Magnoliopsida			3	3			3	3			3	3		6	220
3892732	Lamium orvala	Plantae	Magnoliopsida			3	3			3	3			3	3		6	220
2856457	Allium triquetrum	Plantae	Liliopsida			3	3			3	3			1	2		6	196
2855893	Allium roseum	Plantae	Liliopsida			3	3			3	3			1	1		6	196
2927174	Mentha requienii	Plantae	Magnoliopsida			3	3			2	2			1	1		6	220
7902463	Lonicera maackii	Plantae	Magnoliopsida			3	3			2	2			1	1		6	220
2651843	Adiantum aleuticum	Plantae	Polypodiopsida			3	3			1	2			1	1		6	7228684
7415922	Rumex pulcher woodsii	Plantae	Magnoliopsida			3	3			1	1			3	3		6	220
2157203	Steatoda nobilis	Animalia	Arachnida			3	3			1	1			1	1		1	367
2687885	Ginkgo biloba	Plantae	Ginkgoopsida			3	3			1	1			1	1		6	244
2489075	Lamprotornis superbus	Animalia	Aves			3	3			0	0			1	1		1	212
2490384	Cardinalis cardinalis	Animalia	Aves			3	3			0	0			1	1		1	212
5375012	Arabis procurrens	Plantae	Magnoliopsida			3	3			0	0			1	1		6	220
8060423	Cercidiphyllum japonicum	Plantae	Magnoliopsida			3	3			0	0			1	1		6	220
3602227	Papaver setigerum	Plantae	Magnoliopsida			3	3			0	0			0	0		6	220
5384950	Eclipta prostrata	Plantae	Magnoliopsida			3	3			0	0			0	0		6	220
7461690	Phragmidium mexicanum	Fungi	Pucciniomycetes			3	3			0	0			0	0		5	270
7520678	Striosubulina striatella	Animalia	Gastropoda			3	2			3	3			1	1		1	225
3172068	Veronica cymbalaria	Plantae	Magnoliopsida			3	2			2	1			1	1		6	220
3642339	Chaerophyllum byzantinum	Plantae	Magnoliopsida			3	2			1	1			1	1		6	220
4354941	Botrylloides violaceus	Animalia	Ascidiacea			3	2			1	1			1	1		1	356
8418338	Hydrocotyle sibthorpioides	Plantae	Magnoliopsida			3	2			1	1			1	1		6	220
2855823	Allium nigrum	Plantae	Liliopsida			3	2			0	0			0	0		6	196
5407810	Trachelium caeruleum	Plantae	Magnoliopsida			2	3			2	2			3	3		6	220
5305162	Kniphofia praecox	Plantae	Liliopsida			2	3			1	1			1	1		6	196
5549949	Liriope muscari	Plantae	Liliopsida			2	2			3	3			1	1		6	196
7303117	Plantago sempervirens	Plantae	Magnoliopsida			2	2			2	2			2	2		6	220
3083935	Chenopodium quinoa	Plantae	Magnoliopsida			2	2			2	2			1	1		6	220
5296218	Sisyrinchium californicum	Plantae	Liliopsida			2	2			2	2			1	1		6	196
7393329	Cucurbita moschata	Plantae	Magnoliopsida			2	2			0	0			1	1		6	220
5219721	Meriones unguiculatus	Animalia	Mammalia			2	2			0	0			0	0		1	359
6161327	Natrix tessellata	Animalia	Reptilia			2	2			0	0			0	0		1	358
7437751	Urtica membranacea	Plantae	Magnoliopsida			2	1			3	1			1	1		6	220
8898408	Pseudemys concinna	Animalia	Reptilia			1	3			1	1			1	1		1	358
1043717	Cryptolaemus montrouzieri	Animalia	Insecta			1	1			3	3			3	3		1	216
1421105	Thermobia domestica	Animalia	Insecta			1	1			3	3			3	3		1	216
2423441	Bombina orientalis	Animalia	Amphibia			1	1			3	3			3	3		1	131
5376326	Diplotaxis virgata	Plantae	Magnoliopsida			1	1			3	3			3	3		6	220
5410826	Campanula carpatica	Plantae	Magnoliopsida			1	1			3	3			3	3		6	220
2774846	Chlorophytum comosum	Plantae	Liliopsida			1	1			3	3			1	1		6	196
3172206	Veronicastrum virginicum	Plantae	Magnoliopsida			1	1			3	3			1	1		6	220
5415463	Thunbergia alata	Plantae	Magnoliopsida			1	1			3	3			1	1		6	220
5879783	Thaumatotibia leucotreta	Animalia	Insecta			1	1			3	3			1	1		1	216
2149679	Holocnemus pluchei	Animalia	Arachnida			1	1			3	3			0	0		1	367
5361841	Pilea microphylla	Plantae	Magnoliopsida			1	1			3	3			0	0		6	220
6376216	Clematis montana	Plantae	Magnoliopsida			1	1			3	2			3	3		6	220
3152268	Malvastrum coromandelianum	Plantae	Magnoliopsida			1	1			3	2			0	0		6	220
1316908	Linepithema humile	Animalia	Insecta			1	1			2	2			1	1		1	216
7293222	Linum austriacum austriacum	Plantae	Magnoliopsida			1	1			2	2			1	1		6	220
3189939	Cardiospermum halicacabum	Plantae	Magnoliopsida			1	1			2	2			0	0		6	220
3118650	Oncosiphon piluliferum	Plantae	Magnoliopsida			1	1			1	3			1	1		6	220
3665817	Oenothera rubricauloides	Plantae	Magnoliopsida			1	1			1	1			3	3		6	220
4219118	Hieracium glaucinum recensitum	Plantae	Magnoliopsida			1	1			1	1			3	2		6	220
2480089	Psephotus haematonotus	Animalia	Aves			1	1			1	1			2	2		1	212
2957408	Senna obtusifolia	Plantae	Magnoliopsida			1	1			1	1			2	2		6	220
2479501	Polytelis swainsonii	Animalia	Aves			1	1			1	1			1	3		1	212
2224970	Palaemon macrodactylus	Animalia	Malacostraca			1	1			1	1			1	1	0.7801121316848278	1	229
3172613	Catalpa ovata	Plantae	Magnoliopsida			1	1			1	1			1	1	0.7596877797832293	6	220
1031742	Dorypteryx domestica	Animalia	Insecta			1	1			1	1			1	1		1	216
1650106	Anopheles pharoensis	Animalia	Insecta			1	1			1	1			1	1		1	216
2330928	Aplidium glabrum	Animalia	Ascidiacea			1	1			1	1			1	1		1	356
2431886	Triturus marmoratus	Animalia	Amphibia			1	1			1	1			1	1		1	131
2431965	Ambystoma macrodactylum	Animalia	Amphibia			1	1			1	1			1	1		1	131
2442843	Pseudemys nelsoni	Animalia	Reptilia			1	1			1	1			1	1		1	358
2443133	Chrysemys picta	Animalia	Reptilia			1	1			1	1			1	1		1	358
2475212	Crinifer zonurus	Animalia	Aves			1	1			1	1			1	1		1	212
2482519	Corvus albus	Animalia	Aves			1	1			1	1			1	1		1	212
2486132	Pycnonotus leucotis	Animalia	Aves			1	1			1	1			1	1		1	212
2489450	Gymnorhina tibicen	Animalia	Aves			1	1			1	1			1	1		1	212
2495165	Rhea americana	Animalia	Aves			1	1			1	1			1	1		1	212
2495699	Streptopelia lugens	Animalia	Aves			1	1			1	1			1	1		1	212
2498310	Nettapus coromandelianus	Animalia	Aves			1	1			1	1			1	1		1	212
2705565	Paspalum dilatatum	Plantae	Liliopsida			1	1			1	1			1	1		6	196
2774214	Ophiopogon jaburan	Plantae	Liliopsida			1	1			1	1			1	1		6	196
2855338	Galanthus plicatus	Plantae	Liliopsida			1	1			1	1			1	1		6	196
2856456	Allium pendulinum	Plantae	Liliopsida			1	1			1	1			1	1		6	196
2874574	Cucumis dipsaceus	Plantae	Magnoliopsida			1	1			1	1			1	1		6	220
2925532	Verbena bracteata	Plantae	Magnoliopsida			1	1			1	1			1	1		6	220
2926681	Lamium confertum	Plantae	Magnoliopsida			1	1			1	1			1	1		6	220
2928583	Ipomoea leucantha	Plantae	Magnoliopsida			1	1			1	1			1	1		6	220
2931104	Solanum pseudocapsicum	Plantae	Magnoliopsida			1	1			1	1			1	1		6	220
2965434	Medicago monspeliaca	Plantae	Magnoliopsida			1	1			1	1			1	1		6	220
2975187	Vicia cuspidata	Plantae	Magnoliopsida			1	1			1	1			1	1		6	220
2984466	Laportea aestuans	Plantae	Magnoliopsida			1	1			1	1			1	1		6	220
3011247	Rosa nitida	Plantae	Magnoliopsida			1	1			1	1			1	1		6	220
3015577	Crataegus pedicellata	Plantae	Magnoliopsida			1	1			1	1			1	1		6	220
3027138	Spiraea canescens	Plantae	Magnoliopsida			1	1			1	1			1	1		6	220
3042799	Brassica barrelieri	Plantae	Magnoliopsida			1	1			1	1			1	1		6	220
3060710	Manihot grahamii	Plantae	Magnoliopsida			1	1			1	1			1	1		6	220
3084839	Mesembryanthemum crystallinum	Plantae	Magnoliopsida			1	1			1	1			1	1		6	220
3084872	Drosanthemum floribundum	Plantae	Magnoliopsida			1	1			1	1			1	1		6	220
3104491	Argyranthemum frutescens	Plantae	Magnoliopsida			1	1			1	1			1	1		6	220
3136929	Anaphalis triplinervis	Plantae	Magnoliopsida			1	1			1	1			1	1		6	220
3167003	Triodanis perfoliata	Plantae	Magnoliopsida			1	1			1	1			1	1		6	220
3172294	Ligustrum sinense	Plantae	Magnoliopsida			1	1			1	1			1	1		6	220
3667007	Oenothera drawertii	Plantae	Magnoliopsida			1	1			1	1			1	1		6	220
3827975	Pelargonium candicans	Plantae	Magnoliopsida			1	1			1	1			1	1		6	220
4086523	Verbena incompta	Plantae	Magnoliopsida			1	1			1	1			1	1		6	220
4137839	Koeleria glauca	Plantae	Liliopsida			1	1			1	1			1	1		6	196
4271356	Heracleum sphondylium sibiricum	Plantae	Magnoliopsida			1	1			1	1			1	1		6	220
4487370	Tropidosteptes pacificus	Animalia	Insecta			1	1			1	1			1	1		1	216
5108665	Callopistria floridensis	Animalia	Insecta			1	1			1	1			1	1		1	216
5217334	Xenopus laevis	Animalia	Amphibia			1	1			1	1			1	1		1	131
5229110	Cyanoramphus novaezelandiae	Animalia	Aves			1	1			1	1			1	1		1	212
5231103	Zonotrichia capensis	Animalia	Aves			1	1			1	1			1	1		1	212
5232423	Chloephaga poliocephala	Animalia	Aves			1	1			1	1			1	1		1	212
5290170	Phyllostachys viridiglaucescens	Plantae	Liliopsida			1	1			1	1			1	1		6	196
5303524	Tinantia erecta	Plantae	Liliopsida			1	1			1	1			1	1		6	196
5303891	Danae racemosa	Plantae	Liliopsida			1	1			1	1			1	1		6	196
5334239	Lonicera sempervirens	Plantae	Magnoliopsida			1	1			1	1			1	1		6	220
5341540	Gilia achilleifolia	Plantae	Magnoliopsida			1	1			1	1			1	1		6	220
5373483	Crambe hispanica abyssinica	Plantae	Magnoliopsida			1	1			1	1			1	1		6	220
5660450	Pulmonaria rubra	Plantae	Magnoliopsida			1	1			1	1			1	1		6	220
6100962	Urocissa erythroryncha	Animalia	Aves			1	1			1	1			1	1		1	212
7116158	Sphaeralcea bonariensis	Plantae	Magnoliopsida			1	1			1	1			1	1		6	220
7136543	Armeria arenaria	Plantae	Magnoliopsida			1	1			1	1			1	1		6	220
7150619	Gomphocarpus fruticosus	Plantae	Magnoliopsida			1	1			1	1			1	1		6	220
7308640	Caryopteris incana	Plantae	Magnoliopsida			1	1			1	1			1	1		6	220
7315030	Glaucium grandiflorum	Plantae	Magnoliopsida			1	1			1	1			1	1		6	220
7331548	Alonsoa linearis	Plantae	Magnoliopsida			1	1			1	1			1	1		6	220
7455425	Phyla nodiflora minor	Plantae	Magnoliopsida			1	1			1	1			1	1		6	220
7619206	Erodium trifolium	Plantae	Magnoliopsida			1	1			1	1			1	1		6	220
7675186	Choreutis nemorana	Animalia	Insecta			1	1			1	1			1	1		1	216
8116963	Acanthus hungaricus	Plantae	Magnoliopsida			1	1			1	1			1	1		6	220
8358048	Potentilla recta obscura	Plantae	Magnoliopsida			1	1			1	1			1	1		6	220
8701771	Obama nungara	Animalia				1	1			1	1			1	1		1	
9362842	Junco hyemalis	Animalia	Aves			1	1			1	1			1	1		1	212
1342324	Xylocopa virginica	Animalia	Insecta			0	0			1	1			1	1		1	216
2479320	Platycercus icterotis	Animalia	Aves			0	0			1	1			1	1		1	212
2492081	Paroaria coronata	Animalia	Aves			0	0			1	1			1	1		1	212
2494088	Euplectes orix	Animalia	Aves			0	0			1	1			1	1		1	212
2718387	Bolboschoenus glaucus	Plantae	Liliopsida			0	0			1	1			1	1		6	196
2722973	Carex loliacea	Plantae	Liliopsida			0	0			1	1			1	1		6	196
3916499	Caylusea abyssinica	Plantae	Magnoliopsida			0	0			1	1			1	1		6	220
4120602	Semiarundinaria fastuosa	Plantae	Liliopsida			0	0			1	1			1	1		6	196
5289746	Phalaris aquatica	Plantae	Liliopsida			0	0			1	1			1	1		6	196
5387098	Dahlia coccinea	Plantae	Magnoliopsida			0	0			1	1			1	1		6	220
5396551	Tithonia rotundifolia	Plantae	Magnoliopsida			0	0			1	1			1	1		6	220
5397564	Vernonia fasciculata	Plantae	Magnoliopsida			0	0			1	1			1	1		6	220
7331666	Melampyrum nemorosum	Plantae	Magnoliopsida			0	0			1	1			1	1		6	220
7961815	Schoenoplectiella bucharica	Plantae	Liliopsida			0	0			1	1			1	1		6	196
9529916	Bufotes viridis	Animalia	Amphibia			0	0			1	1			1	1		1	131
2155867	Coleosoma floridanum	Animalia	Arachnida			0	0			0	0			1	1		1	367
2459658	Iguana iguana	Animalia	Reptilia			0	0			0	0			1	1		1	358
2498108	Anas luzonica	Animalia	Aves			0	0			0	0			1	1		1	212
2498398	Dendrocygna arcuata	Animalia	Aves			0	0			0	0			1	1		1	212
2874190	Passiflora edulis	Plantae	Magnoliopsida			0	0			0	0			1	1		6	220
2989222	Rubus tricolor	Plantae	Magnoliopsida			0	0			0	0			1	1		6	220
5232469	Oxyura vittata	Animalia	Aves			0	0			0	0			1	1		1	212
8144599	Papaver nudicaule	Plantae	Magnoliopsida			0	0			0	0			1	1		6	220
1313740	Camponotus vagus	Animalia	Insecta			0	0			0	0			0	0		1	216
1316805	Tapinoma melanocephalum	Animalia	Insecta			0	0			0	0			0	0		1	216
1320777	Plagiolepis pygmaea	Animalia	Insecta			0	0			0	0			0	0		1	216
1323402	Tetramorium bicarinatum	Animalia	Insecta			0	0			0	0			0	0		1	216
1719204	Gryllomorpha dalmatina	Animalia	Insecta			0	0			0	0			0	0		1	216
2150043	Crossopriza lyoni	Animalia	Arachnida			0	0			0	0			0	0		1	367
2150089	Artema atlanta	Animalia	Arachnida			0	0			0	0			0	0		1	367
2162537	Oecobius navus	Animalia	Arachnida			0	0			0	0			0	0		1	367
2172885	Evarcha jucunda	Animalia	Arachnida			0	0			0	0			0	0		1	367
2431875	Pleurodeles waltl	Animalia	Amphibia			0	0			0	0			0	0		1	131
2441454	Testudo hermanni	Animalia	Reptilia			0	0			0	0			0	0		1	358
2474944	Grus japonensis	Animalia	Aves			0	0			0	0			0	0		1	212
2479612	Amazona ochrocephala	Animalia	Aves			0	0			0	0			0	0		1	212
2480445	Haliaeetus pelagicus	Animalia	Aves			0	0			0	0			0	0		1	212
2480568	Buteo auguralis	Animalia	Aves			0	0			0	0			0	0		1	212
2482478	Corvus albicollis	Animalia	Aves			0	0			0	0			0	0		1	212
2482499	Corvus splendens	Animalia	Aves			0	0			0	0			0	0		1	212
2484155	Quiscalus quiscula	Animalia	Aves			0	0			0	0			0	0		1	212
2493739	Neochmia ruficauda	Animalia	Aves			0	0			0	0			0	0		1	212
2494086	Euplectes franciscanus	Animalia	Aves			0	0			0	0			0	0		1	212
2498288	Coscoroba coscoroba	Animalia	Aves			0	0			0	0			0	0		1	212
2516075	Cumminsiella mirabilissima	Fungi	Pucciniomycetes			0	0			0	0			0	0		5	270
2516809	Melampsoridium betulinum	Fungi	Pucciniomycetes			0	0			0	0			0	0		5	270
2702544	Panicum clandestinum	Plantae	Liliopsida			0	0			0	0			0	0		6	196
2703240	Dinebra retroflexa	Plantae	Liliopsida			0	0			0	0			0	0		6	196
2705587	Paspalum paniculatum	Plantae	Liliopsida			0	0			0	0			0	0		6	196
2705857	Brachiaria platyphylla	Plantae	Liliopsida			0	0			0	0			0	0		6	196
2706225	Lolium persicum	Plantae	Liliopsida			0	0			0	0			0	0		6	196
2706526	Agrostis exarata	Plantae	Liliopsida			0	0			0	0			0	0		6	196
2714453	Cyperus cyperoides	Plantae	Liliopsida			0	0			0	0			0	0		6	196
2714818	Cyperus rotundus	Plantae	Liliopsida			0	0			0	0			0	0		6	196
2727875	Carex secalina	Plantae	Liliopsida			0	0			0	0			0	0		6	196
2749791	Gladiolus italicus	Plantae	Liliopsida			0	0			0	0			0	0		6	196
2874538	Thladiantha dubia	Plantae	Magnoliopsida			0	0			0	0			0	0		6	220
2925530	Verbena urticifolia	Plantae	Magnoliopsida			0	0			0	0			0	0		6	220
2927484	Cuscuta suaveolens	Plantae	Magnoliopsida			0	0			0	0			0	0		6	220
2928589	Ipomoea tricolor	Plantae	Magnoliopsida			0	0			0	0			0	0		6	220
2928783	Nicotiana glauca	Plantae	Magnoliopsida			0	0			0	0			0	0		6	220
2928805	Jaltomata procumbens	Plantae	Magnoliopsida			0	0			0	0			0	0		6	220
2929892	Solanum elaeagnifolium	Plantae	Magnoliopsida			0	0			0	0			0	0		6	220
2931914	Solanum viarum	Plantae	Magnoliopsida			0	0			0	0			0	0		6	220
2957966	Senna occidentalis	Plantae	Magnoliopsida			0	0			0	0			0	0		6	220
3005039	Rosa chinensis	Plantae	Magnoliopsida			0	0			0	0			0	0		6	220
3012117	Sorbaria tomentosa	Plantae	Magnoliopsida			0	0			0	0			0	0		6	220
3025907	Cotoneaster qungbixiensis	Plantae	Magnoliopsida			0	0			0	0			0	0		6	220
3025944	Cotoneaster mairei	Plantae	Magnoliopsida			0	0			0	0			0	0		6	220
3027332	Spiraea rosalba	Plantae	Magnoliopsida			0	0			0	0			0	0		6	220
3039418	Ziziphus lotus	Plantae	Magnoliopsida			0	0			0	0			0	0		6	220
3040928	Conringia planisiliqua	Plantae	Magnoliopsida			0	0			0	0			0	0		6	220
3065883	Euphorbia glyptosperma	Plantae	Magnoliopsida			0	0			0	0			0	0		6	220
3066993	Euphorbia dentata	Plantae	Magnoliopsida			0	0			0	0			0	0		6	220
3085346	Lepyrodiclis holosteoides	Plantae	Magnoliopsida			0	0			0	0			0	0		6	220
3086784	Parthenium hysterophorus	Plantae	Magnoliopsida			0	0			0	0			0	0		6	220
3100375	Acanthospermum hispidum	Plantae	Magnoliopsida			0	0			0	0			0	0		6	220
3110041	Amphiachyris dracunculoides	Plantae	Magnoliopsida			0	0			0	0			0	0		6	220
3113852	Gutenbergia rueppellii	Plantae	Magnoliopsida			0	0			0	0			0	0		6	220
3115131	Sinacalia tangutica	Plantae	Magnoliopsida			0	0			0	0			0	0		6	220
3119219	Helianthus salicifolius	Plantae	Magnoliopsida			0	0			0	0			0	0		6	220
3123249	Pilosella stoloniflora	Plantae	Magnoliopsida			0	0			0	0			0	0		6	220
3127837	Centaurea hyalolepis	Plantae	Magnoliopsida			0	0			0	0			0	0		6	220
3138953	Melampodium perfoliatum	Plantae	Magnoliopsida			0	0			0	0			0	0		6	220
3148560	Anacyclus radiatus	Plantae	Magnoliopsida			0	0			0	0			0	0		6	220
3170266	Asclepias incarnata	Plantae	Magnoliopsida			0	0			0	0			0	0		6	220
3172622	Sesamum indicum	Plantae	Magnoliopsida			0	0			0	0			0	0		6	220
3190551	Rhus pulvinata	Plantae	Magnoliopsida			0	0			0	0			0	0		6	220
3631129	Eryngium giganteum	Plantae	Magnoliopsida			0	0			0	0			0	0		6	220
3872463	Tarenaya hassleriana	Plantae	Magnoliopsida			0	0			0	0			0	0		6	220
4033335	Bistorta affinis	Plantae	Magnoliopsida			0	0			0	0			0	0		6	220
4401285	Dorypteryx longipennis	Animalia	Insecta			0	0			0	0			0	0		1	216
4410056	Psammoryctides moravicus	Animalia	Clitellata			0	0			0	0			0	0		1	255
4423428	Yersinella raymondii	Animalia	Insecta			0	0			0	0			0	0		1	216
5202793	Clarias gariepinus	Animalia	Actinopterygii			0	0			0	0			0	0		1	204
5229142	Vanellus spinosus	Animalia	Aves			0	0			0	0			0	0		1	212
5289709	Setaria sphacelata	Plantae	Liliopsida			0	0			0	0			0	0		6	196
5289764	Gastridium ventricosum	Plantae	Liliopsida			0	0			0	0			0	0		6	196
5289995	Digitaria violascens	Plantae	Liliopsida			0	0			0	0			0	0		6	196
5295044	Smilax aspera	Plantae	Liliopsida			0	0			0	0			0	0		6	196
5334275	Lonicera morrowii	Plantae	Magnoliopsida			0	0			0	0			0	0		6	220
5341187	Myosotis alpestris	Plantae	Magnoliopsida			0	0			0	0			0	0		6	220
5343253	Astragalus cicer	Plantae	Magnoliopsida			0	0			0	0			0	0		6	220
5358906	Trifolium constantinopolitanum	Plantae	Magnoliopsida			0	0			0	0			0	0		6	220
5359475	Trifolium strictum	Plantae	Magnoliopsida			0	0			0	0			0	0		6	220
5360429	Trigonella caelesyriaca	Plantae	Magnoliopsida			0	0			0	0			0	0		6	220
5372854	Salix nigra	Plantae	Magnoliopsida			0	0			0	0			0	0		6	220
5376139	Hornungia alpina	Plantae	Magnoliopsida			0	0			0	0			0	0		6	220
5402340	Dimorphotheca jucunda	Plantae	Magnoliopsida			0	0			0	0			0	0		6	220
5402363	Dimorphotheca pluvialis	Plantae	Magnoliopsida			0	0			0	0			0	0		6	220
5409852	Campanula erinus	Plantae	Magnoliopsida			0	0			0	0			0	0		6	220
5415056	Forsythia suspensa	Plantae	Magnoliopsida			0	0			0	0			0	0		6	220
5598839	Lonicera purpusii	Plantae	Magnoliopsida			0	0			0	0			0	0		6	220
5678495	Chloris pycnothrix	Plantae	Liliopsida			0	0			0	0			0	0		6	196
5709400	Tragopogon mirabilis	Plantae	Magnoliopsida			0	0			0	0			0	0		6	220
5740285	Gyrodactylus proterorhini	Animalia	Monogenea			0	0			0	0			0	0		1	7774442
5786666	Hydrochoerus hydrochaeris	Animalia	Mammalia			0	0			0	0			0	0		1	359
5789082	Euodice malabarica	Animalia	Aves			0	0			0	0			0	0		1	212
7161168	Lopezia racemosa	Plantae	Magnoliopsida			0	0			0	0			0	0		6	220
7278926	Malope malacoides	Plantae	Magnoliopsida			0	0			0	0			0	0		6	220
7294771	Heliotropium suaveolens	Plantae	Magnoliopsida			0	0			0	0			0	0		6	220
7307829	Lavandula dentata	Plantae	Magnoliopsida			0	0			0	0			0	0		6	220
7323906	Convolvulus tricolor tricolor	Plantae	Magnoliopsida			0	0			0	0			0	0		6	220
7504215	Knautia integrifolia	Plantae	Magnoliopsida			0	0			0	0			0	0		6	220
7519710	Orobanche amethystea	Plantae	Magnoliopsida			0	0			0	0			0	0		6	220
7523432	Silene behen	Plantae	Magnoliopsida			0	0			0	0			0	0		6	220
7572133	Anoplophora glabripennis	Animalia	Insecta			0	0			0	0			0	0		1	216
7664179	Technomyrmex vitiensis	Animalia	Insecta			0	0			0	0			0	0		1	216
7690055	Carpodacus sibiricus	Animalia	Aves			0	0			0	0			0	0		1	212
7911993	Rumex pseudonatronatus	Plantae	Magnoliopsida			0	0			0	0			0	0		6	220
7938233	Stellaria cupaniana	Plantae	Magnoliopsida			0	0			0	0			0	0		6	220
7963687	Linaria chalepensis	Plantae	Magnoliopsida			0	0			0	0			0	0		6	220
7975549	Amaranthus ralletii	Plantae	Magnoliopsida			0	0			0	0			0	0		6	220
8018277	Centaurea pectinata	Plantae	Magnoliopsida			0	0			0	0			0	0		6	220
8242651	Rumex erubescens	Plantae	Magnoliopsida			0	0			0	0			0	0		6	220
8369366	Diplachne fusca uninervia	Plantae	Liliopsida			0	0			0	0			0	0		6	196
8402586	Malva clementii	Plantae	Magnoliopsida			0	0			0	0			0	0		6	220
8765358	Coccinella miranda	Animalia	Insecta			0	0			0	0			0	0		1	216
9321334	Pilosella prussica	Plantae	Magnoliopsida			0	0			0	0			0	0		6	220
