taxonKey	canonicalName	kingdom	class	year_2022_em_status_occupancy_Brussels	year_2022_em_status_occs_Brussels	year_2021_em_status_occupancy_Brussels	year_2021_em_status_occs_Brussels	year_2020_em_status_occupancy_Brussels	year_2020_em_status_occs_Brussels	mean_growth	kingdomKey	classKey
2037925	Orientus ishidae	Animalia	Insecta	3	3	3	3	3	3	1.1614034597425809	1	216
1311477	Vespa velutina	Animalia	Insecta	3	3	3	3	3	3		1	216
2153287	Zoropsis spinimana	Animalia	Arachnida	3	3	3	3	3	3		1	367
3012089	Sorbaria sorbifolia	Plantae	Magnoliopsida	3	3	3	3	3	3		6	220
3054117	Aubrieta deltoidea	Plantae	Magnoliopsida	3	3	3	3	3	3		6	220
7127810	Cyclamen hederifolium	Plantae	Magnoliopsida	3	3	3	3	3	3		6	220
8313153	Quercus palustris	Plantae	Magnoliopsida	3	3	3	3	3	3		6	220
3067119	Euphorbia maculata	Plantae	Magnoliopsida	3	3	3	3	2	2		6	220
2891783	Impatiens balfourii	Plantae	Magnoliopsida	3	3	3	3	1	1		6	220
3084015	Phytolacca americana	Plantae	Magnoliopsida	3	3	3	3	1	1		6	220
5369784	Geum macrophyllum	Plantae	Magnoliopsida	3	3	3	3	1	1		6	220
7437751	Urtica membranacea	Plantae	Magnoliopsida	3	3	3	3	1	1		6	220
7763534	Lauritrioza alacris	Animalia	Insecta	3	3	3	3	1	1		1	216
1718308	Acheta domesticus	Animalia	Insecta	3	3	3	3	0	0		1	216
2493633	Taeniopygia guttata	Animalia	Aves	3	3	3	3	0	0		1	212
2498344	Cygnus atratus	Animalia	Aves	3	3	3	3	0	0		1	212
3040184	Populus balsamifera	Plantae	Magnoliopsida	3	3	3	3	0	0		6	220
3152861	Liriodendron tulipifera	Plantae	Magnoliopsida	3	3	3	3	0	0		6	220
5372655	Salix eleagnos	Plantae	Magnoliopsida	3	3	3	3	0	0		6	220
8946295	Pontastacus leptodactylus	Animalia	Malacostraca	3	3	3	3	0	0		1	229
2164198	Cheiracanthium mildei	Animalia	Arachnida	3	3	3	2	3	3		1	367
3147168	Erigeron karvinskianus	Plantae	Magnoliopsida	3	3	3	2	3	3		6	220
3098951	Cosmos sulphureus	Plantae	Magnoliopsida	3	3	3	2	3	2		6	220
6362904	Populus trichocarpa	Plantae	Magnoliopsida	3	3	3	2	0	0		6	220
2479798	Melopsittacus undulatus	Animalia	Aves	3	3	2	3	2	3	1.2121625658877426	1	212
1997215	Blattella germanica	Animalia	Insecta	3	3	2	2	3	3		1	216
3003244	Rosa multiflora Thunb.	Plantae	Magnoliopsida	3	3	2	2	3	3		6	220
3084022	Phytolacca acinosa	Plantae	Magnoliopsida	3	3	2	2	3	3		6	220
7127354	Cyclamen coum	Plantae	Magnoliopsida	3	3	2	2	3	3		6	220
2880580	Quercus cerris	Plantae	Magnoliopsida	3	3	2	2	2	2		6	220
4486243	Oxycarenus lavaterae	Animalia	Insecta	3	3	2	2	2	2		1	216
8909595	Faxonius limosus	Animalia	Malacostraca	3	3	2	2	1	1		1	229
2888867	Rheum rhabarbarum	Plantae	Magnoliopsida	3	3	1	1	3	3		6	220
2928761	Nicotiana alata	Plantae	Magnoliopsida	3	3	1	1	3	3		6	220
3039194	Parthenocissus quinquefolia	Plantae	Magnoliopsida	3	3	1	1	3	3		6	220
3067353	Euphorbia characias	Plantae	Magnoliopsida	3	3	1	1	3	3		6	220
5284809	Pinus nigra	Plantae	Pinopsida	3	3	1	1	3	3		6	194
1749449	Cameraria ohridella	Animalia	Insecta	3	3	1	1	2	2		1	216
2091932	Pulvinaria hydrangeae	Animalia	Insecta	3	3	1	1	1	1		1	216
3033896	Berberis thunbergii	Plantae	Magnoliopsida	3	3	1	1	1	1		6	220
3169137	Euonymus fortunei	Plantae	Magnoliopsida	3	3	1	1	1	1		6	220
5328909	Sagittaria latifolia	Plantae	Liliopsida	3	3	1	1	1	1		6	196
5353590	Cercis siliquastrum	Plantae	Magnoliopsida	3	3	1	1	1	1		6	220
5584611	Silene chalcedonica	Plantae	Magnoliopsida	3	3	1	1	1	1		6	220
8362005	Sasa palmata	Plantae	Liliopsida	3	3	1	1	1	1		6	196
2984532	Zelkova serrata	Plantae	Magnoliopsida	3	3	0	0	1	1		6	220
2020686	Stephanitis takeyai	Animalia	Insecta	3	3	0	0	0	0		1	216
2479964	Poicephalus senegalus	Animalia	Aves	3	3	0	0	0	0		1	212
2685361	Abies grandis	Plantae	Pinopsida	3	3	0	0	0	0		6	194
2888706	Kolkwitzia amabilis	Plantae	Magnoliopsida	3	3	0	0	0	0		6	220
3033965	Akebia quinata	Plantae	Magnoliopsida	3	3	0	0	0	0		6	220
3085357	Saponaria ocymoides	Plantae	Magnoliopsida	3	3	0	0	0	0		6	220
3088310	Petasites japonicus	Plantae	Magnoliopsida	3	3	0	0	0	0		6	220
5285565	Pinus pinaster	Plantae	Pinopsida	3	3	0	0	0	0		6	194
5332305	Ostrya carpinifolia	Plantae	Magnoliopsida	3	3	0	0	0	0		6	220
5334240	Lonicera japonica	Plantae	Magnoliopsida	3	3	0	0	0	0		6	220
7358677	Populus nigra italica	Plantae	Magnoliopsida	3	3	0	0	0	0		6	220
5341201	Anchusa officinalis	Plantae	Magnoliopsida	3	2	3	3	3	3		6	220
2498384	Callonetta leucophrys	Animalia	Aves	3	2	3	3	1	1		1	212
5284982	Pinus strobus	Plantae	Pinopsida	3	2	3	3	0	0		6	194
2888585	Viburnum tinus	Plantae	Magnoliopsida	3	2	3	2	3	3		6	220
2857017	Allium paradoxum	Plantae	Liliopsida	3	2	3	2	3	2		6	196
7540164	Arion vulgaris	Animalia	Gastropoda	3	2	3	2	2	3		1	225
2439261	Rattus norvegicus	Animalia	Mammalia	3	2	2	2	2	2	1.0417589352683196	1	359
8599762	Aproceros leucopoda	Animalia	Insecta	3	2	1	2	1	1		1	216
5218786	Procyon lotor	Animalia	Mammalia	3	2	1	1	1	1		1	359
2650829	Cyrtomium falcatum	Plantae	Polypodiopsida	3	2	0	0	1	1		6	7228684
4484176	Cacopsylla fulguralis	Animalia	Insecta	3	2	0	0	1	1		1	216
3034015	Laurus nobilis	Plantae	Magnoliopsida	3	2	0	0	0	0		6	220
6098843	Ctenolepisma longicaudatum	Animalia	Insecta	3	1	3	1	3	1	0.9702025022725039	1	216
3189866	Acer negundo	Plantae	Magnoliopsida	3	1	3	1	3	1	0.9672669218886646	6	220
7346102	Erythranthe guttata	Plantae	Magnoliopsida	3	1	3	1	3	1	0.852691191614837	6	220
3021496	Prunus laurocerasus	Plantae	Magnoliopsida	3	1	3	1	3	1	0.7893062261412455	6	220
4201607	Phedimus spurius	Plantae	Magnoliopsida	3	1	3	1	2	1	0.9699096549282987	6	220
3026294	Cotoneaster bullatus	Plantae	Magnoliopsida	3	1	3	1	2	1	0.8992776075549951	6	220
3028528	Alchemilla mollis	Plantae	Magnoliopsida	3	1	3	1	2	1	0.8965224875256805	6	220
8080743	Scilla siberica	Plantae	Liliopsida	3	1	3	1	2	1	0.7207404914537188	6	196
2020655	Corythucha ciliata	Animalia	Insecta	3	1	3	1	2	1	0.4656140235975427	1	216
3040185	Populus canescens	Plantae	Magnoliopsida	3	1	3	1	0	1	0.9855035126728554	6	220
3128225	Centaurea nigra	Plantae	Magnoliopsida	3	1	2	1	3	1	0.9311960325068444	6	220
2479977	Nymphicus hollandicus	Animalia	Aves	3	1	1	1	2	1	0.9110721018443677	1	212
2988188	Pyracantha coccinea	Plantae	Magnoliopsida	3	1	1	1	2	1	0.786624821869174	6	220
2041682	Graphocephala fennahi	Animalia	Insecta	2	3	3	3	3	3	1.239314647936157	1	216
1047536	Leptinotarsa decemlineata	Animalia	Insecta	2	3	3	3	3	3	1.2081317888527174	1	216
1421095	Ctenolepisma lineata	Animalia	Insecta	2	3	3	3	3	3		1	216
8288647	Pterocarya fraxinifolia	Plantae	Magnoliopsida	2	3	3	3	2	3		6	220
2889934	Tropaeolum majus	Plantae	Magnoliopsida	2	3	2	3	3	3	1.23684213291324	6	220
7828157	Petroselinum crispum	Plantae	Magnoliopsida	2	3	2	3	2	3	1.0213212420125513	6	220
5289686	Setaria verticillata	Plantae	Liliopsida	2	3	2	3	1	3	1.012218377197943	6	196
1346919	Isodontia mexicana	Animalia	Insecta	2	3	2	2	3	3		1	216
3152583	Hibiscus syriacus	Plantae	Magnoliopsida	2	3	2	2	3	3		6	220
4483971	Populicerus albicans	Animalia	Insecta	2	3	2	2	0	0		1	216
3666776	Oenothera ersteinensis	Plantae	Magnoliopsida	2	3	1	1	1	1		6	220
2227300	Procambarus clarkii	Animalia	Malacostraca	2	3	0	0	1	1		1	229
2295442	Limacus flavus	Animalia	Gastropoda	2	2	3	3	3	3		1	225
2867614	Lemna minuta	Plantae	Liliopsida	2	2	3	3	3	3		6	196
3033077	Aucuba japonica	Plantae	Magnoliopsida	2	2	3	3	3	3		6	220
3189837	Acer saccharinum	Plantae	Magnoliopsida	2	2	3	3	3	3		6	220
4565039	Hygromia cinctella	Animalia	Gastropoda	2	2	3	3	3	3		1	225
5410151	Campanula poscharskyana	Plantae	Magnoliopsida	2	2	3	3	3	3		6	220
5123474	Anthophila nemorana	Animalia	Insecta	2	2	3	3	3	2		1	216
2747564	Crocus tommasinianus	Plantae	Liliopsida	2	2	3	3	2	2		6	196
2891707	Oxalis debilis	Plantae	Magnoliopsida	2	2	3	3	2	2		6	220
8745918	Deroceras invadens	Animalia	Gastropoda	2	2	3	3	2	2		1	225
2986111	Ribes aureum	Plantae	Magnoliopsida	2	2	3	3	1	1		6	220
1152186	Callidiellum rufipennis	Animalia	Insecta	2	2	3	2	3	2		1	216
2443002	Trachemys scripta	Animalia	Testudines	2	2	3	2	2	2		1	11418114
2888625	Viburnum rhytidophyllum	Plantae	Magnoliopsida	2	2	3	2	1	1		6	220
3026074	Cotoneaster salicifolius	Plantae	Magnoliopsida	2	2	2	3	3	3		6	220
1421091	Lepisma saccharinum	Animalia	Insecta	2	2	2	2	3	3		1	216
2683866	Chamaecyparis lawsoniana	Plantae	Pinopsida	2	2	2	2	3	3		6	194
2995149	Rubus phoenicolasius	Plantae	Magnoliopsida	2	2	2	2	3	3		6	220
3098912	Cosmos bipinnatus	Plantae	Magnoliopsida	2	2	2	2	3	3		6	220
3147018	Erigeron floribundus	Plantae	Magnoliopsida	2	2	2	2	3	3		6	220
5284884	Picea abies	Plantae	Pinopsida	2	2	2	2	3	3		6	194
5421180	Koelreuteria paniculata	Plantae	Magnoliopsida	2	2	2	2	3	3		6	220
2426661	Pelophylax ridibundus	Animalia	Amphibia	2	2	2	2	2	2		1	131
2435035	Felis catus	Animalia	Mammalia	2	2	2	2	2	2		1	359
2650827	Cyrtomium fortunei	Plantae	Polypodiopsida	2	2	2	2	2	2		6	7228684
3026162	Cotoneaster franchetii	Plantae	Magnoliopsida	2	2	2	2	2	2		6	220
5285637	Pinus sylvestris	Plantae	Pinopsida	2	2	2	2	2	2		6	194
7291264	Bistorta amplexicaulis	Plantae	Magnoliopsida	2	2	2	2	2	2		6	220
3133887	Coreopsis verticillata	Plantae	Magnoliopsida	2	2	2	2	1	1		6	220
3690997	Cardamine occulta	Plantae	Magnoliopsida	2	2	2	2	1	1		6	220
4567717	Boettgerilla pallens	Animalia	Gastropoda	2	2	2	2	1	1		1	225
4990176	Rhyzobius forestieri	Animalia	Insecta	2	2	2	2	1	1		1	216
7315286	Fumaria muralis	Plantae	Magnoliopsida	2	2	2	2	1	1		6	220
2876049	Corylus maxima	Plantae	Magnoliopsida	2	2	2	2	0	0		6	220
7332415	Chaenorhinum origanifolium	Plantae	Magnoliopsida	2	2	2	2	0	0		6	220
7332416	Chaenorhinum origanifolium origanifolium	Plantae	Magnoliopsida	2	2	2	2	0	0		6	220
2494303	Serinus canaria	Animalia	Aves	2	2	1	1	3	3		1	212
2686212	Larix decidua	Plantae	Pinopsida	2	2	1	1	3	3		6	194
2747567	Crocus vernus	Plantae	Liliopsida	2	2	1	1	3	3		6	196
5415012	Linaria purpurea	Plantae	Magnoliopsida	2	2	1	1	3	3		6	220
2985965	Deutzia scabra	Plantae	Magnoliopsida	2	2	1	1	1	1		6	220
3026092	Cotoneaster hjelmqvistii	Plantae	Magnoliopsida	2	2	1	1	1	1		6	220
3190522	Cotinus coggygria	Plantae	Magnoliopsida	2	2	1	1	1	1		6	220
4497054	Andricus lignicolus	Animalia	Insecta	2	2	1	1	1	1		1	216
5372639	Salix babylonica	Plantae	Magnoliopsida	2	2	1	1	1	1		6	220
5373124	Malcolmia maritima (L.) W.T.Aiton	Plantae	Magnoliopsida	2	2	1	1	1	1		6	220
9508460	Mareca sibilatrix	Animalia	Aves	2	2	1	1	1	1		1	212
2772094	Muscari botryoides	Plantae	Liliopsida	2	2	0	0	1	1		6	196
10786206	Rhaphiolepis bibas	Plantae	Magnoliopsida	2	2	0	0	1	1		6	220
2479311	Platycercus elegans	Animalia	Aves	2	2	0	0	0	0		1	212
2685484	Abies alba	Plantae	Pinopsida	2	2	0	0	0	0		6	194
2772174	Muscari armeniacum	Plantae	Liliopsida	2	2	0	0	0	0		6	196
5587240	Silene vulgaris vulgaris	Plantae	Magnoliopsida	2	2	0	0	0	0		6	220
5367294	Potentilla recta	Plantae	Magnoliopsida	2	1	3	1	3	1	0.93409164148631	6	220
2436940	Oryctolagus cuniculus	Animalia	Mammalia	2	1	3	1	2	1	0.9204063057346168	1	359
3042845	Brassica oleracea	Plantae	Magnoliopsida	2	1	3	1	2	1	0.8380868449992452	6	220
2890541	Geranium purpureum	Plantae	Magnoliopsida	2	1	3	1	1	1	0.8698813783277565	6	220
5598915	Lonicera pileata	Plantae	Magnoliopsida	2	1	3	1	1	1	0.8175573321180076	6	220
3054357	Juglans nigra	Plantae	Magnoliopsida	2	1	2	1	3	1	0.6856080085409162	6	220
5362573	Pyrus communis	Plantae	Magnoliopsida	2	1	2	1	2	1	0.9635425091031928	6	220
5365705	Potentilla intermedia	Plantae	Magnoliopsida	2	1	2	1	2	1	0.9520102076778034	6	220
2498387	Aix sponsa	Animalia	Aves	2	1	2	1	2	1	0.7572924691578797	1	212
5281901	Campylopus introflexus	Plantae	Bryopsida	2	1	2	1	1	1	0.6810022261489245	6	327
2888439	Papaver somniferum	Plantae	Magnoliopsida	2	0	3	0	3	0	0.9243597300758843	6	220
3170823	Paulownia tomentosa	Plantae	Magnoliopsida	2	0	3	0	3	0	0.6405766291679973	6	220
5361785	Myriophyllum aquaticum	Plantae	Magnoliopsida	2	0	3	0	2	0	0.6121787168293769	6	220
2876607	Alnus cordata	Plantae	Magnoliopsida	2	0	2	0	3	0	0.7343112511536752	6	220
3602683	Papaver cambricum	Plantae	Magnoliopsida	2	0	2	0	3	0	0.4247697015833408	6	220
2437450	Tamias sibiricus	Animalia	Mammalia	2	0	2	0	2	0	0.6220457351682113	1	359
2996525	Rubus armeniacus	Plantae	Magnoliopsida	2	0	2	0	2	0	0.48363545859942586	6	220
7443846	Dipsacus strigosus	Plantae	Magnoliopsida	2	0	1	0	2	0	0.47880968268776963	6	220
5232452	Branta hutchinsii	Animalia	Aves	1	3	2	3	1	3	1.7557040694265447	1	212
2498034	Anser cygnoides	Animalia	Aves	1	3	2	3	1	3	1.0626397886447254	1	212
4989904	Harmonia axyridis	Animalia	Insecta	1	3	1	3	1	3	1.2363290970048402	1	216
2479226	Psittacula krameri	Animalia	Aves	1	3	1	3	1	3	1.1644053053575345	1	212
3021730	Prunus cerasifera	Plantae	Magnoliopsida	1	3	1	3	1	3	1.108761358322385	6	220
3190653	Ailanthus altissima	Plantae	Magnoliopsida	1	3	1	3	1	3	1.1030278899308916	6	220
2498252	Alopochen aegyptiaca	Animalia	Aves	1	3	1	3	1	3	1.0855591239802087	1	212
5330661	Arum italicum	Plantae	Liliopsida	1	3	1	3	1	3	1.0620593893558978	6	196
8200663	Cymbalaria muralis	Plantae	Magnoliopsida	1	3	1	3	1	3	1.0449447602430062	6	220
5229055	Psittacula eupatria	Animalia	Aves	1	3	1	3	1	3	1.0417551320892355	1	212
6109535	Trifolium hybridum	Plantae	Magnoliopsida	1	3	1	3	1	3	1.0412357522365239	6	220
3189815	Aesculus hippocastanum	Plantae	Magnoliopsida	1	3	1	3	1	3	1.0121657281355578	6	220
3040233	Populus alba	Plantae	Magnoliopsida	1	3	1	3	1	3	1.0108625915757812	6	220
5232437	Branta canadensis	Animalia	Aves	1	2	1	2	1	2	1.0187691876553826	1	212
2294284	Otala lactea	Animalia	Gastropoda	1	1	3	3	3	3		1	225
2722515	Carex morrowii	Plantae	Liliopsida	1	1	3	3	3	3		6	196
2855398	Galanthus elwesii	Plantae	Liliopsida	1	1	3	3	3	3		6	196
2873877	Linum austriacum	Plantae	Magnoliopsida	1	1	3	3	3	3		6	220
3664589	Oenothera lindheimeri	Plantae	Magnoliopsida	1	1	3	3	3	3		6	220
8149923	Prunus persica	Plantae	Magnoliopsida	1	1	3	3	3	3		6	220
10902460	Salvia rosmarinus	Plantae	Magnoliopsida	1	1	3	3	3	3		6	220
1622658	Rhagoletis completa	Animalia	Insecta	1	1	3	3	3	1		1	216
4067302	Symphytum grandiflorum	Plantae	Magnoliopsida	1	1	3	3	2	2		6	220
2440946	Muntiacus reevesi	Animalia	Mammalia	1	1	3	3	1	1		1	359
2959443	Gleditsia triacanthos	Plantae	Magnoliopsida	1	1	3	3	1	1		6	220
3036892	Aralia elata	Plantae	Magnoliopsida	1	1	3	3	1	1		6	220
3663237	Cornus sanguinea australis	Plantae	Magnoliopsida	1	1	3	3	1	1		6	220
8149049	Wisteria sinensis	Plantae	Magnoliopsida	1	1	3	3	1	1		6	220
2426640	Pelophylax bedriagae	Animalia	Amphibia	1	1	3	3	0	0		1	131
2781103	Hemerocallis lilioasphodelus	Plantae	Liliopsida	1	1	3	3	0	0		6	196
5341497	Nepeta racemosa	Plantae	Magnoliopsida	1	1	3	3	0	0		6	220
5421039	Ludwigia grandiflora	Plantae	Magnoliopsida	1	1	3	3	0	0		6	220
7319302	Dryopteris cycadina	Plantae	Polypodiopsida	1	1	3	3	0	0		6	7228684
2443079	Graptemys ouachitensis	Animalia	Testudines	1	1	3	2	3	3		1	11418114
2684191	Taxodium distichum	Plantae	Pinopsida	1	1	3	2	1	1		6	194
2726360	Carex grayi	Plantae	Liliopsida	1	1	3	2	1	1		6	196
2174528	Saitis barbipes	Animalia	Arachnida	1	1	2	3	1	1		1	367
2913169	Galium parisiense	Plantae	Magnoliopsida	1	1	2	3	1	1		6	220
2875968	Corylus colurna	Plantae	Magnoliopsida	1	1	2	2	3	3		6	220
2926992	Salvia hispanica	Plantae	Magnoliopsida	1	1	2	2	3	3		6	220
9228211	Graptemys pseudogeographica	Animalia	Testudines	1	1	2	2	3	3		1	11418114
6157035	Trachemys scripta troostii	Animalia	Testudines	1	1	2	2	2	3		1	11418114
2038171	Opsius stactogalus	Animalia	Insecta	1	1	2	2	2	2		1	216
3033242	Anemone blanda	Plantae	Magnoliopsida	1	1	2	2	2	2		6	220
3152824	Liquidambar styraciflua	Plantae	Magnoliopsida	1	1	2	2	2	2		6	220
3189073	Epilobium brachycarpum	Plantae	Magnoliopsida	1	1	2	2	2	2		6	220
4483961	Viridicerus ustulatus	Animalia	Insecta	1	1	2	2	2	2		1	216
5219858	Ondatra zibethicus	Animalia	Mammalia	1	1	2	2	2	2		1	359
6157026	Trachemys scripta elegans	Animalia	Testudines	1	1	2	2	2	2		1	11418114
9326020	Gallus gallus	Animalia	Aves	1	1	2	2	2	2		1	212
2498035	Anser indicus	Animalia	Aves	1	1	2	2	1	1		1	212
3088488	Tagetes erecta	Plantae	Magnoliopsida	1	1	2	2	1	1		6	220
3797084	Alkekengi officinarum	Plantae	Magnoliopsida	1	1	2	2	1	1		6	220
3172059	Veronica spicata	Plantae	Magnoliopsida	1	1	2	2	0	0		6	220
7400250	Platanus hispanica	Plantae	Magnoliopsida	1	1	2	2	0	0		6	220
3120790	Artemisia verlotiorum	Plantae	Magnoliopsida	1	1	2	1	2	1	0.9473020640825204	6	220
3172615	Catalpa bignonioides	Plantae	Magnoliopsida	1	1	2	1	2	1	0.7181018275100982	6	220
2705090	Panicum miliaceum	Plantae	Liliopsida	1	1	2	1	1	1	0.9320549084883072	6	196
5156102	Leptoglossus occidentalis	Animalia	Insecta	1	1	1	3	1	3	1.0018063771308823	1	216
8909809	Emys orbicularis	Animalia	Testudines	1	1	1	2	1	3		1	11418114
2479544	Agapornis fischeri	Animalia	Aves	1	1	1	1	3	3		1	212
2498167	Anser caerulescens	Animalia	Aves	1	1	1	1	3	3		1	212
2687210	Tsuga heterophylla	Plantae	Pinopsida	1	1	1	1	3	3		6	194
2703041	Arundo donax	Plantae	Liliopsida	1	1	1	1	3	3		6	196
2772666	Hyacinthus orientalis	Plantae	Liliopsida	1	1	1	1	3	3		6	196
2775619	Yucca gloriosa	Plantae	Liliopsida	1	1	1	1	3	3		6	196
2888806	Scabiosa ochroleuca	Plantae	Magnoliopsida	1	1	1	1	3	3		6	220
3000610	Chaenomeles japonica	Plantae	Magnoliopsida	1	1	1	1	3	3		6	220
3067891	Euphorbia prostrata	Plantae	Magnoliopsida	1	1	1	1	3	3		6	220
3152816	Platanus orientalis	Plantae	Magnoliopsida	1	1	1	1	3	3		6	220
4102952	Knautia macedonica	Plantae	Magnoliopsida	1	1	1	1	3	3		6	220
4427283	Anthrenocerus australis	Animalia	Insecta	1	1	1	1	3	3		1	216
8133114	Aster amellus	Plantae	Magnoliopsida	1	1	1	1	3	3		6	220
8168344	Hedera hibernica	Plantae	Magnoliopsida	1	1	1	1	3	3		6	220
5415455	Acanthus mollis	Plantae	Magnoliopsida	1	1	1	1	3	2		6	220
7802465	Nymphaea marliacea	Plantae	Magnoliopsida	1	1	1	1	3	2		6	220
2049661	Adelges abietis	Animalia	Insecta	1	1	1	1	2	2		1	216
2765156	Tradescantia fluminensis	Plantae	Liliopsida	1	1	1	1	2	2		6	196
3039046	Fatsia japonica	Plantae	Magnoliopsida	1	1	1	1	2	2		6	220
3085420	Dianthus caryophyllus	Plantae	Magnoliopsida	1	1	1	1	2	2		6	220
8183217	Salix gmelinii	Plantae	Magnoliopsida	1	1	1	1	2	2		6	220
8335191	Oloptum miliaceum	Plantae	Liliopsida	1	1	1	1	2	2		6	196
1690429	Meconema meridionale	Animalia	Insecta	1	1	1	1	2	1	0.8479551825338048	1	216
2498388	Aix galericulata	Animalia	Aves	1	1	1	1	1	3	0.9988358698832266	1	212
2078852	Nezara viridula	Animalia	Insecta	1	1	1	1	1	3	0.9210697407809029	1	216
3033865	Mahonia aquifolium	Plantae	Magnoliopsida	1	1	1	1	1	1	0.9933122150040967	6	220
2880539	Quercus rubra	Plantae	Magnoliopsida	1	1	1	1	1	1	0.9845246144256514	6	220
3172291	Ligustrum ovalifolium	Plantae	Magnoliopsida	1	1	1	1	1	1	0.9685544377173314	6	220
9188840	Epilobium ciliatum	Plantae	Magnoliopsida	1	1	1	1	1	1	0.939831170003107	6	220
2703712	Bromus carinatus	Plantae	Liliopsida	1	1	1	1	1	1	0.8422954786393294	6	196
7224157	Pastinaca sativa sativa	Plantae	Magnoliopsida	1	1	1	1	1	1	0.8409361626692559	6	220
4488821	Deraeocoris flavilinea	Animalia	Insecta	1	1	1	1	1	1	0.8395374761582052	1	216
8701771	Obama nungara	Animalia		1	1	1	1	1	1	7.6006673001899e-12	1	
1031394	Ectopsocus petersi	Animalia	Insecta	1	1	1	1	1	1		1	216
1031742	Dorypteryx domestica	Animalia	Insecta	1	1	1	1	1	1		1	216
1095946	Reesa vespulae	Animalia	Insecta	1	1	1	1	1	1		1	216
1309600	Andricus kollari	Animalia	Insecta	1	1	1	1	1	1		1	216
1309606	Andricus grossulariae	Animalia	Insecta	1	1	1	1	1	1		1	216
1309635	Aphelonyx cerricola	Animalia	Insecta	1	1	1	1	1	1		1	216
1622599	Rhagoletis cingulata	Animalia	Insecta	1	1	1	1	1	1		1	216
1702101	Anacridium aegyptium	Animalia	Insecta	1	1	1	1	1	1		1	216
2010226	Sthenarus rotermundi	Animalia	Insecta	1	1	1	1	1	1		1	216
2020779	Buchananiella continua	Animalia	Insecta	1	1	1	1	1	1		1	216
2142456	Uloborus plumipes	Animalia	Arachnida	1	1	1	1	1	1		1	367
2149679	Holocnemus pluchei	Animalia	Arachnida	1	1	1	1	1	1		1	367
2297108	Milax gagates	Animalia	Gastropoda	1	1	1	1	1	1		1	225
2337607	Silurus glanis	Animalia		1	1	1	1	1	1		1	
2362868	Pseudorasbora parva	Animalia		1	1	1	1	1	1		1	
2362881	Leucaspius delineatus	Animalia		1	1	1	1	1	1		1	
2379089	Neogobius melanostomus	Animalia		1	1	1	1	1	1		1	
2442843	Pseudemys nelsoni	Animalia	Testudines	1	1	1	1	1	1		1	11418114
2443133	Chrysemys picta	Animalia	Testudines	1	1	1	1	1	1		1	11418114
2474051	Alectoris rufa	Animalia	Aves	1	1	1	1	1	1		1	212
2480181	Psittacus erithacus	Animalia	Aves	1	1	1	1	1	1		1	212
2498090	Anas bahamensis	Animalia	Aves	1	1	1	1	1	1		1	212
2498305	Oxyura jamaicensis	Animalia	Aves	1	1	1	1	1	1		1	212
2651816	Adiantum capillus-veneris	Plantae	Polypodiopsida	1	1	1	1	1	1		6	7228684
2684984	Araucaria araucana	Plantae	Pinopsida	1	1	1	1	1	1		6	194
2706026	Miscanthus sinensis	Plantae	Liliopsida	1	1	1	1	1	1		6	196
2739071	Trachycarpus fortunei	Plantae	Liliopsida	1	1	1	1	1	1		6	196
2767229	Scilla sardensis	Plantae	Liliopsida	1	1	1	1	1	1		6	196
2767428	Puschkinia scilloides	Plantae	Liliopsida	1	1	1	1	1	1		6	196
2857341	Allium zebdanense	Plantae	Liliopsida	1	1	1	1	1	1		6	196
2857697	Allium cepa	Plantae	Liliopsida	1	1	1	1	1	1		6	196
2888435	Papaver bracteatum	Plantae	Magnoliopsida	1	1	1	1	1	1		6	220
2925496	Verbena rigida	Plantae	Magnoliopsida	1	1	1	1	1	1		6	220
2926042	Nonea lutea	Plantae	Magnoliopsida	1	1	1	1	1	1		6	220
2928026	Nemophila menziesii	Plantae	Magnoliopsida	1	1	1	1	1	1		6	220
2928668	Dichondra argentea	Plantae	Magnoliopsida	1	1	1	1	1	1		6	220
2975132	Vicia narbonensis	Plantae	Magnoliopsida	1	1	1	1	1	1		6	220
2985964	Deutzia gracilis	Plantae	Magnoliopsida	1	1	1	1	1	1		6	220
3015457	Crataegus persimilis	Plantae	Magnoliopsida	1	1	1	1	1	1		6	220
3064669	Euphorbia myrsinites	Plantae	Magnoliopsida	1	1	1	1	1	1		6	220
3083680	Atriplex micrantha	Plantae	Magnoliopsida	1	1	1	1	1	1		6	220
3085366	Agrostemma brachyloba	Plantae	Magnoliopsida	1	1	1	1	1	1		6	220
3112361	Cynara scolymus	Plantae	Magnoliopsida	1	1	1	1	1	1		6	220
3112364	Cynara cardunculus	Plantae	Magnoliopsida	1	1	1	1	1	1		6	220
3131614	Helichrysum italicum	Plantae	Magnoliopsida	1	1	1	1	1	1		6	220
3133938	Coreopsis lanceolata	Plantae	Magnoliopsida	1	1	1	1	1	1		6	220
3150935	Echinacea purpurea	Plantae	Magnoliopsida	1	1	1	1	1	1		6	220
3172613	Catalpa ovata	Plantae	Magnoliopsida	1	1	1	1	1	1		6	220
3189828	Aesculus parviflora	Plantae	Magnoliopsida	1	1	1	1	1	1		6	220
3189835	Acer macrophyllum	Plantae	Magnoliopsida	1	1	1	1	1	1		6	220
3814157	Eudianthe coeli-rosa	Plantae	Magnoliopsida	1	1	1	1	1	1		6	220
4127352	Sasaella ramosa	Plantae	Liliopsida	1	1	1	1	1	1		6	196
4427319	Anthrenus angustefasciatus	Animalia	Insecta	1	1	1	1	1	1		1	216
4486297	Arocatus longiceps	Animalia	Insecta	1	1	1	1	1	1		1	216
4486382	Orsillus depressus	Animalia	Insecta	1	1	1	1	1	1		1	216
4497124	Andricus quercuscalicis	Animalia	Insecta	1	1	1	1	1	1		1	216
4497180	Andricus aries	Animalia	Insecta	1	1	1	1	1	1		1	216
5153082	Homotoma ficus	Animalia	Insecta	1	1	1	1	1	1		1	216
5228034	Chrysolophus pictus	Animalia	Aves	1	1	1	1	1	1		1	212
5228080	Callipepla californica	Animalia	Aves	1	1	1	1	1	1		1	212
5230734	Onychognathus tristramii	Animalia	Aves	1	1	1	1	1	1		1	212
5284702	Cedrus atlantica	Plantae	Pinopsida	1	1	1	1	1	1		6	194
5300716	Fritillaria imperialis	Plantae	Liliopsida	1	1	1	1	1	1		6	196
5355395	Spartium junceum	Plantae	Magnoliopsida	1	1	1	1	1	1		6	220
5377163	Iberis amara	Plantae	Magnoliopsida	1	1	1	1	1	1		6	220
5561475	Chaenostoma cordatum	Plantae	Magnoliopsida	1	1	1	1	1	1		6	220
5774728	Eriophyes pyri	Animalia	Arachnida	1	1	1	1	1	1		1	367
5959228	Ara severus	Animalia	Aves	1	1	1	1	1	1		1	212
6096602	Lophocolea semiteres	Plantae	Jungermanniopsida	1	1	1	1	1	1		6	126
6156934	Chrysemys picta bellii	Animalia	Testudines	1	1	1	1	1	1		1	11418114
7156971	Oxalis triangularis	Plantae	Magnoliopsida	1	1	1	1	1	1		6	220
7272185	Rosa carolina carolina	Plantae	Magnoliopsida	1	1	1	1	1	1		6	220
7307327	Agastache rugosa	Plantae	Magnoliopsida	1	1	1	1	1	1		6	220
7325877	Fraxinus angustifolia	Plantae	Magnoliopsida	1	1	1	1	1	1		6	220
7818643	Prunus armeniaca	Plantae	Magnoliopsida	1	1	1	1	1	1		6	220
7978544	Hydrocotyle ranunculoides	Plantae	Magnoliopsida	1	1	1	1	1	1		6	220
8190077	Populus canadensis	Plantae	Magnoliopsida	1	1	1	1	1	1		6	220
8342911	Papaver setiferum	Plantae	Magnoliopsida	1	1	1	1	1	1		6	220
8358048	Potentilla recta obscura	Plantae	Magnoliopsida	1	1	1	1	1	1		6	220
9245228	Hedlundia hybrida	Plantae	Magnoliopsida	1	1	1	1	1	1		6	220
10755213	Narcissus hispanicus hispanicus	Plantae	Liliopsida	1	1	1	1	1	1		6	196
10801424	Salvia yangii	Plantae	Magnoliopsida	1	1	1	1	1	1		6	220
11064584	Salvia abrotanoides	Plantae	Magnoliopsida	1	1	1	1	1	1		6	220
4532122	Cydalima perspectalis	Animalia	Insecta	1	1	0	1	0	1	0.8971882833283715	1	216
7062200	Trachemys scripta scripta	Animalia	Testudines	1	0	3	0	2	0	0.6060359553404134	1	11418114
3054368	Juglans regia	Plantae	Magnoliopsida	1	0	1	0	1	0	0.9301993464833116	6	220
3146683	Erigeron sumatrensis	Plantae	Magnoliopsida	1	0	1	0	1	0	0.8402679407421987	6	220
2479407	Myiopsitta monachus	Animalia	Aves	1	0	1	0	1	0	0.8343921528523185	1	212
2882482	Calluna vulgaris	Plantae	Magnoliopsida	1	0	1	0	1	0	0.582876494219108	6	220
5232428	Chloephaga picta	Animalia	Aves	1	0	1	0	1	0	0.556900417650375	1	212
2495414	Columba livia	Animalia	Aves	0	3	0	3	0	3	1.2349870498276174	1	212
2965354	Medicago falcata	Plantae	Magnoliopsida	0	1	1	1	1	1	0.9624731743060095	6	220
3025617	Cotoneaster horizontalis	Plantae	Magnoliopsida	0	1	0	1	0	1	0.8266355133521325	6	220
1017419	Oxidus gracilis	Animalia	Diplopoda	0	0	1	1	1	1		1	361
2077985	Impatientinum asiaticum	Animalia	Insecta	0	0	1	1	1	1		1	216
2188249	Varroa destructor	Animalia	Arachnida	0	0	1	1	1	1		1	367
2294275	Eobania vermiculata	Animalia	Gastropoda	0	0	1	1	1	1		1	225
2437282	Tamiasciurus hudsonicus	Animalia	Mammalia	0	0	1	1	1	1		1	359
2455615	Pantherophis guttatus	Animalia	Squamata	0	0	1	1	1	1		1	11592253
2465380	Python regius	Animalia	Squamata	0	0	1	1	1	1		1	11592253
2480089	Psephotus haematonotus	Animalia	Aves	0	0	1	1	1	1		1	212
2489010	Acridotheres cristatellus	Animalia	Aves	0	0	1	1	1	1		1	212
2493598	Lonchura punctulata	Animalia	Aves	0	0	1	1	1	1		1	212
2677047	Orthodontium lineare	Plantae	Bryopsida	0	0	1	1	1	1		6	327
2867631	Lemna turionifera	Plantae	Liliopsida	0	0	1	1	1	1		6	196
2928538	Ipomoea hederacea	Plantae	Magnoliopsida	0	0	1	1	1	1		6	220
2984676	Pachysandra terminalis	Plantae	Magnoliopsida	0	0	1	1	1	1		6	220
3000679	Chaenomeles speciosa	Plantae	Magnoliopsida	0	0	1	1	1	1		6	220
4038485	Reynoutria bohemica	Plantae	Magnoliopsida	0	0	1	1	1	1		6	220
4409643	Leuciscus idus	Animalia		0	0	1	1	1	1		1	
4487610	Neolygus populi	Animalia	Insecta	0	0	1	1	1	1		1	216
5229110	Cyanoramphus novaezelandiae	Animalia	Aves	0	0	1	1	1	1		1	212
5410661	Campanula pyramidalis	Plantae	Magnoliopsida	0	0	1	1	1	1		6	220
7308640	Caryopteris incana	Plantae	Magnoliopsida	0	0	1	1	1	1		6	220
7915783	Oenothera fallax	Plantae	Magnoliopsida	0	0	1	1	1	1		6	220
2441905	Chelydra serpentina	Animalia	Testudines	0	0	0	0	1	1		1	11418114
2865565	Lagarosiphon major	Plantae	Liliopsida	0	0	0	0	1	1		6	196
2928861	Petunia integrifolia	Plantae	Magnoliopsida	0	0	0	0	1	1		6	220
2984466	Laportea aestuans	Plantae	Magnoliopsida	0	0	0	0	1	1		6	220
3034046	Persea americana	Plantae	Magnoliopsida	0	0	0	0	1	1		6	220
3171952	Verbascum speciosum	Plantae	Magnoliopsida	0	0	0	0	1	1		6	220
4496869	Neuroterus saliens	Animalia	Insecta	0	0	0	0	1	1		1	216
5341540	Gilia achilleifolia	Plantae	Magnoliopsida	0	0	0	0	1	1		6	220
5411453	Campanula medium	Plantae	Magnoliopsida	0	0	0	0	1	1		6	220
7699567	Hymenoscyphus pseudoalbidus	Fungi	Leotiomycetes	0	0	0	0	1	1		5	179
8323485	Haemorhous mexicanus	Animalia	Aves	0	0	0	0	1	1		1	212
9306058	Karpatiosorbus latifolia	Plantae	Magnoliopsida	0	0	0	0	1	1		6	220
4460066	Chrysolina americana	Animalia	Insecta	0	0	0	0	0	2	0.8806842300654156	1	216
5410411	Campanula portenschlagiana	Plantae	Magnoliopsida	0	0	0	0	0	0	0.8140669931388259	6	220
1031400	Ectopsocus briggsi	Animalia	Insecta	0	0	0	0	0	0		1	216
1031684	Lepinotus patruelis	Animalia	Insecta	0	0	0	0	0	0		1	216
1719204	Gryllomorpha dalmatina	Animalia	Insecta	0	0	0	0	0	0		1	216
2092040	Pulvinaria regalis	Animalia	Insecta	0	0	0	0	0	0		1	216
2226990	Pacifastacus leniusculus	Animalia	Malacostraca	0	0	0	0	0	0		1	229
2427091	Lithobates catesbeianus	Animalia	Amphibia	0	0	0	0	0	0		1	131
2437232	Cynomys ludovicianus	Animalia	Mammalia	0	0	0	0	0	0		1	359
2439270	Rattus rattus	Animalia	Mammalia	0	0	0	0	0	0		1	359
2479329	Platycercus eximius	Animalia	Aves	0	0	0	0	0	0		1	212
2480350	Pelecanus onocrotalus	Animalia	Aves	0	0	0	0	0	0		1	212
2480352	Pelecanus rufescens	Animalia	Aves	0	0	0	0	0	0		1	212
2480410	Parabuteo unicinctus	Animalia	Aves	0	0	0	0	0	0		1	212
2480772	Plegadis ridgwayi	Animalia	Aves	0	0	0	0	0	0		1	212
2486151	Pycnonotus jocosus	Animalia	Aves	0	0	0	0	0	0		1	212
2493660	Estrilda astrild	Animalia	Aves	0	0	0	0	0	0		1	212
2495494	Geopelia cuneata	Animalia	Aves	0	0	0	0	0	0		1	212
2498010	Tadorna cana	Animalia	Aves	0	0	0	0	0	0		1	212
2498046	Chenonetta jubata	Animalia	Aves	0	0	0	0	0	0		1	212
2498065	Anas flavirostris	Animalia	Aves	0	0	0	0	0	0		1	212
2498393	Dendrocygna autumnalis	Animalia	Aves	0	0	0	0	0	0		1	212
2516809	Melampsoridium betulinum	Fungi	Pucciniomycetes	0	0	0	0	0	0		5	270
2651826	Adiantum raddianum	Plantae	Polypodiopsida	0	0	0	0	0	0		6	7228684
2683894	Xanthocyparis nootkatensis	Plantae	Pinopsida	0	0	0	0	0	0		6	194
2684171	Thuja plicata	Plantae	Pinopsida	0	0	0	0	0	0		6	194
2684178	Thuja occidentalis	Plantae	Pinopsida	0	0	0	0	0	0		6	194
2685663	Abies homolepis	Plantae	Pinopsida	0	0	0	0	0	0		6	194
2685796	Pseudotsuga menziesii	Plantae	Pinopsida	0	0	0	0	0	0		6	194
2687182	Tsuga canadensis	Plantae	Pinopsida	0	0	0	0	0	0		6	194
2702058	Juncus anthelatus	Plantae	Liliopsida	0	0	0	0	0	0		6	196
2704523	Cortaderia selloana	Plantae	Liliopsida	0	0	0	0	0	0		6	196
2716226	Cyperus esculentus	Plantae	Liliopsida	0	0	0	0	0	0		6	196
2749791	Gladiolus italicus	Plantae	Liliopsida	0	0	0	0	0	0		6	196
2752849	Erythronium dens-canis	Plantae	Liliopsida	0	0	0	0	0	0		6	196
2766030	Pontederia cordata	Plantae	Liliopsida	0	0	0	0	0	0		6	196
2769622	Muscari azureum	Plantae	Liliopsida	0	0	0	0	0	0		6	196
2772885	Ornithogalum pyramidale	Plantae	Liliopsida	0	0	0	0	0	0		6	196
2856920	Allium hollandicum	Plantae	Liliopsida	0	0	0	0	0	0		6	196
2874190	Passiflora edulis	Plantae	Magnoliopsida	0	0	0	0	0	0		6	220
2874199	Passiflora caerulea	Plantae	Magnoliopsida	0	0	0	0	0	0		6	220
2888323	Clethra alnifolia	Plantae	Magnoliopsida	0	0	0	0	0	0		6	220
2888437	Papaver orientale	Plantae	Magnoliopsida	0	0	0	0	0	0		6	220
2888564	Lamprocapnos spectabilis	Plantae	Magnoliopsida	0	0	0	0	0	0		6	220
2888579	Leycesteria formosa	Plantae	Magnoliopsida	0	0	0	0	0	0		6	220
2888636	Symphoricarpos orbiculatus	Plantae	Magnoliopsida	0	0	0	0	0	0		6	220
2888990	Rumex salicifolius	Plantae	Magnoliopsida	0	0	0	0	0	0		6	220
2889980	Geranium magnificum	Plantae	Magnoliopsida	0	0	0	0	0	0		6	220
2926572	Physostegia virginiana	Plantae	Magnoliopsida	0	0	0	0	0	0		6	220
2927492	Cuscuta gronovii	Plantae	Magnoliopsida	0	0	0	0	0	0		6	220
2927727	Phlox subulata	Plantae	Magnoliopsida	0	0	0	0	0	0		6	220
2928859	Petunia atkinsiana	Plantae	Magnoliopsida	0	0	0	0	0	0		6	220
2984492	Celtis australis	Plantae	Magnoliopsida	0	0	0	0	0	0		6	220
2985995	Hydrangea paniculata	Plantae	Magnoliopsida	0	0	0	0	0	0		6	220
3026004	Cotoneaster watereri	Plantae	Magnoliopsida	0	0	0	0	0	0		6	220
3026622	Spiraea vanhouttei	Plantae	Magnoliopsida	0	0	0	0	0	0		6	220
3040241	Populus jackii	Plantae	Magnoliopsida	0	0	0	0	0	0		6	220
3040999	Raphanus raphanistrum landra	Plantae	Magnoliopsida	0	0	0	0	0	0		6	220
3104314	Liatris spicata	Plantae	Magnoliopsida	0	0	0	0	0	0		6	220
3110041	Amphiachyris dracunculoides	Plantae	Magnoliopsida	0	0	0	0	0	0		6	220
3128888	Centaurea solstitialis	Plantae	Magnoliopsida	0	0	0	0	0	0		6	220
3138195	Eutrochium maculatum	Plantae	Magnoliopsida	0	0	0	0	0	0		6	220
3189824	Aesculus flava	Plantae	Magnoliopsida	0	0	0	0	0	0		6	220
3189882	Acer palmatum	Plantae	Magnoliopsida	0	0	0	0	0	0		6	220
3631129	Eryngium giganteum	Plantae	Magnoliopsida	0	0	0	0	0	0		6	220
3693336	Rorippa anceps	Plantae	Magnoliopsida	0	0	0	0	0	0		6	220
4033335	Bistorta affinis	Plantae	Magnoliopsida	0	0	0	0	0	0		6	220
4097656	Alnus spaethii	Plantae	Magnoliopsida	0	0	0	0	0	0		6	220
4201695	Phedimus hybridus	Plantae	Magnoliopsida	0	0	0	0	0	0		6	220
4264680	Myocastor coypus	Animalia	Mammalia	0	0	0	0	0	0		1	359
4314683	Chelicorophium curvispinum	Animalia	Malacostraca	0	0	0	0	0	0		1	229
4486365	Nysius huttoni	Animalia	Insecta	0	0	0	0	0	0		1	216
4496973	Andricus gemmeus	Animalia	Insecta	0	0	0	0	0	0		1	216
4497120	Andricus corruptrix	Animalia	Insecta	0	0	0	0	0	0		1	216
4568269	Paralaoma servilis	Animalia	Gastropoda	0	0	0	0	0	0		1	225
4926977	Catalpa erubescens	Plantae	Magnoliopsida	0	0	0	0	0	0		6	220
4938160	Berberis gagnepainii	Plantae	Magnoliopsida	0	0	0	0	0	0		6	220
5220136	Dama dama	Animalia	Mammalia	0	0	0	0	0	0		1	359
5229044	Psittacula cyanocephala	Animalia	Aves	0	0	0	0	0	0		1	212
5285074	Pinus wallichiana	Plantae	Pinopsida	0	0	0	0	0	0		6	194
5285385	Pinus mugo	Plantae	Pinopsida	0	0	0	0	0	0		6	194
5304294	Hyacinthoides massartiana	Plantae	Liliopsida	0	0	0	0	0	0		6	196
5332004	Betula nana	Plantae	Magnoliopsida	0	0	0	0	0	0		6	220
5332120	Betula papyrifera	Plantae	Magnoliopsida	0	0	0	0	0	0		6	220
5362004	Sedum sarmentosum	Plantae	Magnoliopsida	0	0	0	0	0	0		6	220
5362054	Crassula helmsii	Plantae	Magnoliopsida	0	0	0	0	0	0		6	220
5363119	Pyrus calleryana	Plantae	Magnoliopsida	0	0	0	0	0	0		6	220
5371655	Halesia carolina	Plantae	Magnoliopsida	0	0	0	0	0	0		6	220
5384361	Amaranthus bouchonii	Plantae	Magnoliopsida	0	0	0	0	0	0		6	220
5384390	Amaranthus cruentus	Plantae	Magnoliopsida	0	0	0	0	0	0		6	220
5384393	Amaranthus palmeri	Plantae	Magnoliopsida	0	0	0	0	0	0		6	220
5403605	Crepis sancta	Plantae	Magnoliopsida	0	0	0	0	0	0		6	220
5410210	Campanula fenestrellata	Plantae	Magnoliopsida	0	0	0	0	0	0		6	220
5686494	Decaisnea insignis	Plantae	Magnoliopsida	0	0	0	0	0	0		6	220
5892120	Girardia tigrina	Animalia		0	0	0	0	0	0		1	
6026954	Scandix stellata	Plantae	Magnoliopsida	0	0	0	0	0	0		6	220
6100996	Crithagra mozambica	Animalia	Aves	0	0	0	0	0	0		1	212
6101223	Spilopelia senegalensis	Animalia	Aves	0	0	0	0	0	0		1	212
6161327	Natrix tessellata	Animalia	Squamata	0	0	0	0	0	0		1	11592253
6161340	Natrix maura	Animalia	Squamata	0	0	0	0	0	0		1	11592253
6709291	Reynoutria compacta	Plantae	Magnoliopsida	0	0	0	0	0	0		6	220
7068732	Arabidopsis arenosa arenosa	Plantae	Magnoliopsida	0	0	0	0	0	0		6	220
7230699	Pinus nigra nigra	Plantae	Pinopsida	0	0	0	0	0	0		6	194
7262943	Acer davidii	Plantae	Magnoliopsida	0	0	0	0	0	0		6	220
7263145	Acer rufinerve	Plantae	Magnoliopsida	0	0	0	0	0	0		6	220
7266329	Salix alba alba	Plantae	Magnoliopsida	0	0	0	0	0	0		6	220
7293727	Ampelopsis glandulosa	Plantae	Magnoliopsida	0	0	0	0	0	0		6	220
7461690	Phragmidium mexicanum	Fungi	Pucciniomycetes	0	0	0	0	0	0		5	270
7768495	Phedimus stolonifer	Plantae	Magnoliopsida	0	0	0	0	0	0		6	220
7975549	Amaranthus ralletii	Plantae	Magnoliopsida	0	0	0	0	0	0		6	220
8060423	Cercidiphyllum japonicum	Plantae	Magnoliopsida	0	0	0	0	0	0		6	220
8255921	Pulvinaria floccifera	Animalia	Insecta	0	0	0	0	0	0		1	216
8326061	Quercus coccinea	Plantae	Magnoliopsida	0	0	0	0	0	0		6	220
8765358	Coccinella miranda	Animalia	Insecta	0	0	0	0	0	0		1	216
9040863	Neslia paniculata	Plantae	Magnoliopsida	0	0	0	0	0	0		6	220
9153437	Salix daphnoides	Plantae	Magnoliopsida	0	0	0	0	0	0		6	220
9350124	Natrix helvetica	Animalia	Squamata	0	0	0	0	0	0		1	11592253
9529916	Bufotes viridis	Animalia	Amphibia	0	0	0	0	0	0		1	131
9685907	Falco sparverius	Animalia	Aves	0	0	0	0	0	0		1	212
11055820	Hydrocharis laevigata	Plantae	Liliopsida	0	0	0	0	0	0		6	196
