taxonKey	year	em_status	growth	method
1017419	2020			correct_baseline
1017419	2021			correct_baseline
1017419	2022			correct_baseline
1031394	2020			correct_baseline
1031394	2021			correct_baseline
1031394	2022			correct_baseline
1031400	2020			correct_baseline
1031400	2021			correct_baseline
1031400	2022			correct_baseline
1031684	2020			correct_baseline
1031684	2021			correct_baseline
1031684	2022			correct_baseline
1031742	2020			correct_baseline
1031742	2021			correct_baseline
1031742	2022			correct_baseline
1047536	2020	3	1.217840662265877	correct_baseline
1047536	2021	3	1.2086312634117526	correct_baseline
1047536	2022	3	1.1979234408805224	correct_baseline
1095946	2020			correct_baseline
1095946	2021			correct_baseline
1095946	2022			correct_baseline
1152186	2020			correct_baseline
1152186	2021			correct_baseline
1152186	2022			correct_baseline
1309600	2020			correct_baseline
1309600	2021			correct_baseline
1309600	2022			correct_baseline
1309606	2020			correct_baseline
1309606	2021			correct_baseline
1309606	2022			correct_baseline
1309635	2020			correct_baseline
1309635	2021			correct_baseline
1309635	2022			correct_baseline
1311477	2020			correct_baseline
1311477	2021			correct_baseline
1311477	2022			correct_baseline
1346919	2020			correct_baseline
1346919	2021			correct_baseline
1346919	2022			correct_baseline
1421091	2020			correct_baseline
1421091	2021			correct_baseline
1421091	2022			correct_baseline
1421095	2020			correct_baseline
1421095	2021			correct_baseline
1421095	2022			correct_baseline
1622599	2020			correct_baseline
1622599	2021			correct_baseline
1622599	2022			correct_baseline
1622658	2020			correct_baseline
1622658	2021			correct_baseline
1622658	2022			correct_baseline
1690429	2020	1	0.8634632880978179	correct_baseline
1690429	2021	1	0.8480156104406412	correct_baseline
1690429	2022	1	0.8323866490629551	correct_baseline
1702101	2020			correct_baseline
1702101	2021			correct_baseline
1702101	2022			correct_baseline
1718308	2020			correct_baseline
1718308	2021			correct_baseline
1718308	2022			correct_baseline
1719204	2020			correct_baseline
1719204	2021			correct_baseline
1719204	2022			correct_baseline
1749449	2020			correct_baseline
1749449	2021			correct_baseline
1749449	2022			correct_baseline
1997215	2020			correct_baseline
1997215	2021			correct_baseline
1997215	2022			correct_baseline
2010226	2020			correct_baseline
2010226	2021			correct_baseline
2010226	2022			correct_baseline
2020655	2020	1	0.894833269690309	correct_baseline
2020655	2021	1	0.3691797726722902	correct_baseline
2020655	2022	1	0.13282902843002906	correct_baseline
2020686	2020			correct_baseline
2020686	2021			correct_baseline
2020686	2022			correct_baseline
2020779	2020			correct_baseline
2020779	2021			correct_baseline
2020779	2022			correct_baseline
2037925	2020	3	1.1644750411277351	correct_baseline
2037925	2021	3	1.1617175618813198	correct_baseline
2037925	2022	3	1.1580177762186876	correct_baseline
2038171	2020			correct_baseline
2038171	2021			correct_baseline
2038171	2022			correct_baseline
2041682	2020	3	1.2056408557781813	correct_baseline
2041682	2021	3	1.2435323034877406	correct_baseline
2041682	2022	3	1.2687707845425487	correct_baseline
2049661	2020			correct_baseline
2049661	2021			correct_baseline
2049661	2022			correct_baseline
2077985	2020			correct_baseline
2077985	2021			correct_baseline
2077985	2022			correct_baseline
2078852	2020	3	1.1179123806678894	correct_baseline
2078852	2021	1	0.9159424800651432	correct_baseline
2078852	2022	1	0.7293543616096758	correct_baseline
2091932	2020			correct_baseline
2091932	2021			correct_baseline
2091932	2022			correct_baseline
2092040	2020			correct_baseline
2092040	2021			correct_baseline
2092040	2022			correct_baseline
2142456	2020			correct_baseline
2142456	2021			correct_baseline
2142456	2022			correct_baseline
2149679	2020			correct_baseline
2149679	2021			correct_baseline
2149679	2022			correct_baseline
2153287	2020			correct_baseline
2153287	2021			correct_baseline
2153287	2022			correct_baseline
2164198	2020			correct_baseline
2164198	2021			correct_baseline
2164198	2022			correct_baseline
2174528	2020			correct_baseline
2174528	2021			correct_baseline
2174528	2022			correct_baseline
2188249	2020			correct_baseline
2188249	2021			correct_baseline
2188249	2022			correct_baseline
2226990	2020			correct_baseline
2226990	2021			correct_baseline
2226990	2022			correct_baseline
2227300	2020			correct_baseline
2227300	2021			correct_baseline
2227300	2022			correct_baseline
2294275	2020			correct_baseline
2294275	2021			correct_baseline
2294275	2022			correct_baseline
2294284	2020			correct_baseline
2294284	2021			correct_baseline
2294284	2022			correct_baseline
2295442	2020			correct_baseline
2295442	2021			correct_baseline
2295442	2022			correct_baseline
2297108	2020			correct_baseline
2297108	2021			correct_baseline
2297108	2022			correct_baseline
2337607	2020			basic
2337607	2021			basic
2337607	2022			basic
2362868	2020			basic
2362868	2021			basic
2362868	2022			basic
2362881	2020			basic
2362881	2021			basic
2362881	2022			basic
2379089	2020			basic
2379089	2021			basic
2379089	2022			basic
2426640	2020			correct_baseline
2426640	2021			correct_baseline
2426640	2022			correct_baseline
2426661	2020			correct_baseline
2426661	2021			correct_baseline
2426661	2022			correct_baseline
2427091	2020			correct_baseline
2427091	2021			correct_baseline
2427091	2022			correct_baseline
2435035	2020			correct_baseline
2435035	2021			correct_baseline
2435035	2022			correct_baseline
2436940	2020	1	0.9328840694261524	correct_baseline
2436940	2021	1	0.920391838543413	correct_baseline
2436940	2022	1	0.907943009234285	correct_baseline
2437232	2020			correct_baseline
2437232	2021			correct_baseline
2437232	2022			correct_baseline
2437282	2020			correct_baseline
2437282	2021			correct_baseline
2437282	2022			correct_baseline
2437450	2020	0	0.6750342407731279	correct_baseline
2437450	2021	0	0.6207153777312977	correct_baseline
2437450	2022	0	0.5703875870002083	correct_baseline
2439261	2020	2	1.066415938278158	correct_baseline
2439261	2021	2	1.0416675700493898	correct_baseline
2439261	2022	2	1.0171932974774114	correct_baseline
2439270	2020			correct_baseline
2439270	2021			correct_baseline
2439270	2022			correct_baseline
2440946	2020			correct_baseline
2440946	2021			correct_baseline
2440946	2022			correct_baseline
2441905	2020			correct_baseline
2441905	2021			correct_baseline
2441905	2022			correct_baseline
2442843	2020			correct_baseline
2442843	2021			correct_baseline
2442843	2022			correct_baseline
2443002	2020			correct_baseline
2443002	2021			correct_baseline
2443002	2022			correct_baseline
2443079	2020			correct_baseline
2443079	2021			correct_baseline
2443079	2022			correct_baseline
2443133	2020			correct_baseline
2443133	2021			correct_baseline
2443133	2022			correct_baseline
2455615	2020			correct_baseline
2455615	2021			correct_baseline
2455615	2022			correct_baseline
2465380	2020			correct_baseline
2465380	2021			correct_baseline
2465380	2022			correct_baseline
2474051	2020			correct_baseline
2474051	2021			correct_baseline
2474051	2022			correct_baseline
2479226	2020	3	1.1655332452174907	correct_baseline
2479226	2021	3	1.164409450806831	correct_baseline
2479226	2022	3	1.1632732200482814	correct_baseline
2479311	2020			correct_baseline
2479311	2021			correct_baseline
2479311	2022			correct_baseline
2479329	2020			correct_baseline
2479329	2021			correct_baseline
2479329	2022			correct_baseline
2479407	2020	0	0.875628861141027	correct_baseline
2479407	2021	0	0.8338393700845393	correct_baseline
2479407	2022	0	0.793708227331389	correct_baseline
2479544	2020			correct_baseline
2479544	2021			correct_baseline
2479544	2022			correct_baseline
2479798	2020	3	1.2034900681988494	correct_baseline
2479798	2021	3	1.2121510177902668	correct_baseline
2479798	2022	3	1.2208466116741115	correct_baseline
2479964	2020			correct_baseline
2479964	2021			correct_baseline
2479964	2022			correct_baseline
2479977	2020	1	0.9191223303581718	correct_baseline
2479977	2021	1	0.9110650669289828	correct_baseline
2479977	2022	1	0.9030289082459485	correct_baseline
2480089	2020			correct_baseline
2480089	2021			correct_baseline
2480089	2022			correct_baseline
2480181	2020			correct_baseline
2480181	2021			correct_baseline
2480181	2022			correct_baseline
2480350	2020			correct_baseline
2480350	2021			correct_baseline
2480350	2022			correct_baseline
2480352	2020			correct_baseline
2480352	2021			correct_baseline
2480352	2022			correct_baseline
2480410	2020			correct_baseline
2480410	2021			correct_baseline
2480410	2022			correct_baseline
2480772	2020			correct_baseline
2480772	2021			correct_baseline
2480772	2022			correct_baseline
2486151	2020			correct_baseline
2486151	2021			correct_baseline
2486151	2022			correct_baseline
2489010	2020			correct_baseline
2489010	2021			correct_baseline
2489010	2022			correct_baseline
2493598	2020			correct_baseline
2493598	2021			correct_baseline
2493598	2022			correct_baseline
2493633	2020			correct_baseline
2493633	2021			correct_baseline
2493633	2022			correct_baseline
2493660	2020			correct_baseline
2493660	2021			correct_baseline
2493660	2022			correct_baseline
2494303	2020			correct_baseline
2494303	2021			correct_baseline
2494303	2022			correct_baseline
2495414	2020	3	1.2367909442597542	correct_baseline
2495414	2021	3	1.2350609802266794	correct_baseline
2495414	2022	3	1.2331092249964186	correct_baseline
2495494	2020			correct_baseline
2495494	2021			correct_baseline
2495494	2022			correct_baseline
2498010	2020			correct_baseline
2498010	2021			correct_baseline
2498010	2022			correct_baseline
2498034	2020	3	1.0281740839873685	correct_baseline
2498034	2021	3	1.0632461254049304	correct_baseline
2498034	2022	3	1.0964991565418774	correct_baseline
2498035	2020			correct_baseline
2498035	2021			correct_baseline
2498035	2022			correct_baseline
2498046	2020			correct_baseline
2498046	2021			correct_baseline
2498046	2022			correct_baseline
2498065	2020			correct_baseline
2498065	2021			correct_baseline
2498065	2022			correct_baseline
2498090	2020			correct_baseline
2498090	2021			correct_baseline
2498090	2022			correct_baseline
2498167	2020			correct_baseline
2498167	2021			correct_baseline
2498167	2022			correct_baseline
2498252	2020	3	1.0922983813535052	correct_baseline
2498252	2021	3	1.085688097269502	correct_baseline
2498252	2022	3	1.0786908933176191	correct_baseline
2498305	2020			correct_baseline
2498305	2021			correct_baseline
2498305	2022			correct_baseline
2498344	2020			correct_baseline
2498344	2021			correct_baseline
2498344	2022			correct_baseline
2498384	2020			correct_baseline
2498384	2021			correct_baseline
2498384	2022			correct_baseline
2498387	2020	1	0.8102062289910243	correct_baseline
2498387	2021	1	0.7563483241219495	correct_baseline
2498387	2022	1	0.7053228543606653	correct_baseline
2498388	2020	3	1.003634811032575	correct_baseline
2498388	2021	1	0.9988836517958943	correct_baseline
2498388	2022	1	0.9939891468212102	correct_baseline
2498393	2020			correct_baseline
2498393	2021			correct_baseline
2498393	2022			correct_baseline
2516809	2020			correct_baseline
2516809	2021			correct_baseline
2516809	2022			correct_baseline
2650827	2020			correct_baseline
2650827	2021			correct_baseline
2650827	2022			correct_baseline
2650829	2020			correct_baseline
2650829	2021			correct_baseline
2650829	2022			correct_baseline
2651816	2020			correct_baseline
2651816	2021			correct_baseline
2651816	2022			correct_baseline
2651826	2020			correct_baseline
2651826	2021			correct_baseline
2651826	2022			correct_baseline
2677047	2020			correct_baseline
2677047	2021			correct_baseline
2677047	2022			correct_baseline
2683866	2020			correct_baseline
2683866	2021			correct_baseline
2683866	2022			correct_baseline
2683894	2020			correct_baseline
2683894	2021			correct_baseline
2683894	2022			correct_baseline
2684171	2020			correct_baseline
2684171	2021			correct_baseline
2684171	2022			correct_baseline
2684178	2020			correct_baseline
2684178	2021			correct_baseline
2684178	2022			correct_baseline
2684191	2020			correct_baseline
2684191	2021			correct_baseline
2684191	2022			correct_baseline
2684984	2020			correct_baseline
2684984	2021			correct_baseline
2684984	2022			correct_baseline
2685361	2020			correct_baseline
2685361	2021			correct_baseline
2685361	2022			correct_baseline
2685484	2020			correct_baseline
2685484	2021			correct_baseline
2685484	2022			correct_baseline
2685663	2020			correct_baseline
2685663	2021			correct_baseline
2685663	2022			correct_baseline
2685796	2020			correct_baseline
2685796	2021			correct_baseline
2685796	2022			correct_baseline
2686212	2020			correct_baseline
2686212	2021			correct_baseline
2686212	2022			correct_baseline
2687182	2020			correct_baseline
2687182	2021			correct_baseline
2687182	2022			correct_baseline
2687210	2020			correct_baseline
2687210	2021			correct_baseline
2687210	2022			correct_baseline
2702058	2020			correct_baseline
2702058	2021			correct_baseline
2702058	2022			correct_baseline
2703041	2020			correct_baseline
2703041	2021			correct_baseline
2703041	2022			correct_baseline
2703712	2020	1	0.8535670384924691	correct_baseline
2703712	2021	1	0.842275201859414	correct_baseline
2703712	2022	1	0.8310441955661052	correct_baseline
2704523	2020			correct_baseline
2704523	2021			correct_baseline
2704523	2022			correct_baseline
2705090	2020	1	0.93369798957223	correct_baseline
2705090	2021	1	0.9320551935431376	correct_baseline
2705090	2022	1	0.9304115423495538	correct_baseline
2706026	2020			correct_baseline
2706026	2021			correct_baseline
2706026	2022			correct_baseline
2716226	2020			correct_baseline
2716226	2021			correct_baseline
2716226	2022			correct_baseline
2722515	2020			correct_baseline
2722515	2021			correct_baseline
2722515	2022			correct_baseline
2726360	2020			correct_baseline
2726360	2021			correct_baseline
2726360	2022			correct_baseline
2739071	2020			correct_baseline
2739071	2021			correct_baseline
2739071	2022			correct_baseline
2747564	2020			correct_baseline
2747564	2021			correct_baseline
2747564	2022			correct_baseline
2747567	2020			correct_baseline
2747567	2021			correct_baseline
2747567	2022			correct_baseline
2749791	2020			correct_baseline
2749791	2021			correct_baseline
2749791	2022			correct_baseline
2752849	2020			correct_baseline
2752849	2021			correct_baseline
2752849	2022			correct_baseline
2765156	2020			correct_baseline
2765156	2021			correct_baseline
2765156	2022			correct_baseline
2766030	2020			correct_baseline
2766030	2021			correct_baseline
2766030	2022			correct_baseline
2767229	2020			correct_baseline
2767229	2021			correct_baseline
2767229	2022			correct_baseline
2767428	2020			correct_baseline
2767428	2021			correct_baseline
2767428	2022			correct_baseline
2769622	2020			correct_baseline
2769622	2021			correct_baseline
2769622	2022			correct_baseline
2772094	2020			correct_baseline
2772094	2021			correct_baseline
2772094	2022			correct_baseline
2772174	2020			correct_baseline
2772174	2021			correct_baseline
2772174	2022			correct_baseline
2772666	2020			correct_baseline
2772666	2021			correct_baseline
2772666	2022			correct_baseline
2772885	2020			correct_baseline
2772885	2021			correct_baseline
2772885	2022			correct_baseline
2775619	2020			correct_baseline
2775619	2021			correct_baseline
2775619	2022			correct_baseline
2781103	2020			correct_baseline
2781103	2021			correct_baseline
2781103	2022			correct_baseline
2855398	2020			correct_baseline
2855398	2021			correct_baseline
2855398	2022			correct_baseline
2856920	2020			correct_baseline
2856920	2021			correct_baseline
2856920	2022			correct_baseline
2857017	2020			correct_baseline
2857017	2021			correct_baseline
2857017	2022			correct_baseline
2857341	2020			correct_baseline
2857341	2021			correct_baseline
2857341	2022			correct_baseline
2857697	2020			correct_baseline
2857697	2021			correct_baseline
2857697	2022			correct_baseline
2865565	2020			correct_baseline
2865565	2021			correct_baseline
2865565	2022			correct_baseline
2867614	2020			correct_baseline
2867614	2021			correct_baseline
2867614	2022			correct_baseline
2867631	2020			correct_baseline
2867631	2021			correct_baseline
2867631	2022			correct_baseline
2873877	2020			correct_baseline
2873877	2021			correct_baseline
2873877	2022			correct_baseline
2874190	2020			correct_baseline
2874190	2021			correct_baseline
2874190	2022			correct_baseline
2874199	2020			correct_baseline
2874199	2021			correct_baseline
2874199	2022			correct_baseline
2875968	2020			correct_baseline
2875968	2021			correct_baseline
2875968	2022			correct_baseline
2876049	2020			correct_baseline
2876049	2021			correct_baseline
2876049	2022			correct_baseline
2876607	2020	0	0.8242388125766512	correct_baseline
2876607	2021	0	0.7318177907532702	correct_baseline
2876607	2022	0	0.6468771501311043	correct_baseline
2880539	2020	1	0.9863723581588839	correct_baseline
2880539	2021	1	0.9845248096002767	correct_baseline
2880539	2022	1	0.9826766755177937	correct_baseline
2880580	2020			correct_baseline
2880580	2021			correct_baseline
2880580	2022			correct_baseline
2882482	2020	0	0.6294835631667842	correct_baseline
2882482	2021	0	0.5817178676422433	correct_baseline
2882482	2022	0	0.5374280518482967	correct_baseline
2888323	2020			correct_baseline
2888323	2021			correct_baseline
2888323	2022			correct_baseline
2888435	2020			correct_baseline
2888435	2021			correct_baseline
2888435	2022			correct_baseline
2888437	2020			correct_baseline
2888437	2021			correct_baseline
2888437	2022			correct_baseline
2888439	2020	0	0.9347379567395894	correct_baseline
2888439	2021	0	0.9243417473320173	correct_baseline
2888439	2022	0	0.9139994861560465	correct_baseline
2888564	2020			correct_baseline
2888564	2021			correct_baseline
2888564	2022			correct_baseline
2888579	2020			correct_baseline
2888579	2021			correct_baseline
2888579	2022			correct_baseline
2888585	2020			correct_baseline
2888585	2021			correct_baseline
2888585	2022			correct_baseline
2888625	2020			correct_baseline
2888625	2021			correct_baseline
2888625	2022			correct_baseline
2888636	2020			correct_baseline
2888636	2021			correct_baseline
2888636	2022			correct_baseline
2888706	2020			correct_baseline
2888706	2021			correct_baseline
2888706	2022			correct_baseline
2888806	2020			correct_baseline
2888806	2021			correct_baseline
2888806	2022			correct_baseline
2888867	2020			correct_baseline
2888867	2021			correct_baseline
2888867	2022			correct_baseline
2888990	2020			correct_baseline
2888990	2021			correct_baseline
2888990	2022			correct_baseline
2889934	2020	3	1.23162835280831	correct_baseline
2889934	2021	3	1.2368382154102557	correct_baseline
2889934	2022	3	1.242059830521154	correct_baseline
2889980	2020			correct_baseline
2889980	2021			correct_baseline
2889980	2022			correct_baseline
2890541	2020	1	0.8821233271135093	correct_baseline
2890541	2021	1	0.8698603238649603	correct_baseline
2890541	2022	1	0.8576604840047998	correct_baseline
2891707	2020			correct_baseline
2891707	2021			correct_baseline
2891707	2022			correct_baseline
2891783	2020			correct_baseline
2891783	2021			correct_baseline
2891783	2022			correct_baseline
2913169	2020			correct_baseline
2913169	2021			correct_baseline
2913169	2022			correct_baseline
2925496	2020			correct_baseline
2925496	2021			correct_baseline
2925496	2022			correct_baseline
2926042	2020			correct_baseline
2926042	2021			correct_baseline
2926042	2022			correct_baseline
2926572	2020			correct_baseline
2926572	2021			correct_baseline
2926572	2022			correct_baseline
2926992	2020			correct_baseline
2926992	2021			correct_baseline
2926992	2022			correct_baseline
2927492	2020			correct_baseline
2927492	2021			correct_baseline
2927492	2022			correct_baseline
2927727	2020			correct_baseline
2927727	2021			correct_baseline
2927727	2022			correct_baseline
2928026	2020			correct_baseline
2928026	2021			correct_baseline
2928026	2022			correct_baseline
2928538	2020			correct_baseline
2928538	2021			correct_baseline
2928538	2022			correct_baseline
2928668	2020			correct_baseline
2928668	2021			correct_baseline
2928668	2022			correct_baseline
2928761	2020			correct_baseline
2928761	2021			correct_baseline
2928761	2022			correct_baseline
2928859	2020			correct_baseline
2928859	2021			correct_baseline
2928859	2022			correct_baseline
2928861	2020			correct_baseline
2928861	2021			correct_baseline
2928861	2022			correct_baseline
2959443	2020			correct_baseline
2959443	2021			correct_baseline
2959443	2022			correct_baseline
2965354	2020	1	0.9671306247591777	correct_baseline
2965354	2021	1	0.9624761668684172	correct_baseline
2965354	2022	1	0.9578127312904341	correct_baseline
2975132	2020			correct_baseline
2975132	2021			correct_baseline
2975132	2022			correct_baseline
2984466	2020			correct_baseline
2984466	2021			correct_baseline
2984466	2022			correct_baseline
2984492	2020			correct_baseline
2984492	2021			correct_baseline
2984492	2022			correct_baseline
2984532	2020			correct_baseline
2984532	2021			correct_baseline
2984532	2022			correct_baseline
2984676	2020			correct_baseline
2984676	2021			correct_baseline
2984676	2022			correct_baseline
2985964	2020			correct_baseline
2985964	2021			correct_baseline
2985964	2022			correct_baseline
2985965	2020			correct_baseline
2985965	2021			correct_baseline
2985965	2022			correct_baseline
2985995	2020			correct_baseline
2985995	2021			correct_baseline
2985995	2022			correct_baseline
2986111	2020			correct_baseline
2986111	2021			correct_baseline
2986111	2022			correct_baseline
2988188	2020	1	0.806177089887755	correct_baseline
2988188	2021	1	0.7865198629353638	correct_baseline
2988188	2022	1	0.7671775127844034	correct_baseline
2995149	2020			correct_baseline
2995149	2021			correct_baseline
2995149	2022			correct_baseline
2996525	2020	0	0.5357286440220397	correct_baseline
2996525	2021	0	0.4819084914973286	correct_baseline
2996525	2022	0	0.43326924027890934	correct_baseline
3000610	2020			correct_baseline
3000610	2021			correct_baseline
3000610	2022			correct_baseline
3000679	2020			correct_baseline
3000679	2021			correct_baseline
3000679	2022			correct_baseline
3003244	2020			correct_baseline
3003244	2021			correct_baseline
3003244	2022			correct_baseline
3012089	2020			correct_baseline
3012089	2021			correct_baseline
3012089	2022			correct_baseline
3015457	2020			correct_baseline
3015457	2021			correct_baseline
3015457	2022			correct_baseline
3021496	2020	1	0.8185845428834528	correct_baseline
3021496	2021	1	0.7890832991763	correct_baseline
3021496	2022	1	0.7602508363639834	correct_baseline
3021730	2020	3	1.1062874120050663	correct_baseline
3021730	2021	3	1.108793419334783	correct_baseline
3021730	2022	3	1.1112032436273054	correct_baseline
3025617	2020	1	0.8501383224946962	correct_baseline
3025617	2021	1	0.8264794978717538	correct_baseline
3025617	2022	1	0.8032887196899473	correct_baseline
3026004	2020			correct_baseline
3026004	2021			correct_baseline
3026004	2022			correct_baseline
3026074	2020			correct_baseline
3026074	2021			correct_baseline
3026074	2022			correct_baseline
3026092	2020			correct_baseline
3026092	2021			correct_baseline
3026092	2022			correct_baseline
3026162	2020			correct_baseline
3026162	2021			correct_baseline
3026162	2022			correct_baseline
3026294	2020	1	0.9128016648107319	correct_baseline
3026294	2021	1	0.8992587625534808	correct_baseline
3026294	2022	1	0.8857723953007726	correct_baseline
3026622	2020			correct_baseline
3026622	2021			correct_baseline
3026622	2022			correct_baseline
3028528	2020	1	0.9087708902921089	correct_baseline
3028528	2021	1	0.8964935873695147	correct_baseline
3028528	2022	1	0.8843029849154183	correct_baseline
3033077	2020			correct_baseline
3033077	2021			correct_baseline
3033077	2022			correct_baseline
3033242	2020			correct_baseline
3033242	2021			correct_baseline
3033242	2022			correct_baseline
3033865	2020	1	0.9955959553602592	correct_baseline
3033865	2021	1	0.9933125414627622	correct_baseline
3033865	2022	1	0.9910281481892687	correct_baseline
3033896	2020			correct_baseline
3033896	2021			correct_baseline
3033896	2022			correct_baseline
3033965	2020			correct_baseline
3033965	2021			correct_baseline
3033965	2022			correct_baseline
3034015	2020			correct_baseline
3034015	2021			correct_baseline
3034015	2022			correct_baseline
3034046	2020			correct_baseline
3034046	2021			correct_baseline
3034046	2022			correct_baseline
3036892	2020			correct_baseline
3036892	2021			correct_baseline
3036892	2022			correct_baseline
3039046	2020			correct_baseline
3039046	2021			correct_baseline
3039046	2022			correct_baseline
3039194	2020			correct_baseline
3039194	2021			correct_baseline
3039194	2022			correct_baseline
3040184	2020			correct_baseline
3040184	2021			correct_baseline
3040184	2022			correct_baseline
3040185	2020	1	0.986214535570623	correct_baseline
3040185	2021	1	0.9855057023476147	correct_baseline
3040185	2022	1	0.9847903001003284	correct_baseline
3040233	2020	3	1.0142979927502347	correct_baseline
3040233	2021	3	1.0108784710954317	correct_baseline
3040233	2022	3	1.0074113108816773	correct_baseline
3040241	2020			correct_baseline
3040241	2021			correct_baseline
3040241	2022			correct_baseline
3040999	2020			correct_baseline
3040999	2021			correct_baseline
3040999	2022			correct_baseline
3042845	2020	1	0.8587077303782693	correct_baseline
3042845	2021	1	0.8379643333234655	correct_baseline
3042845	2022	1	0.817588471296001	correct_baseline
3054117	2020			correct_baseline
3054117	2021			correct_baseline
3054117	2022			correct_baseline
3054357	2020	1	0.7387083231332664	correct_baseline
3054357	2021	1	0.6846239044088489	correct_baseline
3054357	2022	1	0.6334917980806332	correct_baseline
3054368	2020	0	0.9420707148737671	correct_baseline
3054368	2021	0	0.9301614021468007	correct_baseline
3054368	2022	0	0.9183659224293669	correct_baseline
3064669	2020			correct_baseline
3064669	2021			correct_baseline
3064669	2022			correct_baseline
3067119	2020			correct_baseline
3067119	2021			correct_baseline
3067119	2022			correct_baseline
3067353	2020			correct_baseline
3067353	2021			correct_baseline
3067353	2022			correct_baseline
3067891	2020			correct_baseline
3067891	2021			correct_baseline
3067891	2022			correct_baseline
3083680	2020			correct_baseline
3083680	2021			correct_baseline
3083680	2022			correct_baseline
3084015	2020			correct_baseline
3084015	2021			correct_baseline
3084015	2022			correct_baseline
3084022	2020			correct_baseline
3084022	2021			correct_baseline
3084022	2022			correct_baseline
3085357	2020			correct_baseline
3085357	2021			correct_baseline
3085357	2022			correct_baseline
3085366	2020			correct_baseline
3085366	2021			correct_baseline
3085366	2022			correct_baseline
3085420	2020			correct_baseline
3085420	2021			correct_baseline
3085420	2022			correct_baseline
3088310	2020			correct_baseline
3088310	2021			correct_baseline
3088310	2022			correct_baseline
3088488	2020			correct_baseline
3088488	2021			correct_baseline
3088488	2022			correct_baseline
3098912	2020			correct_baseline
3098912	2021			correct_baseline
3098912	2022			correct_baseline
3098951	2020			correct_baseline
3098951	2021			correct_baseline
3098951	2022			correct_baseline
3104314	2020			correct_baseline
3104314	2021			correct_baseline
3104314	2022			correct_baseline
3110041	2020			correct_baseline
3110041	2021			correct_baseline
3110041	2022			correct_baseline
3112361	2020			correct_baseline
3112361	2021			correct_baseline
3112361	2022			correct_baseline
3112364	2020			correct_baseline
3112364	2021			correct_baseline
3112364	2022			correct_baseline
3120790	2020	1	0.9537398493224466	correct_baseline
3120790	2021	1	0.947315349976721	correct_baseline
3120790	2022	1	0.9408509929483937	correct_baseline
3128225	2020	1	0.9347339492581273	correct_baseline
3128225	2021	1	0.931193855189736	correct_baseline
3128225	2022	1	0.9276602930726701	correct_baseline
3128888	2020			correct_baseline
3128888	2021			correct_baseline
3128888	2022			correct_baseline
3131614	2020			correct_baseline
3131614	2021			correct_baseline
3131614	2022			correct_baseline
3133887	2020			correct_baseline
3133887	2021			correct_baseline
3133887	2022			correct_baseline
3133938	2020			correct_baseline
3133938	2021			correct_baseline
3133938	2022			correct_baseline
3138195	2020			correct_baseline
3138195	2021			correct_baseline
3138195	2022			correct_baseline
3146683	2020	0	0.8987079101452002	correct_baseline
3146683	2021	0	0.839822174520291	correct_baseline
3146683	2022	0	0.782273737561105	correct_baseline
3147018	2020			correct_baseline
3147018	2021			correct_baseline
3147018	2022			correct_baseline
3147168	2020			correct_baseline
3147168	2021			correct_baseline
3147168	2022			correct_baseline
3150935	2020			correct_baseline
3150935	2021			correct_baseline
3150935	2022			correct_baseline
3152583	2020			correct_baseline
3152583	2021			correct_baseline
3152583	2022			correct_baseline
3152816	2020			correct_baseline
3152816	2021			correct_baseline
3152816	2022			correct_baseline
3152824	2020			correct_baseline
3152824	2021			correct_baseline
3152824	2022			correct_baseline
3152861	2020			correct_baseline
3152861	2021			correct_baseline
3152861	2022			correct_baseline
3169137	2020			correct_baseline
3169137	2021			correct_baseline
3169137	2022			correct_baseline
3170823	2020	0	0.7320980707500142	correct_baseline
3170823	2021	0	0.6371000923313138	correct_baseline
3170823	2022	0	0.5525317244226639	correct_baseline
3171952	2020			correct_baseline
3171952	2021			correct_baseline
3171952	2022			correct_baseline
3172059	2020			correct_baseline
3172059	2021			correct_baseline
3172059	2022			correct_baseline
3172291	2020	1	0.9707555196355447	correct_baseline
3172291	2021	1	0.968555707314762	correct_baseline
3172291	2022	1	0.9663520862016872	correct_baseline
3172613	2020			correct_baseline
3172613	2021			correct_baseline
3172613	2022			correct_baseline
3172615	2020	1	0.7321066053659109	correct_baseline
3172615	2021	1	0.7181044452848134	correct_baseline
3172615	2022	1	0.7040944318795704	correct_baseline
3189073	2020			correct_baseline
3189073	2021			correct_baseline
3189073	2022			correct_baseline
3189815	2020	3	1.0129270354232918	correct_baseline
3189815	2021	3	1.0121669150578285	correct_baseline
3189815	2022	3	1.0114032339255532	correct_baseline
3189824	2020			correct_baseline
3189824	2021			correct_baseline
3189824	2022			correct_baseline
3189828	2020			correct_baseline
3189828	2021			correct_baseline
3189828	2022			correct_baseline
3189835	2020			correct_baseline
3189835	2021			correct_baseline
3189835	2022			correct_baseline
3189837	2020			correct_baseline
3189837	2021			correct_baseline
3189837	2022			correct_baseline
3189866	2020	1	0.9715087576206209	correct_baseline
3189866	2021	1	0.9672761798415814	correct_baseline
3189866	2022	1	0.9630158282037916	correct_baseline
3189882	2020			correct_baseline
3189882	2021			correct_baseline
3189882	2022			correct_baseline
3190522	2020			correct_baseline
3190522	2021			correct_baseline
3190522	2022			correct_baseline
3190653	2020	3	1.1062356632000825	correct_baseline
3190653	2021	3	1.1031395814817913	correct_baseline
3190653	2022	3	1.0997084251108011	correct_baseline
3602683	2020	0	0.4955726316808214	correct_baseline
3602683	2021	0	0.42116129986451667	correct_baseline
3602683	2022	0	0.3575751732046844	correct_baseline
3631129	2020			correct_baseline
3631129	2021			correct_baseline
3631129	2022			correct_baseline
3663237	2020			correct_baseline
3663237	2021			correct_baseline
3663237	2022			correct_baseline
3664589	2020			correct_baseline
3664589	2021			correct_baseline
3664589	2022			correct_baseline
3666776	2020			correct_baseline
3666776	2021			correct_baseline
3666776	2022			correct_baseline
3690997	2020			correct_baseline
3690997	2021			correct_baseline
3690997	2022			correct_baseline
3693336	2020			correct_baseline
3693336	2021			correct_baseline
3693336	2022			correct_baseline
3797084	2020			correct_baseline
3797084	2021			correct_baseline
3797084	2022			correct_baseline
3814157	2020			correct_baseline
3814157	2021			correct_baseline
3814157	2022			correct_baseline
4033335	2020			correct_baseline
4033335	2021			correct_baseline
4033335	2022			correct_baseline
4038485	2020			correct_baseline
4038485	2021			correct_baseline
4038485	2022			correct_baseline
4067302	2020			correct_baseline
4067302	2021			correct_baseline
4067302	2022			correct_baseline
4097656	2020			correct_baseline
4097656	2021			correct_baseline
4097656	2022			correct_baseline
4102952	2020			correct_baseline
4102952	2021			correct_baseline
4102952	2022			correct_baseline
4127352	2020			correct_baseline
4127352	2021			correct_baseline
4127352	2022			correct_baseline
4201607	2020	1	0.9735464408520754	correct_baseline
4201607	2021	1	0.9699094810582101	correct_baseline
4201607	2022	1	0.9662730428746108	correct_baseline
4201695	2020			correct_baseline
4201695	2021			correct_baseline
4201695	2022			correct_baseline
4264680	2020			correct_baseline
4264680	2021			correct_baseline
4264680	2022			correct_baseline
4314683	2020			correct_baseline
4314683	2021			correct_baseline
4314683	2022			correct_baseline
4409643	2020			basic
4409643	2021			basic
4409643	2022			basic
4427283	2020			correct_baseline
4427283	2021			correct_baseline
4427283	2022			correct_baseline
4427319	2020			correct_baseline
4427319	2021			correct_baseline
4427319	2022			correct_baseline
4460066	2020	2	1.1056691399398453	correct_baseline
4460066	2021	0	0.8710087089077245	correct_baseline
4460066	2022	0	0.6653748413486771	correct_baseline
4483961	2020			correct_baseline
4483961	2021			correct_baseline
4483961	2022			correct_baseline
4483971	2020			correct_baseline
4483971	2021			correct_baseline
4483971	2022			correct_baseline
4484176	2020			correct_baseline
4484176	2021			correct_baseline
4484176	2022			correct_baseline
4486243	2020			correct_baseline
4486243	2021			correct_baseline
4486243	2022			correct_baseline
4486297	2020			correct_baseline
4486297	2021			correct_baseline
4486297	2022			correct_baseline
4486365	2020			correct_baseline
4486365	2021			correct_baseline
4486365	2022			correct_baseline
4486382	2020			correct_baseline
4486382	2021			correct_baseline
4486382	2022			correct_baseline
4487610	2020			correct_baseline
4487610	2021			correct_baseline
4487610	2022			correct_baseline
4488821	2020	1	0.855054913414911	correct_baseline
4488821	2021	1	0.8418669637683754	correct_baseline
4488821	2022	1	0.8216905512913292	correct_baseline
4496869	2020			correct_baseline
4496869	2021			correct_baseline
4496869	2022			correct_baseline
4496973	2020			correct_baseline
4496973	2021			correct_baseline
4496973	2022			correct_baseline
4497054	2020			correct_baseline
4497054	2021			correct_baseline
4497054	2022			correct_baseline
4497120	2020			correct_baseline
4497120	2021			correct_baseline
4497120	2022			correct_baseline
4497124	2020			correct_baseline
4497124	2021			correct_baseline
4497124	2022			correct_baseline
4497180	2020			correct_baseline
4497180	2021			correct_baseline
4497180	2022			correct_baseline
4532122	2020	1	0.9876094775795566	correct_baseline
4532122	2021	1	0.9041020051559717	correct_baseline
4532122	2022	1	0.7998533672495864	correct_baseline
4565039	2020			correct_baseline
4565039	2021			correct_baseline
4565039	2022			correct_baseline
4567717	2020			correct_baseline
4567717	2021			correct_baseline
4567717	2022			correct_baseline
4568269	2020			correct_baseline
4568269	2021			correct_baseline
4568269	2022			correct_baseline
4926977	2020			correct_baseline
4926977	2021			correct_baseline
4926977	2022			correct_baseline
4938160	2020			correct_baseline
4938160	2021			correct_baseline
4938160	2022			correct_baseline
4989904	2020	3	1.28403516719089	correct_baseline
4989904	2021	3	1.2378532858060294	correct_baseline
4989904	2022	3	1.187098838017601	correct_baseline
4990176	2020			correct_baseline
4990176	2021			correct_baseline
4990176	2022			correct_baseline
5123474	2020			correct_baseline
5123474	2021			correct_baseline
5123474	2022			correct_baseline
5153082	2020			correct_baseline
5153082	2021			correct_baseline
5153082	2022			correct_baseline
5156102	2020	3	1.0773495558572854	correct_baseline
5156102	2021	3	1.0052054658360994	correct_baseline
5156102	2022	1	0.9228641096992621	correct_baseline
5218786	2020			correct_baseline
5218786	2021			correct_baseline
5218786	2022			correct_baseline
5219858	2020			correct_baseline
5219858	2021			correct_baseline
5219858	2022			correct_baseline
5220136	2020			correct_baseline
5220136	2021			correct_baseline
5220136	2022			correct_baseline
5228034	2020			correct_baseline
5228034	2021			correct_baseline
5228034	2022			correct_baseline
5228080	2020			correct_baseline
5228080	2021			correct_baseline
5228080	2022			correct_baseline
5229044	2020			correct_baseline
5229044	2021			correct_baseline
5229044	2022			correct_baseline
5229055	2020	3	1.0605621723842638	correct_baseline
5229055	2021	3	1.041696957405224	correct_baseline
5229055	2022	3	1.023006266478219	correct_baseline
5229110	2020			correct_baseline
5229110	2021			correct_baseline
5229110	2022			correct_baseline
5230734	2020			correct_baseline
5230734	2021			correct_baseline
5230734	2022			correct_baseline
5232428	2020	0	0.568318119702373	correct_baseline
5232428	2021	0	0.5568242963423898	correct_baseline
5232428	2022	0	0.5455588369063621	correct_baseline
5232437	2020	2	1.0315118064519577	correct_baseline
5232437	2021	2	1.018755338383609	correct_baseline
5232437	2022	2	1.0060404181305813	correct_baseline
5232452	2020	3	1.430060540034086	correct_baseline
5232452	2021	3	1.7351821330116612	correct_baseline
5232452	2022	3	2.1018695352338868	correct_baseline
5281901	2020	1	0.7237865996985249	correct_baseline
5281901	2021	1	0.6802225253956607	correct_baseline
5281901	2022	1	0.6389975533525879	correct_baseline
5284702	2020			correct_baseline
5284702	2021			correct_baseline
5284702	2022			correct_baseline
5284809	2020			correct_baseline
5284809	2021			correct_baseline
5284809	2022			correct_baseline
5284884	2020			correct_baseline
5284884	2021			correct_baseline
5284884	2022			correct_baseline
5284982	2020			correct_baseline
5284982	2021			correct_baseline
5284982	2022			correct_baseline
5285074	2020			correct_baseline
5285074	2021			correct_baseline
5285074	2022			correct_baseline
5285385	2020			correct_baseline
5285385	2021			correct_baseline
5285385	2022			correct_baseline
5285565	2020			correct_baseline
5285565	2021			correct_baseline
5285565	2022			correct_baseline
5285637	2020			correct_baseline
5285637	2021			correct_baseline
5285637	2022			correct_baseline
5289686	2020	3	1.0139285480540254	correct_baseline
5289686	2021	3	1.0123596937715529	correct_baseline
5289686	2022	3	1.0103668897682505	correct_baseline
5300716	2020			correct_baseline
5300716	2021			correct_baseline
5300716	2022			correct_baseline
5304294	2020			correct_baseline
5304294	2021			correct_baseline
5304294	2022			correct_baseline
5328909	2020			correct_baseline
5328909	2021			correct_baseline
5328909	2022			correct_baseline
5330661	2020	3	1.0685827538482293	correct_baseline
5330661	2021	3	1.062136589287565	correct_baseline
5330661	2022	3	1.0554588249318997	correct_baseline
5332004	2020			correct_baseline
5332004	2021			correct_baseline
5332004	2022			correct_baseline
5332120	2020			correct_baseline
5332120	2021			correct_baseline
5332120	2022			correct_baseline
5332305	2020			correct_baseline
5332305	2021			correct_baseline
5332305	2022			correct_baseline
5334240	2020			correct_baseline
5334240	2021			correct_baseline
5334240	2022			correct_baseline
5341201	2020			correct_baseline
5341201	2021			correct_baseline
5341201	2022			correct_baseline
5341497	2020			correct_baseline
5341497	2021			correct_baseline
5341497	2022			correct_baseline
5341540	2020			correct_baseline
5341540	2021			correct_baseline
5341540	2022			correct_baseline
5353590	2020			correct_baseline
5353590	2021			correct_baseline
5353590	2022			correct_baseline
5355395	2020			correct_baseline
5355395	2021			correct_baseline
5355395	2022			correct_baseline
5361785	2020	0	0.6484321605682257	correct_baseline
5361785	2021	0	0.6115688026049709	correct_baseline
5361785	2022	0	0.5765351873149338	correct_baseline
5362004	2020			correct_baseline
5362004	2021			correct_baseline
5362004	2022			correct_baseline
5362054	2020			correct_baseline
5362054	2021			correct_baseline
5362054	2022			correct_baseline
5362573	2020	1	0.967000971339459	correct_baseline
5362573	2021	1	0.9635426474588719	correct_baseline
5362573	2022	1	0.9600839085112475	correct_baseline
5363119	2020			correct_baseline
5363119	2021			correct_baseline
5363119	2022			correct_baseline
5365705	2020	1	0.9559050897231041	correct_baseline
5365705	2021	1	0.952009062478701	correct_baseline
5365705	2022	1	0.9481164708316054	correct_baseline
5367294	2020	1	0.9455575918723196	correct_baseline
5367294	2021	1	0.9341474807491947	correct_baseline
5367294	2022	1	0.9225698518374156	correct_baseline
5369784	2020			correct_baseline
5369784	2021			correct_baseline
5369784	2022			correct_baseline
5371655	2020			correct_baseline
5371655	2021			correct_baseline
5371655	2022			correct_baseline
5372639	2020			correct_baseline
5372639	2021			correct_baseline
5372639	2022			correct_baseline
5372655	2020			correct_baseline
5372655	2021			correct_baseline
5372655	2022			correct_baseline
5373124	2020			correct_baseline
5373124	2021			correct_baseline
5373124	2022			correct_baseline
5377163	2020			correct_baseline
5377163	2021			correct_baseline
5377163	2022			correct_baseline
5384361	2020			correct_baseline
5384361	2021			correct_baseline
5384361	2022			correct_baseline
5384390	2020			correct_baseline
5384390	2021			correct_baseline
5384390	2022			correct_baseline
5384393	2020			correct_baseline
5384393	2021			correct_baseline
5384393	2022			correct_baseline
5403605	2020			correct_baseline
5403605	2021			correct_baseline
5403605	2022			correct_baseline
5410151	2020			correct_baseline
5410151	2021			correct_baseline
5410151	2022			correct_baseline
5410210	2020			correct_baseline
5410210	2021			correct_baseline
5410210	2022			correct_baseline
5410411	2020	0	0.8389979148801416	correct_baseline
5410411	2021	0	0.8138981885486244	correct_baseline
5410411	2022	0	0.7893048759877118	correct_baseline
5410661	2020			correct_baseline
5410661	2021			correct_baseline
5410661	2022			correct_baseline
5411453	2020			correct_baseline
5411453	2021			correct_baseline
5411453	2022			correct_baseline
5415012	2020			correct_baseline
5415012	2021			correct_baseline
5415012	2022			correct_baseline
5415455	2020			correct_baseline
5415455	2021			correct_baseline
5415455	2022			correct_baseline
5421039	2020			correct_baseline
5421039	2021			correct_baseline
5421039	2022			correct_baseline
5421180	2020			correct_baseline
5421180	2021			correct_baseline
5421180	2022			correct_baseline
5561475	2020			correct_baseline
5561475	2021			correct_baseline
5561475	2022			correct_baseline
5584611	2020			correct_baseline
5584611	2021			correct_baseline
5584611	2022			correct_baseline
5587240	2020			correct_baseline
5587240	2021			correct_baseline
5587240	2022			correct_baseline
5598915	2020	1	0.8398079168441662	correct_baseline
5598915	2021	1	0.8174687674263387	correct_baseline
5598915	2022	1	0.795395312083518	correct_baseline
5686494	2020			correct_baseline
5686494	2021			correct_baseline
5686494	2022			correct_baseline
5774728	2020			correct_baseline
5774728	2021			correct_baseline
5774728	2022			correct_baseline
5892120	2020			basic
5892120	2021			basic
5892120	2022			basic
5959228	2020			correct_baseline
5959228	2021			correct_baseline
5959228	2022			correct_baseline
6026954	2020			correct_baseline
6026954	2021			correct_baseline
6026954	2022			correct_baseline
6096602	2020			correct_baseline
6096602	2021			correct_baseline
6096602	2022			correct_baseline
6098843	2020	1	0.9876101883030696	correct_baseline
6098843	2021	1	0.9703494662018938	correct_baseline
6098843	2022	1	0.9526478523125484	correct_baseline
6100996	2020			correct_baseline
6100996	2021			correct_baseline
6100996	2022			correct_baseline
6101223	2020			correct_baseline
6101223	2021			correct_baseline
6101223	2022			correct_baseline
6109535	2020	3	1.0403168908401255	correct_baseline
6109535	2021	3	1.0412360686246065	correct_baseline
6109535	2022	3	1.0421542972448394	correct_baseline
6156934	2020			correct_baseline
6156934	2021			correct_baseline
6156934	2022			correct_baseline
6157026	2020			correct_baseline
6157026	2021			correct_baseline
6157026	2022			correct_baseline
6157035	2020			correct_baseline
6157035	2021			correct_baseline
6157035	2022			correct_baseline
6161327	2020			correct_baseline
6161327	2021			correct_baseline
6161327	2022			correct_baseline
6161340	2020			correct_baseline
6161340	2021			correct_baseline
6161340	2022			correct_baseline
6362904	2020			correct_baseline
6362904	2021			correct_baseline
6362904	2022			correct_baseline
6709291	2020			correct_baseline
6709291	2021			correct_baseline
6709291	2022			correct_baseline
7062200	2020	0	0.6631331948035856	correct_baseline
7062200	2021	0	0.6048385424351828	correct_baseline
7062200	2022	0	0.550136128782472	correct_baseline
7068732	2020			correct_baseline
7068732	2021			correct_baseline
7068732	2022			correct_baseline
7127354	2020			correct_baseline
7127354	2021			correct_baseline
7127354	2022			correct_baseline
7127810	2020			correct_baseline
7127810	2021			correct_baseline
7127810	2022			correct_baseline
7156971	2020			correct_baseline
7156971	2021			correct_baseline
7156971	2022			correct_baseline
7224157	2020	1	0.8518584766875961	correct_baseline
7224157	2021	1	0.8409228888432395	correct_baseline
7224157	2022	1	0.8300271224769319	correct_baseline
7230699	2020			correct_baseline
7230699	2021			correct_baseline
7230699	2022			correct_baseline
7262943	2020			correct_baseline
7262943	2021			correct_baseline
7262943	2022			correct_baseline
7263145	2020			correct_baseline
7263145	2021			correct_baseline
7263145	2022			correct_baseline
7266329	2020			correct_baseline
7266329	2021			correct_baseline
7266329	2022			correct_baseline
7272185	2020			correct_baseline
7272185	2021			correct_baseline
7272185	2022			correct_baseline
7291264	2020			correct_baseline
7291264	2021			correct_baseline
7291264	2022			correct_baseline
7293727	2020			correct_baseline
7293727	2021			correct_baseline
7293727	2022			correct_baseline
7307327	2020			correct_baseline
7307327	2021			correct_baseline
7307327	2022			correct_baseline
7308640	2020			correct_baseline
7308640	2021			correct_baseline
7308640	2022			correct_baseline
7315286	2020			correct_baseline
7315286	2021			correct_baseline
7315286	2022			correct_baseline
7319302	2020			correct_baseline
7319302	2021			correct_baseline
7319302	2022			correct_baseline
7325877	2020			correct_baseline
7325877	2021			correct_baseline
7325877	2022			correct_baseline
7332415	2020			correct_baseline
7332415	2021			correct_baseline
7332415	2022			correct_baseline
7332416	2020			correct_baseline
7332416	2021			correct_baseline
7332416	2022			correct_baseline
7346102	2020	1	0.8709295674004736	correct_baseline
7346102	2021	1	0.8525898031571995	correct_baseline
7346102	2022	1	0.834554204286838	correct_baseline
7358677	2020			correct_baseline
7358677	2021			correct_baseline
7358677	2022			correct_baseline
7400250	2020			correct_baseline
7400250	2021			correct_baseline
7400250	2022			correct_baseline
7437751	2020			correct_baseline
7437751	2021			correct_baseline
7437751	2022			correct_baseline
7443846	2020	0	0.5315993787886472	correct_baseline
7443846	2021	0	0.47709957235971234	correct_baseline
7443846	2022	0	0.42773009691494945	correct_baseline
7461690	2020			correct_baseline
7461690	2021			correct_baseline
7461690	2022			correct_baseline
7540164	2020			correct_baseline
7540164	2021			correct_baseline
7540164	2022			correct_baseline
7699567	2020			correct_baseline
7699567	2021			correct_baseline
7699567	2022			correct_baseline
7763534	2020			correct_baseline
7763534	2021			correct_baseline
7763534	2022			correct_baseline
7768495	2020			correct_baseline
7768495	2021			correct_baseline
7768495	2022			correct_baseline
7802465	2020			correct_baseline
7802465	2021			correct_baseline
7802465	2022			correct_baseline
7818643	2020			correct_baseline
7818643	2021			correct_baseline
7818643	2022			correct_baseline
7828157	2020	3	1.0263074978644104	correct_baseline
7828157	2021	3	1.0226498157016255	correct_baseline
7828157	2022	3	1.0150064124716176	correct_baseline
7915783	2020			correct_baseline
7915783	2021			correct_baseline
7915783	2022			correct_baseline
7975549	2020			correct_baseline
7975549	2021			correct_baseline
7975549	2022			correct_baseline
7978544	2020			correct_baseline
7978544	2021			correct_baseline
7978544	2022			correct_baseline
8060423	2020			correct_baseline
8060423	2021			correct_baseline
8060423	2022			correct_baseline
8080743	2020	1	0.7637714600923017	correct_baseline
8080743	2021	1	0.7199989324319384	correct_baseline
8080743	2022	1	0.6784510818369163	correct_baseline
8133114	2020			correct_baseline
8133114	2021			correct_baseline
8133114	2022			correct_baseline
8149049	2020			correct_baseline
8149049	2021			correct_baseline
8149049	2022			correct_baseline
8149923	2020			correct_baseline
8149923	2021			correct_baseline
8149923	2022			correct_baseline
8168344	2020			correct_baseline
8168344	2021			correct_baseline
8168344	2022			correct_baseline
8183217	2020			correct_baseline
8183217	2021			correct_baseline
8183217	2022			correct_baseline
8190077	2020			correct_baseline
8190077	2021			correct_baseline
8190077	2022			correct_baseline
8200663	2020	3	1.045625117158183	correct_baseline
8200663	2021	3	1.044946272503903	correct_baseline
8200663	2022	3	1.0442628910669327	correct_baseline
8255921	2020			correct_baseline
8255921	2021			correct_baseline
8255921	2022			correct_baseline
8288647	2020			correct_baseline
8288647	2021			correct_baseline
8288647	2022			correct_baseline
8313153	2020			correct_baseline
8313153	2021			correct_baseline
8313153	2022			correct_baseline
8323485	2020			correct_baseline
8323485	2021			correct_baseline
8323485	2022			correct_baseline
8326061	2020			correct_baseline
8326061	2021			correct_baseline
8326061	2022			correct_baseline
8335191	2020			correct_baseline
8335191	2021			correct_baseline
8335191	2022			correct_baseline
8342911	2020			correct_baseline
8342911	2021			correct_baseline
8342911	2022			correct_baseline
8358048	2020			correct_baseline
8358048	2021			correct_baseline
8358048	2022			correct_baseline
8362005	2020			correct_baseline
8362005	2021			correct_baseline
8362005	2022			correct_baseline
8599762	2020			correct_baseline
8599762	2021			correct_baseline
8599762	2022			correct_baseline
8701771	2020	1	2.2801557811359848e-11	basic
8701771	2021	1	2.220446049250313e-16	basic
8701771	2022	1	2.220446049250313e-16	basic
8745918	2020			correct_baseline
8745918	2021			correct_baseline
8745918	2022			correct_baseline
8765358	2020			correct_baseline
8765358	2021			correct_baseline
8765358	2022			correct_baseline
8909595	2020			correct_baseline
8909595	2021			correct_baseline
8909595	2022			correct_baseline
8909809	2020			correct_baseline
8909809	2021			correct_baseline
8909809	2022			correct_baseline
8946295	2020			correct_baseline
8946295	2021			correct_baseline
8946295	2022			correct_baseline
9040863	2020			correct_baseline
9040863	2021			correct_baseline
9040863	2022			correct_baseline
9153437	2020			correct_baseline
9153437	2021			correct_baseline
9153437	2022			correct_baseline
9188840	2020	1	0.9441631491396137	correct_baseline
9188840	2021	1	0.9398416162578213	correct_baseline
9188840	2022	1	0.9354887446118862	correct_baseline
9228211	2020			correct_baseline
9228211	2021			correct_baseline
9228211	2022			correct_baseline
9245228	2020			correct_baseline
9245228	2021			correct_baseline
9245228	2022			correct_baseline
9306058	2020			correct_baseline
9306058	2021			correct_baseline
9306058	2022			correct_baseline
9326020	2020			correct_baseline
9326020	2021			correct_baseline
9326020	2022			correct_baseline
9350124	2020			correct_baseline
9350124	2021			correct_baseline
9350124	2022			correct_baseline
9508460	2020			correct_baseline
9508460	2021			correct_baseline
9508460	2022			correct_baseline
9529916	2020			correct_baseline
9529916	2021			correct_baseline
9529916	2022			correct_baseline
9685907	2020			correct_baseline
9685907	2021			correct_baseline
9685907	2022			correct_baseline
10755213	2020			correct_baseline
10755213	2021			correct_baseline
10755213	2022			correct_baseline
10786206	2020			correct_baseline
10786206	2021			correct_baseline
10786206	2022			correct_baseline
10801424	2020			correct_baseline
10801424	2021			correct_baseline
10801424	2022			correct_baseline
10902460	2020			correct_baseline
10902460	2021			correct_baseline
10902460	2022			correct_baseline
11055820	2020			correct_baseline
11055820	2021			correct_baseline
11055820	2022			correct_baseline
11064584	2020			correct_baseline
11064584	2021			correct_baseline
11064584	2022			correct_baseline
