taxonKey	year	em_status	dr_1	dr_2	dr_3	dr_4
1017419	2020	1	TRUE	FALSE	FALSE	FALSE
1031394	2020	1	TRUE	FALSE	FALSE	FALSE
1031400	2020	1	TRUE	FALSE	FALSE	FALSE
1031684	2020	2	FALSE	TRUE	FALSE	FALSE
1031742	2020	1	FALSE	FALSE	FALSE	FALSE
1043717	2020	1	TRUE	FALSE	FALSE	FALSE
1045323	2020	0	TRUE	FALSE	TRUE	FALSE
1047536	2020	3	FALSE	TRUE	FALSE	TRUE
1119292	2020	1	TRUE	FALSE	FALSE	FALSE
1309600	2020	2	FALSE	TRUE	FALSE	FALSE
1309652	2020	2	FALSE	TRUE	FALSE	FALSE
1311477	2020	3	FALSE	TRUE	FALSE	TRUE
1316805	2020	0	TRUE	FALSE	TRUE	FALSE
1323402	2020	0	FALSE	FALSE	TRUE	FALSE
1346919	2020	3	FALSE	TRUE	FALSE	TRUE
1421091	2020	3	FALSE	TRUE	FALSE	TRUE
1421095	2020	3	FALSE	TRUE	FALSE	TRUE
1622599	2020	3	FALSE	TRUE	FALSE	TRUE
1626096	2020	1	FALSE	FALSE	FALSE	FALSE
1650106	2020	1	TRUE	FALSE	FALSE	FALSE
1651430	2020	2	FALSE	TRUE	FALSE	FALSE
1652212	2020	1	FALSE	FALSE	FALSE	FALSE
1690429	2020	3	FALSE	TRUE	FALSE	TRUE
1702101	2020	1	FALSE	FALSE	FALSE	FALSE
1718308	2020	3	FALSE	TRUE	FALSE	TRUE
1719204	2020	0	TRUE	FALSE	TRUE	FALSE
1722299	2020	3	FALSE	TRUE	FALSE	TRUE
1749449	2020	3	FALSE	TRUE	FALSE	TRUE
1749580	2020	2	FALSE	TRUE	FALSE	FALSE
1751299	2020	0	TRUE	FALSE	TRUE	FALSE
1830284	2020	1	TRUE	FALSE	FALSE	FALSE
1873051	2020	1	TRUE	FALSE	FALSE	FALSE
1873890	2020	1	TRUE	FALSE	FALSE	FALSE
1910629	2020	1	TRUE	FALSE	FALSE	FALSE
1932752	2020	1	TRUE	FALSE	FALSE	FALSE
1941864	2020	1	TRUE	FALSE	FALSE	FALSE
1997215	2020	0	TRUE	FALSE	TRUE	FALSE
2007665	2020	1	TRUE	FALSE	FALSE	FALSE
2008616	2020	1	FALSE	FALSE	FALSE	TRUE
2020655	2020	2	FALSE	TRUE	FALSE	FALSE
2020779	2020	1	TRUE	FALSE	FALSE	FALSE
2037925	2020	3	FALSE	TRUE	FALSE	TRUE
2037991	2020	1	TRUE	FALSE	FALSE	FALSE
2038171	2020	1	FALSE	FALSE	FALSE	FALSE
2041682	2020	3	FALSE	TRUE	FALSE	TRUE
2049296	2020	1	FALSE	FALSE	FALSE	FALSE
2049661	2020	2	FALSE	TRUE	FALSE	FALSE
2049722	2020	1	FALSE	FALSE	FALSE	FALSE
2049732	2020	2	FALSE	TRUE	FALSE	FALSE
2077985	2020	1	TRUE	FALSE	FALSE	FALSE
2078852	2020	3	FALSE	TRUE	FALSE	TRUE
2091932	2020	3	FALSE	TRUE	FALSE	TRUE
2095283	2020	3	FALSE	TRUE	FALSE	TRUE
2128482	2020	1	FALSE	FALSE	FALSE	FALSE
2128502	2020	3	FALSE	TRUE	FALSE	TRUE
2138688	2020	0	FALSE	FALSE	TRUE	FALSE
2141622	2020	0	TRUE	FALSE	TRUE	FALSE
2142456	2020	3	FALSE	TRUE	FALSE	TRUE
2153287	2020	3	FALSE	TRUE	FALSE	TRUE
2157245	2020	0	TRUE	FALSE	TRUE	FALSE
2164198	2020	1	TRUE	FALSE	FALSE	FALSE
2174528	2020	3	FALSE	TRUE	FALSE	TRUE
2217982	2020	2	FALSE	TRUE	FALSE	FALSE
2219863	2020	1	FALSE	FALSE	FALSE	FALSE
2220312	2020	2	FALSE	TRUE	FALSE	FALSE
2220347	2020	2	FALSE	TRUE	FALSE	FALSE
2226990	2020	2	FALSE	TRUE	FALSE	FALSE
2227300	2020	2	FALSE	TRUE	FALSE	FALSE
2234836	2020	0	FALSE	FALSE	TRUE	FALSE
2287073	2020	2	FALSE	TRUE	FALSE	FALSE
2294284	2020	1	TRUE	FALSE	FALSE	FALSE
2295442	2020	3	FALSE	TRUE	FALSE	TRUE
2297108	2020	1	FALSE	FALSE	FALSE	FALSE
2308609	2020	0	FALSE	FALSE	TRUE	FALSE
2337607	2020	0	FALSE	FALSE	TRUE	FALSE
2362030	2020	3	FALSE	TRUE	FALSE	TRUE
2362868	2020	2	FALSE	TRUE	FALSE	FALSE
2362881	2020	1	FALSE	FALSE	FALSE	FALSE
2367742	2020	0	TRUE	FALSE	TRUE	FALSE
2379089	2020	2	FALSE	TRUE	FALSE	FALSE
2379245	2020	1	FALSE	FALSE	FALSE	FALSE
2402129	2020	1	TRUE	FALSE	FALSE	FALSE
2426640	2020	0	TRUE	FALSE	TRUE	FALSE
2426661	2020	2	FALSE	TRUE	FALSE	FALSE
2427091	2020	1	FALSE	FALSE	FALSE	FALSE
2434552	2020	2	FALSE	TRUE	FALSE	FALSE
2435035	2020	3	FALSE	TRUE	FALSE	TRUE
2436940	2020	3	FALSE	TRUE	FALSE	TRUE
2437282	2020	0	TRUE	FALSE	TRUE	FALSE
2437399	2020	1	TRUE	FALSE	FALSE	FALSE
2437450	2020	2	FALSE	TRUE	FALSE	FALSE
2439261	2020	3	FALSE	TRUE	FALSE	TRUE
2439270	2020	0	FALSE	FALSE	TRUE	FALSE
2439838	2020	0	TRUE	FALSE	TRUE	FALSE
2440946	2020	2	FALSE	TRUE	FALSE	FALSE
2440954	2020	1	FALSE	FALSE	FALSE	FALSE
2443002	2020	3	FALSE	TRUE	FALSE	TRUE
2443079	2020	3	FALSE	TRUE	FALSE	TRUE
2444339	2020	0	TRUE	FALSE	TRUE	FALSE
2455615	2020	1	FALSE	FALSE	FALSE	FALSE
2469188	2020	3	FALSE	TRUE	FALSE	TRUE
2473341	2020	3	FALSE	TRUE	FALSE	TRUE
2473477	2020	3	FALSE	TRUE	FALSE	TRUE
2474051	2020	2	FALSE	TRUE	FALSE	FALSE
2474162	2020	0	TRUE	FALSE	TRUE	FALSE
2474936	2020	2	FALSE	TRUE	FALSE	FALSE
2474944	2020	0	FALSE	FALSE	TRUE	FALSE
2475648	2020	1	FALSE	FALSE	FALSE	FALSE
2476041	2020	0	TRUE	FALSE	TRUE	FALSE
2479226	2020	3	FALSE	TRUE	FALSE	TRUE
2479311	2020	0	FALSE	FALSE	TRUE	FALSE
2479329	2020	1	FALSE	FALSE	FALSE	FALSE
2479407	2020	1	FALSE	FALSE	FALSE	FALSE
2479544	2020	1	FALSE	FALSE	FALSE	FALSE
2479553	2020	1	FALSE	FALSE	FALSE	FALSE
2479666	2020	0	TRUE	FALSE	TRUE	FALSE
2479798	2020	1	FALSE	FALSE	FALSE	FALSE
2479964	2020	1	TRUE	FALSE	FALSE	FALSE
2479977	2020	2	FALSE	TRUE	FALSE	FALSE
2480181	2020	1	TRUE	FALSE	FALSE	FALSE
2480350	2020	0	FALSE	FALSE	TRUE	FALSE
2480352	2020	1	FALSE	FALSE	FALSE	FALSE
2480410	2020	1	FALSE	FALSE	FALSE	FALSE
2480454	2020	1	TRUE	FALSE	FALSE	FALSE
2480542	2020	0	TRUE	FALSE	TRUE	FALSE
2480764	2020	1	FALSE	FALSE	FALSE	FALSE
2480770	2020	0	FALSE	FALSE	TRUE	FALSE
2480772	2020	0	TRUE	FALSE	TRUE	FALSE
2480800	2020	0	TRUE	FALSE	TRUE	FALSE
2480989	2020	0	FALSE	FALSE	TRUE	FALSE
2481034	2020	0	TRUE	FALSE	TRUE	FALSE
2481092	2020	1	TRUE	FALSE	FALSE	FALSE
2481110	2020	0	TRUE	FALSE	TRUE	FALSE
2481936	2020	0	TRUE	FALSE	TRUE	FALSE
2482519	2020	1	TRUE	FALSE	FALSE	FALSE
2486132	2020	1	TRUE	FALSE	FALSE	FALSE
2486151	2020	1	TRUE	FALSE	FALSE	FALSE
2489010	2020	0	TRUE	FALSE	TRUE	FALSE
2489080	2020	0	TRUE	FALSE	TRUE	FALSE
2493633	2020	3	FALSE	TRUE	FALSE	TRUE
2493660	2020	0	FALSE	FALSE	TRUE	FALSE
2493698	2020	1	FALSE	FALSE	FALSE	FALSE
2494088	2020	0	TRUE	FALSE	TRUE	FALSE
2494097	2020	1	FALSE	FALSE	FALSE	FALSE
2494303	2020	3	FALSE	TRUE	FALSE	TRUE
2495134	2020	1	TRUE	FALSE	FALSE	FALSE
2495165	2020	1	FALSE	FALSE	FALSE	TRUE
2495414	2020	2	FALSE	TRUE	FALSE	FALSE
2495494	2020	3	FALSE	TRUE	FALSE	TRUE
2495688	2020	1	FALSE	FALSE	FALSE	FALSE
2498001	2020	0	TRUE	FALSE	TRUE	FALSE
2498010	2020	1	FALSE	FALSE	FALSE	FALSE
2498034	2020	2	FALSE	TRUE	FALSE	FALSE
2498035	2020	2	FALSE	TRUE	FALSE	FALSE
2498046	2020	2	FALSE	TRUE	FALSE	FALSE
2498064	2020	1	TRUE	FALSE	FALSE	FALSE
2498065	2020	0	FALSE	FALSE	TRUE	FALSE
2498084	2020	0	TRUE	FALSE	TRUE	FALSE
2498090	2020	2	FALSE	TRUE	FALSE	FALSE
2498094	2020	2	FALSE	TRUE	FALSE	FALSE
2498163	2020	0	FALSE	FALSE	TRUE	FALSE
2498167	2020	0	TRUE	FALSE	TRUE	FALSE
2498181	2020	0	TRUE	FALSE	TRUE	FALSE
2498252	2020	3	FALSE	TRUE	FALSE	TRUE
2498305	2020	1	FALSE	FALSE	FALSE	FALSE
2498313	2020	0	TRUE	FALSE	TRUE	FALSE
2498329	2020	0	FALSE	FALSE	TRUE	FALSE
2498335	2020	0	FALSE	FALSE	TRUE	FALSE
2498344	2020	2	FALSE	TRUE	FALSE	FALSE
2498380	2020	0	TRUE	FALSE	TRUE	FALSE
2498384	2020	3	FALSE	TRUE	FALSE	TRUE
2498387	2020	2	FALSE	TRUE	FALSE	FALSE
2498388	2020	2	FALSE	TRUE	FALSE	FALSE
2498390	2020	0	FALSE	FALSE	TRUE	FALSE
2498393	2020	0	TRUE	FALSE	TRUE	FALSE
2498396	2020	3	FALSE	TRUE	FALSE	TRUE
2498402	2020	2	FALSE	TRUE	FALSE	FALSE
2498408	2020	1	FALSE	FALSE	FALSE	FALSE
2498411	2020	0	TRUE	FALSE	TRUE	FALSE
2516075	2020	0	TRUE	FALSE	TRUE	FALSE
2516809	2020	0	TRUE	FALSE	TRUE	FALSE
2650827	2020	2	FALSE	TRUE	FALSE	FALSE
2650829	2020	0	TRUE	FALSE	TRUE	FALSE
2651816	2020	0	TRUE	FALSE	TRUE	FALSE
2677047	2020	2	FALSE	TRUE	FALSE	FALSE
2683866	2020	3	FALSE	TRUE	FALSE	TRUE
2683894	2020	0	FALSE	FALSE	TRUE	FALSE
2684120	2020	3	FALSE	TRUE	FALSE	TRUE
2684171	2020	2	FALSE	TRUE	FALSE	FALSE
2684178	2020	3	FALSE	TRUE	FALSE	TRUE
2684191	2020	2	FALSE	TRUE	FALSE	FALSE
2685361	2020	2	FALSE	TRUE	FALSE	FALSE
2685484	2020	2	FALSE	TRUE	FALSE	FALSE
2685552	2020	3	FALSE	TRUE	FALSE	TRUE
2685663	2020	0	TRUE	FALSE	TRUE	FALSE
2685796	2020	2	FALSE	TRUE	FALSE	FALSE
2686157	2020	1	FALSE	FALSE	FALSE	FALSE
2686212	2020	2	FALSE	TRUE	FALSE	FALSE
2687182	2020	2	FALSE	TRUE	FALSE	FALSE
2687210	2020	2	FALSE	TRUE	FALSE	FALSE
2687885	2020	1	TRUE	FALSE	FALSE	FALSE
2700768	2020	3	FALSE	TRUE	FALSE	TRUE
2701612	2020	1	TRUE	FALSE	FALSE	FALSE
2701986	2020	0	TRUE	FALSE	TRUE	FALSE
2702822	2020	0	FALSE	FALSE	TRUE	FALSE
2703346	2020	0	TRUE	FALSE	TRUE	FALSE
2703712	2020	0	FALSE	FALSE	TRUE	FALSE
2704523	2020	3	FALSE	TRUE	FALSE	TRUE
2705090	2020	3	FALSE	TRUE	FALSE	TRUE
2705286	2020	1	FALSE	FALSE	FALSE	FALSE
2705512	2020	2	FALSE	TRUE	FALSE	FALSE
2706026	2020	1	FALSE	FALSE	FALSE	FALSE
2706209	2020	1	FALSE	FALSE	FALSE	FALSE
2706225	2020	0	TRUE	FALSE	TRUE	FALSE
2716226	2020	1	FALSE	FALSE	FALSE	FALSE
2716838	2020	1	FALSE	FALSE	FALSE	FALSE
2717402	2020	1	FALSE	FALSE	FALSE	FALSE
2717467	2020	1	FALSE	FALSE	FALSE	FALSE
2720120	2020	1	FALSE	FALSE	FALSE	FALSE
2720269	2020	2	FALSE	TRUE	FALSE	FALSE
2722380	2020	0	FALSE	FALSE	TRUE	FALSE
2726360	2020	3	FALSE	TRUE	FALSE	TRUE
2726538	2020	1	TRUE	FALSE	FALSE	FALSE
2747489	2020	0	TRUE	FALSE	TRUE	FALSE
2747564	2020	2	FALSE	TRUE	FALSE	FALSE
2747567	2020	3	FALSE	TRUE	FALSE	TRUE
2747750	2020	1	TRUE	FALSE	FALSE	FALSE
2752849	2020	1	TRUE	FALSE	FALSE	FALSE
2765942	2020	0	FALSE	FALSE	TRUE	FALSE
2766030	2020	2	FALSE	TRUE	FALSE	FALSE
2767031	2020	0	TRUE	FALSE	TRUE	FALSE
2767271	2020	1	FALSE	FALSE	FALSE	FALSE
2767275	2020	3	FALSE	TRUE	FALSE	TRUE
2767428	2020	1	FALSE	FALSE	FALSE	FALSE
2769622	2020	1	TRUE	FALSE	FALSE	FALSE
2772094	2020	3	FALSE	TRUE	FALSE	TRUE
2772174	2020	1	FALSE	FALSE	FALSE	FALSE
2772666	2020	3	FALSE	TRUE	FALSE	TRUE
2772885	2020	3	FALSE	TRUE	FALSE	TRUE
2775530	2020	1	FALSE	FALSE	FALSE	FALSE
2775619	2020	2	FALSE	TRUE	FALSE	FALSE
2781103	2020	2	FALSE	TRUE	FALSE	FALSE
2856204	2020	1	TRUE	FALSE	FALSE	FALSE
2857017	2020	1	TRUE	FALSE	FALSE	FALSE
2857449	2020	1	TRUE	FALSE	FALSE	FALSE
2857697	2020	0	TRUE	FALSE	TRUE	FALSE
2858909	2020	3	FALSE	TRUE	FALSE	TRUE
2858963	2020	0	TRUE	FALSE	TRUE	FALSE
2865565	2020	1	FALSE	FALSE	FALSE	FALSE
2867614	2020	2	FALSE	TRUE	FALSE	FALSE
2867631	2020	0	TRUE	FALSE	TRUE	FALSE
2869311	2020	3	FALSE	TRUE	FALSE	TRUE
2870583	2020	1	FALSE	FALSE	FALSE	FALSE
2873877	2020	2	FALSE	TRUE	FALSE	FALSE
2873995	2020	2	FALSE	TRUE	FALSE	FALSE
2874199	2020	1	TRUE	FALSE	FALSE	FALSE
2874515	2020	1	FALSE	FALSE	FALSE	FALSE
2874569	2020	1	TRUE	FALSE	FALSE	FALSE
2874574	2020	1	TRUE	FALSE	FALSE	FALSE
2875968	2020	2	FALSE	TRUE	FALSE	FALSE
2876049	2020	0	FALSE	FALSE	TRUE	FALSE
2876571	2020	0	TRUE	FALSE	TRUE	FALSE
2876607	2020	3	FALSE	TRUE	FALSE	TRUE
2878826	2020	0	TRUE	FALSE	TRUE	FALSE
2879098	2020	1	TRUE	FALSE	FALSE	FALSE
2880539	2020	2	FALSE	TRUE	FALSE	FALSE
2880580	2020	3	FALSE	TRUE	FALSE	TRUE
2882482	2020	2	FALSE	TRUE	FALSE	FALSE
2882631	2020	0	TRUE	FALSE	TRUE	FALSE
2882841	2020	2	FALSE	TRUE	FALSE	FALSE
2882849	2020	1	TRUE	FALSE	FALSE	FALSE
2888437	2020	1	FALSE	FALSE	FALSE	FALSE
2888439	2020	3	FALSE	TRUE	FALSE	TRUE
2888564	2020	3	FALSE	TRUE	FALSE	TRUE
2888579	2020	2	FALSE	TRUE	FALSE	FALSE
2888585	2020	3	FALSE	TRUE	FALSE	TRUE
2888625	2020	3	FALSE	TRUE	FALSE	TRUE
2888636	2020	1	FALSE	FALSE	FALSE	FALSE
2888706	2020	0	TRUE	FALSE	TRUE	FALSE
2888859	2020	3	FALSE	TRUE	FALSE	TRUE
2888867	2020	3	FALSE	TRUE	FALSE	TRUE
2888948	2020	1	FALSE	FALSE	FALSE	FALSE
2888990	2020	0	FALSE	FALSE	TRUE	FALSE
2889010	2020	0	TRUE	FALSE	TRUE	FALSE
2889037	2020	0	FALSE	FALSE	TRUE	FALSE
2889304	2020	0	TRUE	FALSE	TRUE	FALSE
2889934	2020	3	FALSE	TRUE	FALSE	TRUE
2889980	2020	1	FALSE	FALSE	FALSE	FALSE
2890541	2020	2	FALSE	TRUE	FALSE	FALSE
2890739	2020	3	FALSE	TRUE	FALSE	TRUE
2890995	2020	0	TRUE	FALSE	TRUE	FALSE
2891677	2020	0	TRUE	FALSE	TRUE	FALSE
2891707	2020	3	FALSE	TRUE	FALSE	TRUE
2891755	2020	2	FALSE	TRUE	FALSE	FALSE
2891774	2020	1	FALSE	FALSE	FALSE	FALSE
2891783	2020	2	FALSE	TRUE	FALSE	FALSE
2913169	2020	2	FALSE	TRUE	FALSE	FALSE
2925366	2020	1	TRUE	FALSE	FALSE	FALSE
2925496	2020	3	FALSE	TRUE	FALSE	TRUE
2925816	2020	3	FALSE	TRUE	FALSE	TRUE
2925874	2020	1	FALSE	FALSE	FALSE	FALSE
2926042	2020	1	TRUE	FALSE	FALSE	FALSE
2926572	2020	0	FALSE	FALSE	TRUE	FALSE
2926681	2020	1	TRUE	FALSE	FALSE	FALSE
2926992	2020	3	FALSE	TRUE	FALSE	TRUE
2927303	2020	3	FALSE	TRUE	FALSE	TRUE
2927492	2020	0	TRUE	FALSE	TRUE	FALSE
2927727	2020	3	FALSE	TRUE	FALSE	TRUE
2928026	2020	1	FALSE	FALSE	FALSE	FALSE
2928034	2020	1	FALSE	FALSE	FALSE	FALSE
2928238	2020	0	TRUE	FALSE	TRUE	FALSE
2928589	2020	0	TRUE	FALSE	TRUE	FALSE
2928761	2020	3	FALSE	TRUE	FALSE	TRUE
2928859	2020	1	FALSE	FALSE	FALSE	FALSE
2928861	2020	1	FALSE	FALSE	FALSE	FALSE
2930222	2020	3	FALSE	TRUE	FALSE	TRUE
2931104	2020	1	TRUE	FALSE	FALSE	FALSE
2959443	2020	3	FALSE	TRUE	FALSE	TRUE
2965354	2020	2	FALSE	TRUE	FALSE	FALSE
2971024	2020	0	TRUE	FALSE	TRUE	FALSE
2975132	2020	0	TRUE	FALSE	TRUE	FALSE
2984306	2020	1	TRUE	FALSE	FALSE	FALSE
2984676	2020	2	FALSE	TRUE	FALSE	FALSE
2985863	2020	1	FALSE	FALSE	FALSE	FALSE
2985964	2020	0	TRUE	FALSE	TRUE	FALSE
2985965	2020	1	FALSE	FALSE	FALSE	FALSE
2985994	2020	1	FALSE	FALSE	FALSE	FALSE
2985995	2020	0	TRUE	FALSE	TRUE	FALSE
2986022	2020	1	FALSE	FALSE	FALSE	FALSE
2986111	2020	3	FALSE	TRUE	FALSE	TRUE
2986132	2020	0	TRUE	FALSE	TRUE	FALSE
2987948	2020	1	TRUE	FALSE	FALSE	FALSE
2988188	2020	3	FALSE	TRUE	FALSE	TRUE
2995149	2020	3	FALSE	TRUE	FALSE	TRUE
2996525	2020	3	FALSE	TRUE	FALSE	TRUE
3000406	2020	3	FALSE	TRUE	FALSE	TRUE
3000610	2020	3	FALSE	TRUE	FALSE	TRUE
3000679	2020	1	TRUE	FALSE	FALSE	FALSE
3003244	2020	3	FALSE	TRUE	FALSE	TRUE
3003709	2020	3	FALSE	TRUE	FALSE	TRUE
3011247	2020	0	TRUE	FALSE	TRUE	FALSE
3012089	2020	3	FALSE	TRUE	FALSE	TRUE
3012103	2020	1	TRUE	FALSE	FALSE	FALSE
3020871	2020	2	FALSE	TRUE	FALSE	FALSE
3021496	2020	3	FALSE	TRUE	FALSE	TRUE
3021730	2020	3	FALSE	TRUE	FALSE	TRUE
3022203	2020	0	FALSE	FALSE	TRUE	FALSE
3022609	2020	3	FALSE	TRUE	FALSE	TRUE
3022668	2020	0	FALSE	FALSE	TRUE	FALSE
3025605	2020	0	TRUE	FALSE	TRUE	FALSE
3025617	2020	2	FALSE	TRUE	FALSE	FALSE
3025896	2020	2	FALSE	TRUE	FALSE	FALSE
3026004	2020	0	FALSE	FALSE	TRUE	FALSE
3026024	2020	1	FALSE	FALSE	FALSE	FALSE
3026035	2020	1	FALSE	FALSE	FALSE	FALSE
3026049	2020	2	FALSE	TRUE	FALSE	FALSE
3026074	2020	3	FALSE	TRUE	FALSE	TRUE
3026092	2020	2	FALSE	TRUE	FALSE	FALSE
3026107	2020	2	FALSE	TRUE	FALSE	FALSE
3026162	2020	3	FALSE	TRUE	FALSE	TRUE
3026294	2020	3	FALSE	TRUE	FALSE	TRUE
3026334	2020	2	FALSE	TRUE	FALSE	FALSE
3026454	2020	2	FALSE	TRUE	FALSE	FALSE
3026622	2020	0	FALSE	FALSE	TRUE	FALSE
3027341	2020	0	TRUE	FALSE	TRUE	FALSE
3027791	2020	1	FALSE	FALSE	FALSE	FALSE
3028528	2020	3	FALSE	TRUE	FALSE	TRUE
3032611	2020	3	FALSE	TRUE	FALSE	TRUE
3032653	2020	1	FALSE	FALSE	FALSE	FALSE
3032762	2020	0	TRUE	FALSE	TRUE	FALSE
3033077	2020	3	FALSE	TRUE	FALSE	TRUE
3033242	2020	3	FALSE	TRUE	FALSE	TRUE
3033261	2020	3	FALSE	TRUE	FALSE	TRUE
3033535	2020	1	FALSE	FALSE	FALSE	FALSE
3033865	2020	3	FALSE	TRUE	FALSE	TRUE
3033896	2020	2	FALSE	TRUE	FALSE	FALSE
3033965	2020	0	TRUE	FALSE	TRUE	FALSE
3034015	2020	3	FALSE	TRUE	FALSE	TRUE
3034782	2020	3	FALSE	TRUE	FALSE	TRUE
3036033	2020	2	FALSE	TRUE	FALSE	FALSE
3036892	2020	1	TRUE	FALSE	FALSE	FALSE
3039046	2020	1	TRUE	FALSE	FALSE	FALSE
3039194	2020	2	FALSE	TRUE	FALSE	FALSE
3039267	2020	1	FALSE	FALSE	FALSE	FALSE
3039270	2020	1	TRUE	FALSE	FALSE	FALSE
3040184	2020	2	FALSE	TRUE	FALSE	FALSE
3040185	2020	2	FALSE	TRUE	FALSE	FALSE
3040232	2020	1	TRUE	FALSE	FALSE	FALSE
3040233	2020	3	FALSE	TRUE	FALSE	TRUE
3040241	2020	0	FALSE	FALSE	TRUE	FALSE
3040999	2020	0	TRUE	FALSE	TRUE	FALSE
3042845	2020	3	FALSE	TRUE	FALSE	TRUE
3044912	2020	0	TRUE	FALSE	TRUE	FALSE
3046744	2020	0	FALSE	FALSE	TRUE	FALSE
3046765	2020	0	FALSE	FALSE	TRUE	FALSE
3054117	2020	3	FALSE	TRUE	FALSE	TRUE
3054352	2020	1	TRUE	FALSE	FALSE	FALSE
3054357	2020	3	FALSE	TRUE	FALSE	TRUE
3054368	2020	3	FALSE	TRUE	FALSE	TRUE
3064221	2020	0	TRUE	FALSE	TRUE	FALSE
3064669	2020	1	FALSE	FALSE	FALSE	FALSE
3067119	2020	2	FALSE	TRUE	FALSE	FALSE
3067353	2020	3	FALSE	TRUE	FALSE	TRUE
3067891	2020	1	FALSE	FALSE	FALSE	FALSE
3069053	2020	0	FALSE	FALSE	TRUE	FALSE
3069300	2020	0	FALSE	FALSE	TRUE	FALSE
3082279	2020	1	FALSE	FALSE	FALSE	TRUE
3083680	2020	1	TRUE	FALSE	FALSE	FALSE
3083935	2020	1	TRUE	FALSE	FALSE	FALSE
3084015	2020	2	FALSE	TRUE	FALSE	FALSE
3084022	2020	3	FALSE	TRUE	FALSE	TRUE
3085357	2020	3	FALSE	TRUE	FALSE	TRUE
3085420	2020	3	FALSE	TRUE	FALSE	TRUE
3088310	2020	2	FALSE	TRUE	FALSE	FALSE
3088488	2020	2	FALSE	TRUE	FALSE	FALSE
3095939	2020	0	TRUE	FALSE	TRUE	FALSE
3096529	2020	1	TRUE	FALSE	FALSE	FALSE
3097496	2020	1	TRUE	FALSE	FALSE	FALSE
3098912	2020	3	FALSE	TRUE	FALSE	TRUE
3098951	2020	3	FALSE	TRUE	FALSE	TRUE
3104106	2020	1	FALSE	FALSE	FALSE	FALSE
3104314	2020	0	TRUE	FALSE	TRUE	FALSE
3104491	2020	1	TRUE	FALSE	FALSE	FALSE
3105508	2020	1	TRUE	FALSE	FALSE	FALSE
3105768	2020	1	TRUE	FALSE	FALSE	FALSE
3111754	2020	3	FALSE	TRUE	FALSE	TRUE
3112361	2020	3	FALSE	TRUE	FALSE	TRUE
3112364	2020	1	FALSE	FALSE	FALSE	FALSE
3113637	2020	1	FALSE	FALSE	FALSE	FALSE
3120790	2020	1	FALSE	FALSE	FALSE	FALSE
3121088	2020	2	FALSE	TRUE	FALSE	FALSE
3123262	2020	0	FALSE	FALSE	TRUE	FALSE
3127837	2020	0	TRUE	FALSE	TRUE	FALSE
3128225	2020	2	FALSE	TRUE	FALSE	FALSE
3128888	2020	1	FALSE	FALSE	FALSE	FALSE
3133887	2020	3	FALSE	TRUE	FALSE	TRUE
3133938	2020	3	FALSE	TRUE	FALSE	TRUE
3134867	2020	0	TRUE	FALSE	TRUE	FALSE
3136320	2020	2	FALSE	TRUE	FALSE	FALSE
3139003	2020	1	TRUE	FALSE	FALSE	FALSE
3140436	2020	3	FALSE	TRUE	FALSE	TRUE
3146683	2020	2	FALSE	TRUE	FALSE	FALSE
3147018	2020	2	FALSE	TRUE	FALSE	FALSE
3147168	2020	3	FALSE	TRUE	FALSE	TRUE
3147913	2020	0	TRUE	FALSE	TRUE	FALSE
3151692	2020	0	TRUE	FALSE	TRUE	FALSE
3152583	2020	3	FALSE	TRUE	FALSE	TRUE
3152816	2020	0	TRUE	FALSE	TRUE	FALSE
3152824	2020	3	FALSE	TRUE	FALSE	TRUE
3152861	2020	3	FALSE	TRUE	FALSE	TRUE
3164340	2020	1	TRUE	FALSE	FALSE	FALSE
3169120	2020	0	TRUE	FALSE	TRUE	FALSE
3169137	2020	3	FALSE	TRUE	FALSE	TRUE
3169329	2020	0	FALSE	FALSE	TRUE	FALSE
3169331	2020	1	FALSE	FALSE	FALSE	FALSE
3169756	2020	3	FALSE	TRUE	FALSE	TRUE
3170040	2020	2	FALSE	TRUE	FALSE	FALSE
3170247	2020	3	FALSE	TRUE	FALSE	TRUE
3170823	2020	2	FALSE	TRUE	FALSE	FALSE
3171888	2020	0	FALSE	FALSE	TRUE	FALSE
3171952	2020	3	FALSE	TRUE	FALSE	TRUE
3172068	2020	3	FALSE	TRUE	FALSE	TRUE
3172266	2020	3	FALSE	TRUE	FALSE	TRUE
3172291	2020	2	FALSE	TRUE	FALSE	FALSE
3172343	2020	0	TRUE	FALSE	TRUE	FALSE
3172549	2020	2	FALSE	TRUE	FALSE	FALSE
3172613	2020	0	FALSE	FALSE	TRUE	FALSE
3172615	2020	1	FALSE	FALSE	FALSE	FALSE
3188859	2020	1	FALSE	FALSE	FALSE	FALSE
3188896	2020	0	FALSE	FALSE	TRUE	FALSE
3189073	2020	3	FALSE	TRUE	FALSE	TRUE
3189815	2020	3	FALSE	TRUE	FALSE	TRUE
3189824	2020	0	FALSE	FALSE	TRUE	FALSE
3189837	2020	3	FALSE	TRUE	FALSE	TRUE
3189843	2020	3	FALSE	TRUE	FALSE	TRUE
3189866	2020	3	FALSE	TRUE	FALSE	TRUE
3189882	2020	1	FALSE	FALSE	FALSE	FALSE
3189883	2020	0	TRUE	FALSE	TRUE	FALSE
3190411	2020	2	FALSE	TRUE	FALSE	FALSE
3190522	2020	3	FALSE	TRUE	FALSE	TRUE
3190544	2020	3	FALSE	TRUE	FALSE	TRUE
3190653	2020	3	FALSE	TRUE	FALSE	TRUE
3586046	2020	0	TRUE	FALSE	TRUE	FALSE
3602683	2020	3	FALSE	TRUE	FALSE	TRUE
3631129	2020	0	TRUE	FALSE	TRUE	FALSE
3633319	2020	0	FALSE	FALSE	TRUE	FALSE
3638793	2020	0	TRUE	FALSE	TRUE	FALSE
3642339	2020	0	TRUE	FALSE	TRUE	FALSE
3642531	2020	3	FALSE	TRUE	FALSE	TRUE
3646556	2020	0	FALSE	FALSE	TRUE	FALSE
3663237	2020	1	FALSE	FALSE	FALSE	FALSE
3664287	2020	1	TRUE	FALSE	FALSE	FALSE
3664589	2020	3	FALSE	TRUE	FALSE	TRUE
3666422	2020	2	FALSE	TRUE	FALSE	FALSE
3666776	2020	2	FALSE	TRUE	FALSE	FALSE
3667721	2020	0	TRUE	FALSE	TRUE	FALSE
3690997	2020	1	FALSE	FALSE	FALSE	FALSE
3693336	2020	0	FALSE	FALSE	TRUE	FALSE
3707631	2020	1	TRUE	FALSE	FALSE	FALSE
3740974	2020	0	TRUE	FALSE	TRUE	FALSE
3741446	2020	1	FALSE	FALSE	FALSE	FALSE
3753098	2020	0	TRUE	FALSE	TRUE	FALSE
3767816	2020	1	FALSE	FALSE	FALSE	FALSE
3797084	2020	3	FALSE	TRUE	FALSE	TRUE
3886505	2020	3	FALSE	TRUE	FALSE	TRUE
3896282	2020	1	TRUE	FALSE	FALSE	FALSE
3924221	2020	1	TRUE	FALSE	FALSE	FALSE
3981543	2020	3	FALSE	TRUE	FALSE	TRUE
4038485	2020	2	FALSE	TRUE	FALSE	FALSE
4067302	2020	3	FALSE	TRUE	FALSE	TRUE
4102952	2020	3	FALSE	TRUE	FALSE	TRUE
4121791	2020	0	FALSE	FALSE	TRUE	FALSE
4125930	2020	0	TRUE	FALSE	TRUE	FALSE
4129181	2020	0	FALSE	FALSE	TRUE	FALSE
4201607	2020	3	FALSE	TRUE	FALSE	TRUE
4201688	2020	1	FALSE	FALSE	FALSE	FALSE
4201695	2020	3	FALSE	TRUE	FALSE	TRUE
4259350	2020	1	FALSE	FALSE	FALSE	FALSE
4264680	2020	2	FALSE	TRUE	FALSE	FALSE
4285968	2020	0	TRUE	FALSE	TRUE	FALSE
4314683	2020	2	FALSE	TRUE	FALSE	FALSE
4315705	2020	2	FALSE	TRUE	FALSE	FALSE
4352332	2020	1	FALSE	FALSE	FALSE	FALSE
4400961	2020	1	FALSE	FALSE	FALSE	FALSE
4409643	2020	1	FALSE	FALSE	FALSE	FALSE
4410088	2020	0	FALSE	FALSE	TRUE	FALSE
4427283	2020	3	FALSE	TRUE	FALSE	TRUE
4427319	2020	3	FALSE	TRUE	FALSE	TRUE
4460066	2020	3	FALSE	TRUE	FALSE	TRUE
4470640	2020	1	FALSE	FALSE	FALSE	FALSE
4483961	2020	3	FALSE	TRUE	FALSE	TRUE
4484176	2020	3	FALSE	TRUE	FALSE	TRUE
4485843	2020	1	FALSE	FALSE	FALSE	FALSE
4486243	2020	3	FALSE	TRUE	FALSE	TRUE
4486297	2020	1	TRUE	FALSE	FALSE	FALSE
4486365	2020	1	FALSE	FALSE	FALSE	FALSE
4486382	2020	1	TRUE	FALSE	FALSE	FALSE
4487661	2020	0	TRUE	FALSE	TRUE	FALSE
4488821	2020	3	FALSE	TRUE	FALSE	TRUE
4496869	2020	0	TRUE	FALSE	TRUE	FALSE
4497054	2020	1	FALSE	FALSE	FALSE	FALSE
4497124	2020	1	FALSE	FALSE	FALSE	FALSE
4497180	2020	0	FALSE	FALSE	TRUE	FALSE
4532122	2020	3	FALSE	TRUE	FALSE	TRUE
4553805	2020	0	TRUE	FALSE	TRUE	FALSE
4559541	2020	1	TRUE	FALSE	FALSE	FALSE
4562529	2020	3	FALSE	TRUE	FALSE	TRUE
4565039	2020	3	FALSE	TRUE	FALSE	TRUE
4565061	2020	1	FALSE	FALSE	FALSE	FALSE
4567717	2020	2	FALSE	TRUE	FALSE	FALSE
4568269	2020	3	FALSE	TRUE	FALSE	TRUE
4845776	2020	0	TRUE	FALSE	TRUE	FALSE
4925890	2020	3	FALSE	TRUE	FALSE	TRUE
4932232	2020	1	FALSE	FALSE	FALSE	FALSE
4933624	2020	1	FALSE	FALSE	FALSE	FALSE
4938682	2020	0	FALSE	FALSE	TRUE	FALSE
4989904	2020	3	FALSE	TRUE	FALSE	TRUE
4990175	2020	1	FALSE	FALSE	FALSE	TRUE
4990176	2020	3	FALSE	TRUE	FALSE	TRUE
5123474	2020	3	FALSE	TRUE	FALSE	TRUE
5124716	2020	0	TRUE	FALSE	TRUE	FALSE
5130444	2020	1	TRUE	FALSE	FALSE	FALSE
5151589	2020	1	TRUE	FALSE	FALSE	FALSE
5152536	2020	1	FALSE	FALSE	FALSE	FALSE
5154481	2020	2	FALSE	TRUE	FALSE	FALSE
5156102	2020	2	FALSE	TRUE	FALSE	FALSE
5177089	2020	2	FALSE	TRUE	FALSE	FALSE
5179027	2020	3	FALSE	TRUE	FALSE	TRUE
5189032	2020	1	FALSE	FALSE	FALSE	FALSE
5189713	2020	0	FALSE	FALSE	TRUE	FALSE
5199161	2020	2	FALSE	TRUE	FALSE	FALSE
5217334	2020	1	FALSE	FALSE	FALSE	FALSE
5218786	2020	2	FALSE	TRUE	FALSE	FALSE
5219681	2020	1	TRUE	FALSE	FALSE	FALSE
5219683	2020	0	FALSE	FALSE	TRUE	FALSE
5219858	2020	2	FALSE	TRUE	FALSE	FALSE
5220136	2020	2	FALSE	TRUE	FALSE	FALSE
5220170	2020	3	FALSE	TRUE	FALSE	TRUE
5227775	2020	1	FALSE	FALSE	FALSE	FALSE
5227966	2020	0	FALSE	FALSE	TRUE	FALSE
5228034	2020	1	FALSE	FALSE	FALSE	FALSE
5228080	2020	0	TRUE	FALSE	TRUE	FALSE
5228229	2020	3	FALSE	TRUE	FALSE	TRUE
5229044	2020	0	FALSE	FALSE	TRUE	FALSE
5229055	2020	1	FALSE	FALSE	FALSE	FALSE
5229134	2020	3	FALSE	TRUE	FALSE	TRUE
5229156	2020	1	TRUE	FALSE	FALSE	FALSE
5229203	2020	0	TRUE	FALSE	TRUE	FALSE
5229205	2020	1	FALSE	FALSE	FALSE	FALSE
5231398	2020	0	FALSE	FALSE	TRUE	FALSE
5232428	2020	1	FALSE	FALSE	FALSE	FALSE
5232435	2020	1	TRUE	FALSE	FALSE	FALSE
5232437	2020	3	FALSE	TRUE	FALSE	TRUE
5232452	2020	2	FALSE	TRUE	FALSE	FALSE
5281901	2020	2	FALSE	TRUE	FALSE	FALSE
5284231	2020	1	TRUE	FALSE	FALSE	FALSE
5284237	2020	2	FALSE	TRUE	FALSE	FALSE
5284698	2020	3	FALSE	TRUE	FALSE	TRUE
5284702	2020	3	FALSE	TRUE	FALSE	TRUE
5284809	2020	2	FALSE	TRUE	FALSE	FALSE
5284827	2020	2	FALSE	TRUE	FALSE	FALSE
5284884	2020	2	FALSE	TRUE	FALSE	FALSE
5284950	2020	1	FALSE	FALSE	FALSE	FALSE
5284982	2020	2	FALSE	TRUE	FALSE	FALSE
5285053	2020	0	FALSE	FALSE	TRUE	FALSE
5285074	2020	0	FALSE	FALSE	TRUE	FALSE
5285385	2020	0	TRUE	FALSE	TRUE	FALSE
5285635	2020	0	TRUE	FALSE	TRUE	FALSE
5285637	2020	2	FALSE	TRUE	FALSE	FALSE
5289666	2020	1	FALSE	FALSE	FALSE	FALSE
5289686	2020	2	FALSE	TRUE	FALSE	FALSE
5289764	2020	0	TRUE	FALSE	TRUE	FALSE
5295044	2020	1	TRUE	FALSE	FALSE	FALSE
5296218	2020	0	TRUE	FALSE	TRUE	FALSE
5298765	2020	3	FALSE	TRUE	FALSE	TRUE
5300102	2020	0	FALSE	FALSE	TRUE	FALSE
5304187	2020	1	FALSE	FALSE	FALSE	FALSE
5304294	2020	2	FALSE	TRUE	FALSE	FALSE
5305162	2020	1	TRUE	FALSE	FALSE	FALSE
5324959	2020	1	FALSE	FALSE	FALSE	FALSE
5328909	2020	3	FALSE	TRUE	FALSE	TRUE
5329263	2020	3	FALSE	TRUE	FALSE	TRUE
5330661	2020	3	FALSE	TRUE	FALSE	TRUE
5332004	2020	0	TRUE	FALSE	TRUE	FALSE
5332120	2020	0	FALSE	FALSE	TRUE	FALSE
5332305	2020	3	FALSE	TRUE	FALSE	TRUE
5333354	2020	0	TRUE	FALSE	TRUE	FALSE
5334194	2020	0	FALSE	FALSE	TRUE	FALSE
5334239	2020	0	TRUE	FALSE	TRUE	FALSE
5334240	2020	3	FALSE	TRUE	FALSE	TRUE
5334247	2020	1	TRUE	FALSE	FALSE	FALSE
5334253	2020	0	TRUE	FALSE	TRUE	FALSE
5334527	2020	0	TRUE	FALSE	TRUE	FALSE
5341187	2020	1	TRUE	FALSE	FALSE	FALSE
5341201	2020	1	FALSE	FALSE	FALSE	FALSE
5341497	2020	2	FALSE	TRUE	FALSE	FALSE
5341548	2020	1	TRUE	FALSE	FALSE	FALSE
5341558	2020	0	TRUE	FALSE	TRUE	FALSE
5353590	2020	3	FALSE	TRUE	FALSE	TRUE
5355395	2020	3	FALSE	TRUE	FALSE	TRUE
5356541	2020	0	TRUE	FALSE	TRUE	FALSE
5358907	2020	2	FALSE	TRUE	FALSE	FALSE
5359169	2020	0	TRUE	FALSE	TRUE	FALSE
5359249	2020	0	FALSE	FALSE	TRUE	FALSE
5361762	2020	1	FALSE	FALSE	FALSE	FALSE
5361785	2020	2	FALSE	TRUE	FALSE	FALSE
5361888	2020	0	FALSE	FALSE	TRUE	FALSE
5362004	2020	3	FALSE	TRUE	FALSE	TRUE
5362054	2020	3	FALSE	TRUE	FALSE	TRUE
5362573	2020	3	FALSE	TRUE	FALSE	TRUE
5365705	2020	2	FALSE	TRUE	FALSE	FALSE
5366327	2020	2	FALSE	TRUE	FALSE	FALSE
5367294	2020	3	FALSE	TRUE	FALSE	TRUE
5369784	2020	2	FALSE	TRUE	FALSE	FALSE
5370006	2020	1	TRUE	FALSE	FALSE	FALSE
5372639	2020	3	FALSE	TRUE	FALSE	TRUE
5372655	2020	3	FALSE	TRUE	FALSE	TRUE
5372875	2020	0	TRUE	FALSE	TRUE	FALSE
5373039	2020	0	TRUE	FALSE	TRUE	FALSE
5373124	2020	1	FALSE	FALSE	FALSE	FALSE
5375020	2020	3	FALSE	TRUE	FALSE	TRUE
5376035	2020	1	FALSE	FALSE	FALSE	FALSE
5376179	2020	0	FALSE	FALSE	TRUE	FALSE
5377163	2020	3	FALSE	TRUE	FALSE	TRUE
5377196	2020	0	TRUE	FALSE	TRUE	FALSE
5384361	2020	1	FALSE	FALSE	FALSE	FALSE
5384390	2020	1	FALSE	FALSE	FALSE	FALSE
5384393	2020	0	FALSE	FALSE	TRUE	FALSE
5384932	2020	1	TRUE	FALSE	FALSE	FALSE
5384950	2020	0	TRUE	FALSE	TRUE	FALSE
5387098	2020	0	TRUE	FALSE	TRUE	FALSE
5387396	2020	1	TRUE	FALSE	FALSE	FALSE
5391928	2020	1	FALSE	FALSE	FALSE	FALSE
5392145	2020	3	FALSE	TRUE	FALSE	TRUE
5402363	2020	0	TRUE	FALSE	TRUE	FALSE
5403605	2020	3	FALSE	TRUE	FALSE	TRUE
5406741	2020	0	FALSE	FALSE	TRUE	FALSE
5410151	2020	3	FALSE	TRUE	FALSE	TRUE
5410411	2020	3	FALSE	TRUE	FALSE	TRUE
5410661	2020	0	TRUE	FALSE	TRUE	FALSE
5411353	2020	0	TRUE	FALSE	TRUE	FALSE
5411453	2020	0	FALSE	FALSE	TRUE	FALSE
5414976	2020	1	TRUE	FALSE	FALSE	FALSE
5414991	2020	1	TRUE	FALSE	FALSE	FALSE
5415012	2020	3	FALSE	TRUE	FALSE	TRUE
5415054	2020	2	FALSE	TRUE	FALSE	FALSE
5415455	2020	3	FALSE	TRUE	FALSE	TRUE
5420991	2020	2	FALSE	TRUE	FALSE	FALSE
5421039	2020	3	FALSE	TRUE	FALSE	TRUE
5421040	2020	0	TRUE	FALSE	TRUE	FALSE
5421180	2020	1	TRUE	FALSE	FALSE	FALSE
5421389	2020	1	FALSE	FALSE	FALSE	FALSE
5545159	2020	0	FALSE	FALSE	TRUE	FALSE
5559837	2020	3	FALSE	TRUE	FALSE	TRUE
5561475	2020	3	FALSE	TRUE	FALSE	TRUE
5567694	2020	2	FALSE	TRUE	FALSE	FALSE
5582033	2020	1	FALSE	FALSE	FALSE	FALSE
5584611	2020	3	FALSE	TRUE	FALSE	TRUE
5587240	2020	1	FALSE	FALSE	FALSE	FALSE
5598598	2020	3	FALSE	TRUE	FALSE	TRUE
5598915	2020	2	FALSE	TRUE	FALSE	FALSE
5609603	2020	1	TRUE	FALSE	FALSE	FALSE
5617467	2020	0	TRUE	FALSE	TRUE	FALSE
5641274	2020	1	TRUE	FALSE	FALSE	FALSE
5652131	2020	1	TRUE	FALSE	FALSE	FALSE
5679692	2020	0	TRUE	FALSE	TRUE	FALSE
5686494	2020	0	TRUE	FALSE	TRUE	FALSE
5789082	2020	0	TRUE	FALSE	TRUE	FALSE
5825913	2020	1	FALSE	FALSE	FALSE	FALSE
5851603	2020	1	FALSE	FALSE	FALSE	FALSE
5855746	2020	1	TRUE	FALSE	FALSE	FALSE
5879783	2020	1	TRUE	FALSE	FALSE	FALSE
5892120	2020	0	FALSE	FALSE	TRUE	FALSE
5959231	2020	0	TRUE	FALSE	TRUE	FALSE
6035638	2020	0	TRUE	FALSE	TRUE	FALSE
6096602	2020	3	FALSE	TRUE	FALSE	TRUE
6098843	2020	3	FALSE	TRUE	FALSE	TRUE
6100996	2020	0	TRUE	FALSE	TRUE	FALSE
6101223	2020	3	FALSE	TRUE	FALSE	TRUE
6109535	2020	2	FALSE	TRUE	FALSE	FALSE
6157026	2020	3	FALSE	TRUE	FALSE	TRUE
6157035	2020	3	FALSE	TRUE	FALSE	TRUE
6159223	2020	0	FALSE	FALSE	TRUE	FALSE
6159273	2020	0	TRUE	FALSE	TRUE	FALSE
6362904	2020	2	FALSE	TRUE	FALSE	FALSE
6369140	2020	1	FALSE	FALSE	FALSE	FALSE
6387003	2020	3	FALSE	TRUE	FALSE	TRUE
6391417	2020	0	FALSE	FALSE	TRUE	FALSE
6432925	2020	1	FALSE	FALSE	FALSE	FALSE
6709291	2020	1	TRUE	FALSE	FALSE	FALSE
7062200	2020	3	FALSE	TRUE	FALSE	TRUE
7068732	2020	1	FALSE	FALSE	FALSE	FALSE
7127354	2020	1	FALSE	FALSE	FALSE	FALSE
7127810	2020	3	FALSE	TRUE	FALSE	TRUE
7135755	2020	1	TRUE	FALSE	FALSE	FALSE
7162908	2020	3	FALSE	TRUE	FALSE	TRUE
7172831	2020	1	TRUE	FALSE	FALSE	FALSE
7190901	2020	0	TRUE	FALSE	TRUE	FALSE
7222255	2020	3	FALSE	TRUE	FALSE	TRUE
7224157	2020	1	FALSE	FALSE	FALSE	FALSE
7225712	2020	0	TRUE	FALSE	TRUE	FALSE
7227181	2020	1	FALSE	FALSE	FALSE	FALSE
7230699	2020	2	FALSE	TRUE	FALSE	FALSE
7262908	2020	0	FALSE	FALSE	TRUE	FALSE
7262958	2020	0	FALSE	FALSE	TRUE	FALSE
7263145	2020	1	FALSE	FALSE	FALSE	FALSE
7266329	2020	1	FALSE	FALSE	FALSE	FALSE
7266343	2020	1	FALSE	FALSE	FALSE	FALSE
7267630	2020	2	FALSE	TRUE	FALSE	FALSE
7267631	2020	0	FALSE	FALSE	TRUE	FALSE
7270381	2020	0	TRUE	FALSE	TRUE	FALSE
7271631	2020	0	TRUE	FALSE	TRUE	FALSE
7277286	2020	0	TRUE	FALSE	TRUE	FALSE
7291264	2020	3	FALSE	TRUE	FALSE	TRUE
7293727	2020	0	TRUE	FALSE	TRUE	FALSE
7294681	2020	2	FALSE	TRUE	FALSE	FALSE
7307327	2020	2	FALSE	TRUE	FALSE	FALSE
7307829	2020	0	TRUE	FALSE	TRUE	FALSE
7315072	2020	3	FALSE	TRUE	FALSE	TRUE
7315286	2020	3	FALSE	TRUE	FALSE	TRUE
7319302	2020	0	FALSE	FALSE	TRUE	FALSE
7322122	2020	0	TRUE	FALSE	TRUE	FALSE
7322292	2020	1	TRUE	FALSE	FALSE	FALSE
7325877	2020	1	FALSE	FALSE	FALSE	FALSE
7332415	2020	1	TRUE	FALSE	FALSE	FALSE
7332416	2020	1	TRUE	FALSE	FALSE	FALSE
7333320	2020	1	TRUE	FALSE	FALSE	FALSE
7334368	2020	3	FALSE	TRUE	FALSE	TRUE
7334489	2020	1	FALSE	FALSE	FALSE	FALSE
7346102	2020	3	FALSE	TRUE	FALSE	TRUE
7358677	2020	2	FALSE	TRUE	FALSE	FALSE
7358948	2020	0	FALSE	FALSE	TRUE	FALSE
7400250	2020	2	FALSE	TRUE	FALSE	FALSE
7433196	2020	1	FALSE	FALSE	FALSE	FALSE
7443846	2020	3	FALSE	TRUE	FALSE	TRUE
7475424	2020	1	TRUE	FALSE	FALSE	FALSE
7529533	2020	0	TRUE	FALSE	TRUE	FALSE
7540164	2020	3	FALSE	TRUE	FALSE	TRUE
7560711	2020	3	FALSE	TRUE	FALSE	TRUE
7624620	2020	0	TRUE	FALSE	TRUE	FALSE
7664179	2020	0	TRUE	FALSE	TRUE	FALSE
7671397	2020	3	FALSE	TRUE	FALSE	TRUE
7681436	2020	3	FALSE	TRUE	FALSE	TRUE
7690055	2020	0	TRUE	FALSE	TRUE	FALSE
7699567	2020	1	FALSE	FALSE	FALSE	FALSE
7730307	2020	3	FALSE	TRUE	FALSE	TRUE
7738766	2020	1	FALSE	FALSE	FALSE	FALSE
7740617	2020	0	TRUE	FALSE	TRUE	FALSE
7763534	2020	2	FALSE	TRUE	FALSE	FALSE
7802465	2020	3	FALSE	TRUE	FALSE	TRUE
7818643	2020	1	FALSE	FALSE	FALSE	FALSE
7823743	2020	0	TRUE	FALSE	TRUE	FALSE
7828157	2020	3	FALSE	TRUE	FALSE	TRUE
7832723	2020	0	TRUE	FALSE	TRUE	FALSE
7848132	2020	0	TRUE	FALSE	TRUE	FALSE
7902463	2020	0	TRUE	FALSE	TRUE	FALSE
7915783	2020	2	FALSE	TRUE	FALSE	FALSE
7925372	2020	0	FALSE	FALSE	TRUE	FALSE
7978544	2020	2	FALSE	TRUE	FALSE	FALSE
7989836	2020	2	FALSE	TRUE	FALSE	FALSE
8010581	2020	0	TRUE	FALSE	TRUE	FALSE
8011733	2020	3	FALSE	TRUE	FALSE	TRUE
8018277	2020	0	TRUE	FALSE	TRUE	FALSE
8021567	2020	0	TRUE	FALSE	TRUE	FALSE
8022932	2020	0	TRUE	FALSE	TRUE	FALSE
8031875	2020	1	TRUE	FALSE	FALSE	FALSE
8044946	2020	0	TRUE	FALSE	TRUE	FALSE
8080743	2020	3	FALSE	TRUE	FALSE	TRUE
8133114	2020	3	FALSE	TRUE	FALSE	TRUE
8149049	2020	2	FALSE	TRUE	FALSE	FALSE
8149923	2020	3	FALSE	TRUE	FALSE	TRUE
8168344	2020	1	FALSE	FALSE	FALSE	FALSE
8183217	2020	0	FALSE	FALSE	TRUE	FALSE
8190077	2020	2	FALSE	TRUE	FALSE	FALSE
8190231	2020	3	FALSE	TRUE	FALSE	TRUE
8200663	2020	3	FALSE	TRUE	FALSE	TRUE
8207952	2020	1	FALSE	FALSE	FALSE	TRUE
8212772	2020	1	FALSE	FALSE	FALSE	FALSE
8251158	2020	1	TRUE	FALSE	FALSE	FALSE
8255921	2020	2	FALSE	TRUE	FALSE	FALSE
8265082	2020	0	FALSE	FALSE	TRUE	FALSE
8288647	2020	3	FALSE	TRUE	FALSE	TRUE
8302634	2020	1	TRUE	FALSE	FALSE	FALSE
8313153	2020	2	FALSE	TRUE	FALSE	FALSE
8323119	2020	1	FALSE	FALSE	FALSE	FALSE
8323485	2020	1	FALSE	FALSE	FALSE	FALSE
8326061	2020	0	TRUE	FALSE	TRUE	FALSE
8356787	2020	0	TRUE	FALSE	TRUE	FALSE
8362005	2020	1	FALSE	FALSE	FALSE	FALSE
8402586	2020	0	TRUE	FALSE	TRUE	FALSE
8537667	2020	1	TRUE	FALSE	FALSE	FALSE
8599762	2020	1	FALSE	FALSE	FALSE	FALSE
8699607	2020	3	FALSE	TRUE	FALSE	TRUE
8741260	2020	3	FALSE	TRUE	FALSE	TRUE
8745918	2020	3	FALSE	TRUE	FALSE	TRUE
8909595	2020	2	FALSE	TRUE	FALSE	FALSE
8946295	2020	1	FALSE	FALSE	FALSE	FALSE
8993502	2020	1	FALSE	FALSE	FALSE	FALSE
9018536	2020	1	FALSE	FALSE	FALSE	TRUE
9078997	2020	0	TRUE	FALSE	TRUE	FALSE
9153437	2020	1	FALSE	FALSE	FALSE	FALSE
9188840	2020	2	FALSE	TRUE	FALSE	FALSE
9228111	2020	3	FALSE	TRUE	FALSE	TRUE
9228211	2020	0	TRUE	FALSE	TRUE	FALSE
9245228	2020	0	TRUE	FALSE	TRUE	FALSE
9254355	2020	1	TRUE	FALSE	FALSE	FALSE
9305555	2020	1	FALSE	FALSE	FALSE	FALSE
9306058	2020	3	FALSE	TRUE	FALSE	TRUE
9321334	2020	0	TRUE	FALSE	TRUE	FALSE
9326020	2020	3	FALSE	TRUE	FALSE	TRUE
9345027	2020	0	FALSE	FALSE	TRUE	FALSE
9350124	2020	3	FALSE	TRUE	FALSE	TRUE
9376410	2020	3	FALSE	TRUE	FALSE	TRUE
9382645	2020	1	FALSE	FALSE	FALSE	FALSE
9450106	2020	0	FALSE	FALSE	TRUE	FALSE
9451184	2020	3	FALSE	TRUE	FALSE	TRUE
9496048	2020	0	FALSE	FALSE	TRUE	FALSE
9508460	2020	2	FALSE	TRUE	FALSE	FALSE
9541940	2020	0	TRUE	FALSE	TRUE	FALSE
9583342	2020	1	TRUE	FALSE	FALSE	FALSE
9606290	2020	1	FALSE	FALSE	FALSE	FALSE
10755213	2020	2	FALSE	TRUE	FALSE	FALSE
10786206	2020	3	FALSE	TRUE	FALSE	TRUE
10801424	2020	1	FALSE	FALSE	FALSE	FALSE
10902460	2020	3	FALSE	TRUE	FALSE	TRUE
11844792	2020	1	TRUE	FALSE	FALSE	FALSE
1017419	2021	3	FALSE	TRUE	FALSE	TRUE
1031394	2021	1	TRUE	FALSE	FALSE	FALSE
1031400	2021	0	TRUE	FALSE	TRUE	FALSE
1031684	2021	3	FALSE	TRUE	FALSE	TRUE
1031742	2021	1	FALSE	FALSE	FALSE	FALSE
1043717	2021	1	TRUE	FALSE	FALSE	FALSE
1045323	2021	0	TRUE	FALSE	TRUE	FALSE
1047536	2021	3	FALSE	TRUE	FALSE	TRUE
1119292	2021	1	TRUE	FALSE	FALSE	FALSE
1309600	2021	1	FALSE	FALSE	FALSE	FALSE
1309652	2021	1	FALSE	FALSE	FALSE	FALSE
1311477	2021	2	FALSE	TRUE	FALSE	FALSE
1316805	2021	0	TRUE	FALSE	TRUE	FALSE
1323402	2021	0	FALSE	FALSE	TRUE	FALSE
1346919	2021	3	FALSE	TRUE	FALSE	TRUE
1421091	2021	3	FALSE	TRUE	FALSE	TRUE
1421095	2021	2	FALSE	TRUE	FALSE	FALSE
1622599	2021	3	FALSE	TRUE	FALSE	TRUE
1626096	2021	3	FALSE	TRUE	FALSE	TRUE
1650106	2021	1	TRUE	FALSE	FALSE	FALSE
1651430	2021	1	FALSE	FALSE	FALSE	FALSE
1652212	2021	1	FALSE	FALSE	FALSE	FALSE
1690429	2021	2	FALSE	TRUE	FALSE	FALSE
1702101	2021	3	FALSE	TRUE	FALSE	TRUE
1718308	2021	1	FALSE	FALSE	FALSE	FALSE
1719204	2021	0	TRUE	FALSE	TRUE	FALSE
1722299	2021	3	FALSE	TRUE	FALSE	TRUE
1749449	2021	2	FALSE	TRUE	FALSE	FALSE
1749580	2021	2	FALSE	TRUE	FALSE	FALSE
1751299	2021	0	TRUE	FALSE	TRUE	FALSE
1830284	2021	0	TRUE	FALSE	TRUE	FALSE
1873051	2021	1	TRUE	FALSE	FALSE	FALSE
1873890	2021	0	TRUE	FALSE	TRUE	FALSE
1910629	2021	1	TRUE	FALSE	FALSE	FALSE
1932752	2021	1	TRUE	FALSE	FALSE	FALSE
1941864	2021	1	TRUE	FALSE	FALSE	FALSE
1997215	2021	3	FALSE	TRUE	FALSE	TRUE
2007665	2021	1	TRUE	FALSE	FALSE	FALSE
2008616	2021	1	FALSE	FALSE	FALSE	FALSE
2020655	2021	2	FALSE	TRUE	FALSE	FALSE
2020779	2021	1	TRUE	FALSE	FALSE	FALSE
2037925	2021	3	FALSE	TRUE	FALSE	TRUE
2037991	2021	1	TRUE	FALSE	FALSE	FALSE
2038171	2021	1	FALSE	FALSE	FALSE	FALSE
2041682	2021	3	FALSE	TRUE	FALSE	TRUE
2049296	2021	1	FALSE	FALSE	FALSE	FALSE
2049661	2021	2	FALSE	TRUE	FALSE	FALSE
2049722	2021	1	FALSE	FALSE	FALSE	FALSE
2049732	2021	1	FALSE	FALSE	FALSE	FALSE
2077985	2021	1	TRUE	FALSE	FALSE	FALSE
2078852	2021	3	FALSE	TRUE	FALSE	TRUE
2091932	2021	1	FALSE	FALSE	FALSE	FALSE
2095283	2021	1	FALSE	FALSE	FALSE	FALSE
2128482	2021	1	FALSE	FALSE	FALSE	FALSE
2128502	2021	2	FALSE	TRUE	FALSE	FALSE
2138688	2021	0	FALSE	FALSE	TRUE	FALSE
2141622	2021	0	TRUE	FALSE	TRUE	FALSE
2142456	2021	1	FALSE	FALSE	FALSE	FALSE
2153287	2021	3	FALSE	TRUE	FALSE	TRUE
2157245	2021	2	FALSE	TRUE	FALSE	FALSE
2164198	2021	1	TRUE	FALSE	FALSE	FALSE
2174528	2021	1	FALSE	FALSE	FALSE	FALSE
2217982	2021	1	FALSE	FALSE	FALSE	FALSE
2219863	2021	1	FALSE	FALSE	FALSE	FALSE
2220312	2021	1	FALSE	FALSE	FALSE	FALSE
2220347	2021	1	FALSE	FALSE	FALSE	FALSE
2226990	2021	2	FALSE	TRUE	FALSE	FALSE
2227300	2021	2	FALSE	TRUE	FALSE	FALSE
2234836	2021	0	FALSE	FALSE	TRUE	FALSE
2287073	2021	1	FALSE	FALSE	FALSE	FALSE
2294284	2021	3	FALSE	TRUE	FALSE	TRUE
2295442	2021	3	FALSE	TRUE	FALSE	TRUE
2297108	2021	3	FALSE	TRUE	FALSE	TRUE
2308609	2021	0	FALSE	FALSE	TRUE	FALSE
2337607	2021	0	FALSE	FALSE	TRUE	FALSE
2362030	2021	2	FALSE	TRUE	FALSE	FALSE
2362868	2021	2	FALSE	TRUE	FALSE	FALSE
2362881	2021	1	FALSE	FALSE	FALSE	FALSE
2367742	2021	0	TRUE	FALSE	TRUE	FALSE
2379089	2021	1	FALSE	FALSE	FALSE	FALSE
2379245	2021	1	FALSE	FALSE	FALSE	FALSE
2402129	2021	1	TRUE	FALSE	FALSE	FALSE
2426640	2021	0	TRUE	FALSE	TRUE	FALSE
2426661	2021	2	FALSE	TRUE	FALSE	FALSE
2427091	2021	1	FALSE	FALSE	FALSE	FALSE
2434552	2021	2	FALSE	TRUE	FALSE	FALSE
2435035	2021	2	FALSE	TRUE	FALSE	FALSE
2436940	2021	3	FALSE	TRUE	FALSE	TRUE
2437282	2021	0	TRUE	FALSE	TRUE	FALSE
2437399	2021	1	TRUE	FALSE	FALSE	FALSE
2437450	2021	2	FALSE	TRUE	FALSE	FALSE
2439261	2021	3	FALSE	TRUE	FALSE	TRUE
2439270	2021	0	FALSE	FALSE	TRUE	FALSE
2439838	2021	0	TRUE	FALSE	TRUE	FALSE
2440946	2021	2	FALSE	TRUE	FALSE	FALSE
2440954	2021	3	FALSE	TRUE	FALSE	TRUE
2443002	2021	2	FALSE	TRUE	FALSE	FALSE
2443079	2021	1	FALSE	FALSE	FALSE	FALSE
2444339	2021	0	TRUE	FALSE	TRUE	FALSE
2455615	2021	3	FALSE	TRUE	FALSE	TRUE
2469188	2021	2	FALSE	TRUE	FALSE	FALSE
2473341	2021	3	FALSE	TRUE	FALSE	TRUE
2473477	2021	2	FALSE	TRUE	FALSE	FALSE
2474051	2021	3	FALSE	TRUE	FALSE	TRUE
2474162	2021	0	TRUE	FALSE	TRUE	FALSE
2474936	2021	2	FALSE	TRUE	FALSE	FALSE
2474944	2021	0	FALSE	FALSE	TRUE	FALSE
2475648	2021	1	FALSE	FALSE	FALSE	FALSE
2476041	2021	0	TRUE	FALSE	TRUE	FALSE
2479226	2021	3	FALSE	TRUE	FALSE	TRUE
2479311	2021	0	FALSE	FALSE	TRUE	FALSE
2479329	2021	1	FALSE	FALSE	FALSE	FALSE
2479407	2021	3	FALSE	TRUE	FALSE	TRUE
2479544	2021	1	FALSE	FALSE	FALSE	FALSE
2479553	2021	1	FALSE	FALSE	FALSE	FALSE
2479666	2021	0	TRUE	FALSE	TRUE	FALSE
2479798	2021	2	FALSE	TRUE	FALSE	FALSE
2479964	2021	1	TRUE	FALSE	FALSE	FALSE
2479977	2021	2	FALSE	TRUE	FALSE	FALSE
2480181	2021	1	TRUE	FALSE	FALSE	FALSE
2480350	2021	2	FALSE	TRUE	FALSE	FALSE
2480352	2021	1	FALSE	FALSE	FALSE	FALSE
2480410	2021	2	FALSE	TRUE	FALSE	FALSE
2480454	2021	1	TRUE	FALSE	FALSE	FALSE
2480542	2021	0	TRUE	FALSE	TRUE	FALSE
2480764	2021	1	FALSE	FALSE	FALSE	FALSE
2480770	2021	0	FALSE	FALSE	TRUE	FALSE
2480772	2021	0	TRUE	FALSE	TRUE	FALSE
2480800	2021	0	TRUE	FALSE	TRUE	FALSE
2480989	2021	0	FALSE	FALSE	TRUE	FALSE
2481034	2021	0	TRUE	FALSE	TRUE	FALSE
2481092	2021	1	TRUE	FALSE	FALSE	FALSE
2481110	2021	0	TRUE	FALSE	TRUE	FALSE
2481936	2021	0	TRUE	FALSE	TRUE	FALSE
2482519	2021	1	TRUE	FALSE	FALSE	FALSE
2486132	2021	1	TRUE	FALSE	FALSE	FALSE
2486151	2021	1	TRUE	FALSE	FALSE	FALSE
2489010	2021	0	TRUE	FALSE	TRUE	FALSE
2489080	2021	0	TRUE	FALSE	TRUE	FALSE
2493633	2021	2	FALSE	TRUE	FALSE	FALSE
2493660	2021	0	FALSE	FALSE	TRUE	FALSE
2493698	2021	0	FALSE	FALSE	TRUE	FALSE
2494088	2021	0	TRUE	FALSE	TRUE	FALSE
2494097	2021	0	FALSE	FALSE	TRUE	FALSE
2494303	2021	3	FALSE	TRUE	FALSE	TRUE
2495134	2021	0	TRUE	FALSE	TRUE	FALSE
2495165	2021	3	FALSE	TRUE	FALSE	TRUE
2495414	2021	2	FALSE	TRUE	FALSE	FALSE
2495494	2021	1	FALSE	FALSE	FALSE	FALSE
2495688	2021	1	FALSE	FALSE	FALSE	FALSE
2498001	2021	0	TRUE	FALSE	TRUE	FALSE
2498010	2021	0	FALSE	FALSE	TRUE	FALSE
2498034	2021	2	FALSE	TRUE	FALSE	FALSE
2498035	2021	3	FALSE	TRUE	FALSE	TRUE
2498046	2021	1	FALSE	FALSE	FALSE	FALSE
2498064	2021	1	TRUE	FALSE	FALSE	FALSE
2498065	2021	0	FALSE	FALSE	TRUE	FALSE
2498084	2021	0	TRUE	FALSE	TRUE	FALSE
2498090	2021	2	FALSE	TRUE	FALSE	FALSE
2498094	2021	2	FALSE	TRUE	FALSE	FALSE
2498163	2021	0	FALSE	FALSE	TRUE	FALSE
2498167	2021	0	TRUE	FALSE	TRUE	FALSE
2498181	2021	0	TRUE	FALSE	TRUE	FALSE
2498252	2021	3	FALSE	TRUE	FALSE	TRUE
2498305	2021	2	FALSE	TRUE	FALSE	FALSE
2498313	2021	0	TRUE	FALSE	TRUE	FALSE
2498329	2021	0	FALSE	FALSE	TRUE	FALSE
2498335	2021	0	FALSE	FALSE	TRUE	FALSE
2498344	2021	2	FALSE	TRUE	FALSE	FALSE
2498380	2021	0	TRUE	FALSE	TRUE	FALSE
2498384	2021	2	FALSE	TRUE	FALSE	FALSE
2498387	2021	2	FALSE	TRUE	FALSE	FALSE
2498388	2021	2	FALSE	TRUE	FALSE	FALSE
2498390	2021	0	FALSE	FALSE	TRUE	FALSE
2498393	2021	0	TRUE	FALSE	TRUE	FALSE
2498396	2021	1	FALSE	FALSE	FALSE	FALSE
2498402	2021	1	FALSE	FALSE	FALSE	FALSE
2498408	2021	1	FALSE	FALSE	FALSE	FALSE
2498411	2021	0	TRUE	FALSE	TRUE	FALSE
2516075	2021	0	TRUE	FALSE	TRUE	FALSE
2516809	2021	0	TRUE	FALSE	TRUE	FALSE
2650827	2021	2	FALSE	TRUE	FALSE	FALSE
2650829	2021	0	TRUE	FALSE	TRUE	FALSE
2651816	2021	0	TRUE	FALSE	TRUE	FALSE
2677047	2021	2	FALSE	TRUE	FALSE	FALSE
2683866	2021	3	FALSE	TRUE	FALSE	TRUE
2683894	2021	0	FALSE	FALSE	TRUE	FALSE
2684120	2021	2	FALSE	TRUE	FALSE	FALSE
2684171	2021	1	FALSE	FALSE	FALSE	FALSE
2684178	2021	2	FALSE	TRUE	FALSE	FALSE
2684191	2021	2	FALSE	TRUE	FALSE	FALSE
2685361	2021	2	FALSE	TRUE	FALSE	FALSE
2685484	2021	2	FALSE	TRUE	FALSE	FALSE
2685552	2021	1	FALSE	FALSE	FALSE	FALSE
2685663	2021	0	TRUE	FALSE	TRUE	FALSE
2685796	2021	2	FALSE	TRUE	FALSE	FALSE
2686157	2021	2	FALSE	TRUE	FALSE	FALSE
2686212	2021	2	FALSE	TRUE	FALSE	FALSE
2687182	2021	1	FALSE	FALSE	FALSE	FALSE
2687210	2021	1	FALSE	FALSE	FALSE	FALSE
2687885	2021	0	TRUE	FALSE	TRUE	FALSE
2700768	2021	1	FALSE	FALSE	FALSE	FALSE
2701612	2021	3	FALSE	TRUE	FALSE	TRUE
2701986	2021	0	TRUE	FALSE	TRUE	FALSE
2702822	2021	0	FALSE	FALSE	TRUE	FALSE
2703346	2021	0	TRUE	FALSE	TRUE	FALSE
2703712	2021	0	FALSE	FALSE	TRUE	FALSE
2704523	2021	3	FALSE	TRUE	FALSE	TRUE
2705090	2021	2	FALSE	TRUE	FALSE	FALSE
2705286	2021	1	FALSE	FALSE	FALSE	FALSE
2705512	2021	1	FALSE	FALSE	FALSE	FALSE
2706026	2021	3	FALSE	TRUE	FALSE	TRUE
2706209	2021	1	FALSE	FALSE	FALSE	FALSE
2706225	2021	0	TRUE	FALSE	TRUE	FALSE
2716226	2021	0	FALSE	FALSE	TRUE	FALSE
2716838	2021	1	FALSE	FALSE	FALSE	FALSE
2717402	2021	1	FALSE	FALSE	FALSE	FALSE
2717467	2021	1	FALSE	FALSE	FALSE	FALSE
2720120	2021	1	FALSE	FALSE	FALSE	FALSE
2720269	2021	1	FALSE	FALSE	FALSE	FALSE
2722380	2021	0	FALSE	FALSE	TRUE	FALSE
2726360	2021	3	FALSE	TRUE	FALSE	TRUE
2726538	2021	3	FALSE	TRUE	FALSE	TRUE
2747489	2021	0	TRUE	FALSE	TRUE	FALSE
2747564	2021	3	FALSE	TRUE	FALSE	TRUE
2747567	2021	3	FALSE	TRUE	FALSE	TRUE
2747750	2021	1	TRUE	FALSE	FALSE	FALSE
2752849	2021	1	TRUE	FALSE	FALSE	FALSE
2765942	2021	0	FALSE	FALSE	TRUE	FALSE
2766030	2021	3	FALSE	TRUE	FALSE	TRUE
2767031	2021	0	TRUE	FALSE	TRUE	FALSE
2767271	2021	3	FALSE	TRUE	FALSE	TRUE
2767275	2021	3	FALSE	TRUE	FALSE	TRUE
2767428	2021	2	FALSE	TRUE	FALSE	FALSE
2769622	2021	3	FALSE	TRUE	FALSE	TRUE
2772094	2021	3	FALSE	TRUE	FALSE	TRUE
2772174	2021	1	FALSE	FALSE	FALSE	FALSE
2772666	2021	3	FALSE	TRUE	FALSE	TRUE
2772885	2021	1	FALSE	FALSE	FALSE	FALSE
2775530	2021	3	FALSE	TRUE	FALSE	TRUE
2775619	2021	2	FALSE	TRUE	FALSE	FALSE
2781103	2021	2	FALSE	TRUE	FALSE	FALSE
2856204	2021	3	FALSE	TRUE	FALSE	TRUE
2857017	2021	3	FALSE	TRUE	FALSE	TRUE
2857449	2021	1	TRUE	FALSE	FALSE	FALSE
2857697	2021	0	TRUE	FALSE	TRUE	FALSE
2858909	2021	1	FALSE	FALSE	FALSE	FALSE
2858963	2021	3	FALSE	TRUE	FALSE	TRUE
2865565	2021	1	FALSE	FALSE	FALSE	FALSE
2867614	2021	2	FALSE	TRUE	FALSE	FALSE
2867631	2021	0	TRUE	FALSE	TRUE	FALSE
2869311	2021	3	FALSE	TRUE	FALSE	TRUE
2870583	2021	3	FALSE	TRUE	FALSE	TRUE
2873877	2021	3	FALSE	TRUE	FALSE	TRUE
2873995	2021	3	FALSE	TRUE	FALSE	TRUE
2874199	2021	1	TRUE	FALSE	FALSE	FALSE
2874515	2021	0	FALSE	FALSE	TRUE	FALSE
2874569	2021	1	TRUE	FALSE	FALSE	FALSE
2874574	2021	1	TRUE	FALSE	FALSE	FALSE
2875968	2021	2	FALSE	TRUE	FALSE	FALSE
2876049	2021	0	FALSE	FALSE	TRUE	FALSE
2876571	2021	0	TRUE	FALSE	TRUE	FALSE
2876607	2021	2	FALSE	TRUE	FALSE	FALSE
2878826	2021	0	TRUE	FALSE	TRUE	FALSE
2879098	2021	3	FALSE	TRUE	FALSE	TRUE
2880539	2021	3	FALSE	TRUE	FALSE	TRUE
2880580	2021	3	FALSE	TRUE	FALSE	TRUE
2882482	2021	2	FALSE	TRUE	FALSE	FALSE
2882631	2021	0	TRUE	FALSE	TRUE	FALSE
2882841	2021	1	FALSE	FALSE	FALSE	FALSE
2882849	2021	1	TRUE	FALSE	FALSE	FALSE
2888437	2021	1	FALSE	FALSE	FALSE	FALSE
2888439	2021	3	FALSE	TRUE	FALSE	TRUE
2888564	2021	1	FALSE	FALSE	FALSE	FALSE
2888579	2021	3	FALSE	TRUE	FALSE	TRUE
2888585	2021	2	FALSE	TRUE	FALSE	FALSE
2888625	2021	2	FALSE	TRUE	FALSE	FALSE
2888636	2021	3	FALSE	TRUE	FALSE	TRUE
2888706	2021	3	FALSE	TRUE	FALSE	TRUE
2888859	2021	2	FALSE	TRUE	FALSE	FALSE
2888867	2021	1	FALSE	FALSE	FALSE	FALSE
2888948	2021	1	FALSE	FALSE	FALSE	FALSE
2888990	2021	0	FALSE	FALSE	TRUE	FALSE
2889010	2021	0	TRUE	FALSE	TRUE	FALSE
2889037	2021	2	FALSE	TRUE	FALSE	FALSE
2889304	2021	0	TRUE	FALSE	TRUE	FALSE
2889934	2021	3	FALSE	TRUE	FALSE	TRUE
2889980	2021	1	FALSE	FALSE	FALSE	FALSE
2890541	2021	3	FALSE	TRUE	FALSE	TRUE
2890739	2021	2	FALSE	TRUE	FALSE	FALSE
2890995	2021	0	TRUE	FALSE	TRUE	FALSE
2891677	2021	0	TRUE	FALSE	TRUE	FALSE
2891707	2021	3	FALSE	TRUE	FALSE	TRUE
2891755	2021	2	FALSE	TRUE	FALSE	FALSE
2891774	2021	3	FALSE	TRUE	FALSE	TRUE
2891783	2021	3	FALSE	TRUE	FALSE	TRUE
2913169	2021	3	FALSE	TRUE	FALSE	TRUE
2925366	2021	0	TRUE	FALSE	TRUE	FALSE
2925496	2021	1	FALSE	FALSE	FALSE	FALSE
2925816	2021	1	FALSE	FALSE	FALSE	FALSE
2925874	2021	2	FALSE	TRUE	FALSE	FALSE
2926042	2021	3	FALSE	TRUE	FALSE	TRUE
2926572	2021	0	FALSE	FALSE	TRUE	FALSE
2926681	2021	0	TRUE	FALSE	TRUE	FALSE
2926992	2021	3	FALSE	TRUE	FALSE	TRUE
2927303	2021	2	FALSE	TRUE	FALSE	FALSE
2927492	2021	0	TRUE	FALSE	TRUE	FALSE
2927727	2021	2	FALSE	TRUE	FALSE	FALSE
2928026	2021	2	FALSE	TRUE	FALSE	FALSE
2928034	2021	1	FALSE	FALSE	FALSE	FALSE
2928238	2021	3	FALSE	TRUE	FALSE	TRUE
2928589	2021	0	TRUE	FALSE	TRUE	FALSE
2928761	2021	2	FALSE	TRUE	FALSE	FALSE
2928859	2021	1	FALSE	FALSE	FALSE	FALSE
2928861	2021	1	FALSE	FALSE	FALSE	FALSE
2930222	2021	2	FALSE	TRUE	FALSE	FALSE
2931104	2021	1	TRUE	FALSE	FALSE	FALSE
2959443	2021	2	FALSE	TRUE	FALSE	FALSE
2965354	2021	2	FALSE	TRUE	FALSE	FALSE
2971024	2021	0	TRUE	FALSE	TRUE	FALSE
2975132	2021	0	TRUE	FALSE	TRUE	FALSE
2984306	2021	2	FALSE	TRUE	FALSE	FALSE
2984676	2021	2	FALSE	TRUE	FALSE	FALSE
2985863	2021	2	FALSE	TRUE	FALSE	FALSE
2985964	2021	3	FALSE	TRUE	FALSE	TRUE
2985965	2021	3	FALSE	TRUE	FALSE	TRUE
2985994	2021	1	FALSE	FALSE	FALSE	FALSE
2985995	2021	0	TRUE	FALSE	TRUE	FALSE
2986022	2021	0	FALSE	FALSE	TRUE	FALSE
2986111	2021	3	FALSE	TRUE	FALSE	TRUE
2986132	2021	0	TRUE	FALSE	TRUE	FALSE
2987948	2021	1	FALSE	FALSE	FALSE	TRUE
2988188	2021	2	FALSE	TRUE	FALSE	FALSE
2995149	2021	2	FALSE	TRUE	FALSE	FALSE
2996525	2021	2	FALSE	TRUE	FALSE	FALSE
3000406	2021	3	FALSE	TRUE	FALSE	TRUE
3000610	2021	2	FALSE	TRUE	FALSE	FALSE
3000679	2021	3	FALSE	TRUE	FALSE	TRUE
3003244	2021	2	FALSE	TRUE	FALSE	FALSE
3003709	2021	2	FALSE	TRUE	FALSE	FALSE
3011247	2021	0	TRUE	FALSE	TRUE	FALSE
3012089	2021	3	FALSE	TRUE	FALSE	TRUE
3012103	2021	1	TRUE	FALSE	FALSE	FALSE
3020871	2021	2	FALSE	TRUE	FALSE	FALSE
3021496	2021	3	FALSE	TRUE	FALSE	TRUE
3021730	2021	3	FALSE	TRUE	FALSE	TRUE
3022203	2021	0	FALSE	FALSE	TRUE	FALSE
3022609	2021	2	FALSE	TRUE	FALSE	FALSE
3022668	2021	0	FALSE	FALSE	TRUE	FALSE
3025605	2021	0	TRUE	FALSE	TRUE	FALSE
3025617	2021	2	FALSE	TRUE	FALSE	FALSE
3025896	2021	1	FALSE	FALSE	FALSE	FALSE
3026004	2021	0	FALSE	FALSE	TRUE	FALSE
3026024	2021	1	FALSE	FALSE	FALSE	FALSE
3026035	2021	3	FALSE	TRUE	FALSE	TRUE
3026049	2021	2	FALSE	TRUE	FALSE	FALSE
3026074	2021	2	FALSE	TRUE	FALSE	FALSE
3026092	2021	2	FALSE	TRUE	FALSE	FALSE
3026107	2021	1	FALSE	FALSE	FALSE	FALSE
3026162	2021	2	FALSE	TRUE	FALSE	FALSE
3026294	2021	3	FALSE	TRUE	FALSE	TRUE
3026334	2021	2	FALSE	TRUE	FALSE	FALSE
3026454	2021	1	FALSE	FALSE	FALSE	FALSE
3026622	2021	0	FALSE	FALSE	TRUE	FALSE
3027341	2021	0	TRUE	FALSE	TRUE	FALSE
3027791	2021	1	FALSE	FALSE	FALSE	FALSE
3028528	2021	2	FALSE	TRUE	FALSE	FALSE
3032611	2021	1	FALSE	FALSE	FALSE	FALSE
3032653	2021	3	FALSE	TRUE	FALSE	TRUE
3032762	2021	0	TRUE	FALSE	TRUE	FALSE
3033077	2021	2	FALSE	TRUE	FALSE	FALSE
3033242	2021	3	FALSE	TRUE	FALSE	TRUE
3033261	2021	3	FALSE	TRUE	FALSE	TRUE
3033535	2021	1	FALSE	FALSE	FALSE	FALSE
3033865	2021	3	FALSE	TRUE	FALSE	TRUE
3033896	2021	3	FALSE	TRUE	FALSE	TRUE
3033965	2021	0	TRUE	FALSE	TRUE	FALSE
3034015	2021	3	FALSE	TRUE	FALSE	TRUE
3034782	2021	3	FALSE	TRUE	FALSE	TRUE
3036033	2021	3	FALSE	TRUE	FALSE	TRUE
3036892	2021	1	TRUE	FALSE	FALSE	FALSE
3039046	2021	1	TRUE	FALSE	FALSE	FALSE
3039194	2021	2	FALSE	TRUE	FALSE	FALSE
3039267	2021	1	FALSE	FALSE	FALSE	FALSE
3039270	2021	1	TRUE	FALSE	FALSE	FALSE
3040184	2021	1	FALSE	FALSE	FALSE	FALSE
3040185	2021	2	FALSE	TRUE	FALSE	FALSE
3040232	2021	1	TRUE	FALSE	FALSE	FALSE
3040233	2021	2	FALSE	TRUE	FALSE	FALSE
3040241	2021	0	FALSE	FALSE	TRUE	FALSE
3040999	2021	0	TRUE	FALSE	TRUE	FALSE
3042845	2021	2	FALSE	TRUE	FALSE	FALSE
3044912	2021	0	TRUE	FALSE	TRUE	FALSE
3046744	2021	0	FALSE	FALSE	TRUE	FALSE
3046765	2021	0	FALSE	FALSE	TRUE	FALSE
3054117	2021	3	FALSE	TRUE	FALSE	TRUE
3054352	2021	1	TRUE	FALSE	FALSE	FALSE
3054357	2021	2	FALSE	TRUE	FALSE	FALSE
3054368	2021	2	FALSE	TRUE	FALSE	FALSE
3064221	2021	0	TRUE	FALSE	TRUE	FALSE
3064669	2021	1	FALSE	FALSE	FALSE	FALSE
3067119	2021	2	FALSE	TRUE	FALSE	FALSE
3067353	2021	3	FALSE	TRUE	FALSE	TRUE
3067891	2021	1	FALSE	FALSE	FALSE	FALSE
3069053	2021	0	FALSE	FALSE	TRUE	FALSE
3069300	2021	0	FALSE	FALSE	TRUE	FALSE
3082279	2021	1	FALSE	FALSE	FALSE	TRUE
3083680	2021	3	FALSE	TRUE	FALSE	TRUE
3083935	2021	1	TRUE	FALSE	FALSE	FALSE
3084015	2021	2	FALSE	TRUE	FALSE	FALSE
3084022	2021	3	FALSE	TRUE	FALSE	TRUE
3085357	2021	2	FALSE	TRUE	FALSE	FALSE
3085420	2021	1	FALSE	FALSE	FALSE	FALSE
3088310	2021	3	FALSE	TRUE	FALSE	TRUE
3088488	2021	2	FALSE	TRUE	FALSE	FALSE
3095939	2021	0	TRUE	FALSE	TRUE	FALSE
3096529	2021	0	TRUE	FALSE	TRUE	FALSE
3097496	2021	0	TRUE	FALSE	TRUE	FALSE
3098912	2021	3	FALSE	TRUE	FALSE	TRUE
3098951	2021	3	FALSE	TRUE	FALSE	TRUE
3104106	2021	3	FALSE	TRUE	FALSE	TRUE
3104314	2021	3	FALSE	TRUE	FALSE	TRUE
3104491	2021	1	TRUE	FALSE	FALSE	FALSE
3105508	2021	1	TRUE	FALSE	FALSE	FALSE
3105768	2021	0	TRUE	FALSE	TRUE	FALSE
3111754	2021	2	FALSE	TRUE	FALSE	FALSE
3112361	2021	1	FALSE	FALSE	FALSE	FALSE
3112364	2021	3	FALSE	TRUE	FALSE	TRUE
3113637	2021	0	FALSE	FALSE	TRUE	FALSE
3120790	2021	2	FALSE	TRUE	FALSE	FALSE
3121088	2021	1	FALSE	FALSE	FALSE	FALSE
3123262	2021	0	FALSE	FALSE	TRUE	FALSE
3127837	2021	0	TRUE	FALSE	TRUE	FALSE
3128225	2021	3	FALSE	TRUE	FALSE	TRUE
3128888	2021	1	FALSE	FALSE	FALSE	FALSE
3133887	2021	3	FALSE	TRUE	FALSE	TRUE
3133938	2021	3	FALSE	TRUE	FALSE	TRUE
3134867	2021	3	FALSE	TRUE	FALSE	TRUE
3136320	2021	2	FALSE	TRUE	FALSE	FALSE
3139003	2021	1	TRUE	FALSE	FALSE	FALSE
3140436	2021	3	FALSE	TRUE	FALSE	TRUE
3146683	2021	2	FALSE	TRUE	FALSE	FALSE
3147018	2021	2	FALSE	TRUE	FALSE	FALSE
3147168	2021	3	FALSE	TRUE	FALSE	TRUE
3147913	2021	0	TRUE	FALSE	TRUE	FALSE
3151692	2021	0	TRUE	FALSE	TRUE	FALSE
3152583	2021	2	FALSE	TRUE	FALSE	FALSE
3152816	2021	0	TRUE	FALSE	TRUE	FALSE
3152824	2021	2	FALSE	TRUE	FALSE	FALSE
3152861	2021	2	FALSE	TRUE	FALSE	FALSE
3164340	2021	1	TRUE	FALSE	FALSE	FALSE
3169120	2021	0	TRUE	FALSE	TRUE	FALSE
3169137	2021	2	FALSE	TRUE	FALSE	FALSE
3169329	2021	0	FALSE	FALSE	TRUE	FALSE
3169331	2021	1	FALSE	FALSE	FALSE	FALSE
3169756	2021	1	FALSE	FALSE	FALSE	FALSE
3170040	2021	3	FALSE	TRUE	FALSE	TRUE
3170247	2021	2	FALSE	TRUE	FALSE	FALSE
3170823	2021	3	FALSE	TRUE	FALSE	TRUE
3171888	2021	0	FALSE	FALSE	TRUE	FALSE
3171952	2021	1	FALSE	FALSE	FALSE	FALSE
3172068	2021	2	FALSE	TRUE	FALSE	FALSE
3172266	2021	2	FALSE	TRUE	FALSE	FALSE
3172291	2021	2	FALSE	TRUE	FALSE	FALSE
3172343	2021	0	TRUE	FALSE	TRUE	FALSE
3172549	2021	3	FALSE	TRUE	FALSE	TRUE
3172613	2021	0	FALSE	FALSE	TRUE	FALSE
3172615	2021	1	FALSE	FALSE	FALSE	FALSE
3188859	2021	1	FALSE	FALSE	FALSE	FALSE
3188896	2021	0	FALSE	FALSE	TRUE	FALSE
3189073	2021	3	FALSE	TRUE	FALSE	TRUE
3189815	2021	3	FALSE	TRUE	FALSE	TRUE
3189824	2021	0	FALSE	FALSE	TRUE	FALSE
3189837	2021	3	FALSE	TRUE	FALSE	TRUE
3189843	2021	2	FALSE	TRUE	FALSE	FALSE
3189866	2021	3	FALSE	TRUE	FALSE	TRUE
3189882	2021	1	FALSE	FALSE	FALSE	FALSE
3189883	2021	0	TRUE	FALSE	TRUE	FALSE
3190411	2021	2	FALSE	TRUE	FALSE	FALSE
3190522	2021	3	FALSE	TRUE	FALSE	TRUE
3190544	2021	1	FALSE	FALSE	FALSE	FALSE
3190653	2021	2	FALSE	TRUE	FALSE	FALSE
3586046	2021	0	TRUE	FALSE	TRUE	FALSE
3602683	2021	3	FALSE	TRUE	FALSE	TRUE
3631129	2021	0	TRUE	FALSE	TRUE	FALSE
3633319	2021	0	FALSE	FALSE	TRUE	FALSE
3638793	2021	0	TRUE	FALSE	TRUE	FALSE
3642339	2021	0	TRUE	FALSE	TRUE	FALSE
3642531	2021	1	FALSE	FALSE	FALSE	FALSE
3646556	2021	0	FALSE	FALSE	TRUE	FALSE
3663237	2021	1	FALSE	FALSE	FALSE	FALSE
3664287	2021	1	TRUE	FALSE	FALSE	FALSE
3664589	2021	2	FALSE	TRUE	FALSE	FALSE
3666422	2021	1	FALSE	FALSE	FALSE	FALSE
3666776	2021	2	FALSE	TRUE	FALSE	FALSE
3667721	2021	0	TRUE	FALSE	TRUE	FALSE
3690997	2021	3	FALSE	TRUE	FALSE	TRUE
3693336	2021	0	FALSE	FALSE	TRUE	FALSE
3707631	2021	1	TRUE	FALSE	FALSE	FALSE
3740974	2021	0	TRUE	FALSE	TRUE	FALSE
3741446	2021	2	FALSE	TRUE	FALSE	FALSE
3753098	2021	0	TRUE	FALSE	TRUE	FALSE
3767816	2021	1	FALSE	FALSE	FALSE	FALSE
3797084	2021	3	FALSE	TRUE	FALSE	TRUE
3886505	2021	3	FALSE	TRUE	FALSE	TRUE
3896282	2021	1	FALSE	FALSE	FALSE	TRUE
3924221	2021	1	TRUE	FALSE	FALSE	FALSE
3981543	2021	3	FALSE	TRUE	FALSE	TRUE
4038485	2021	2	FALSE	TRUE	FALSE	FALSE
4067302	2021	1	FALSE	FALSE	FALSE	FALSE
4102952	2021	3	FALSE	TRUE	FALSE	TRUE
4121791	2021	0	FALSE	FALSE	TRUE	FALSE
4125930	2021	0	TRUE	FALSE	TRUE	FALSE
4129181	2021	3	FALSE	TRUE	FALSE	TRUE
4201607	2021	3	FALSE	TRUE	FALSE	TRUE
4201688	2021	3	FALSE	TRUE	FALSE	TRUE
4201695	2021	2	FALSE	TRUE	FALSE	FALSE
4259350	2021	2	FALSE	TRUE	FALSE	FALSE
4264680	2021	3	FALSE	TRUE	FALSE	TRUE
4285968	2021	0	TRUE	FALSE	TRUE	FALSE
4314683	2021	2	FALSE	TRUE	FALSE	FALSE
4315705	2021	2	FALSE	TRUE	FALSE	FALSE
4352332	2021	1	FALSE	FALSE	FALSE	FALSE
4400961	2021	1	FALSE	FALSE	FALSE	FALSE
4409643	2021	1	FALSE	FALSE	FALSE	FALSE
4410088	2021	0	FALSE	FALSE	TRUE	FALSE
4427283	2021	1	FALSE	FALSE	FALSE	FALSE
4427319	2021	3	FALSE	TRUE	FALSE	TRUE
4460066	2021	3	FALSE	TRUE	FALSE	TRUE
4470640	2021	1	FALSE	FALSE	FALSE	FALSE
4483961	2021	2	FALSE	TRUE	FALSE	FALSE
4484176	2021	3	FALSE	TRUE	FALSE	TRUE
4485843	2021	3	FALSE	TRUE	FALSE	TRUE
4486243	2021	2	FALSE	TRUE	FALSE	FALSE
4486297	2021	1	TRUE	FALSE	FALSE	FALSE
4486365	2021	1	FALSE	FALSE	FALSE	FALSE
4486382	2021	1	TRUE	FALSE	FALSE	FALSE
4487661	2021	0	TRUE	FALSE	TRUE	FALSE
4488821	2021	1	FALSE	FALSE	FALSE	FALSE
4496869	2021	0	TRUE	FALSE	TRUE	FALSE
4497054	2021	1	FALSE	FALSE	FALSE	FALSE
4497124	2021	1	FALSE	FALSE	FALSE	FALSE
4497180	2021	0	FALSE	FALSE	TRUE	FALSE
4532122	2021	3	FALSE	TRUE	FALSE	TRUE
4553805	2021	0	TRUE	FALSE	TRUE	FALSE
4559541	2021	1	TRUE	FALSE	FALSE	FALSE
4562529	2021	3	FALSE	TRUE	FALSE	TRUE
4565039	2021	3	FALSE	TRUE	FALSE	TRUE
4565061	2021	1	FALSE	FALSE	FALSE	FALSE
4567717	2021	3	FALSE	TRUE	FALSE	TRUE
4568269	2021	3	FALSE	TRUE	FALSE	TRUE
4845776	2021	0	TRUE	FALSE	TRUE	FALSE
4925890	2021	3	FALSE	TRUE	FALSE	TRUE
4932232	2021	1	FALSE	FALSE	FALSE	FALSE
4933624	2021	1	FALSE	FALSE	FALSE	FALSE
4938682	2021	2	FALSE	TRUE	FALSE	FALSE
4989904	2021	3	FALSE	TRUE	FALSE	TRUE
4990175	2021	1	FALSE	FALSE	FALSE	FALSE
4990176	2021	1	FALSE	FALSE	FALSE	FALSE
5123474	2021	2	FALSE	TRUE	FALSE	FALSE
5124716	2021	0	TRUE	FALSE	TRUE	FALSE
5130444	2021	1	TRUE	FALSE	FALSE	FALSE
5151589	2021	1	TRUE	FALSE	FALSE	FALSE
5152536	2021	1	FALSE	FALSE	FALSE	FALSE
5154481	2021	3	FALSE	TRUE	FALSE	TRUE
5156102	2021	2	FALSE	TRUE	FALSE	FALSE
5177089	2021	1	FALSE	FALSE	FALSE	FALSE
5179027	2021	3	FALSE	TRUE	FALSE	TRUE
5189032	2021	1	FALSE	FALSE	FALSE	FALSE
5189713	2021	0	FALSE	FALSE	TRUE	FALSE
5199161	2021	2	FALSE	TRUE	FALSE	FALSE
5217334	2021	0	FALSE	FALSE	TRUE	FALSE
5218786	2021	3	FALSE	TRUE	FALSE	TRUE
5219681	2021	1	TRUE	FALSE	FALSE	FALSE
5219683	2021	0	FALSE	FALSE	TRUE	FALSE
5219858	2021	2	FALSE	TRUE	FALSE	FALSE
5220136	2021	3	FALSE	TRUE	FALSE	TRUE
5220170	2021	1	FALSE	FALSE	FALSE	FALSE
5227775	2021	1	FALSE	FALSE	FALSE	FALSE
5227966	2021	0	FALSE	FALSE	TRUE	FALSE
5228034	2021	1	FALSE	FALSE	FALSE	FALSE
5228080	2021	0	TRUE	FALSE	TRUE	FALSE
5228229	2021	3	FALSE	TRUE	FALSE	TRUE
5229044	2021	0	FALSE	FALSE	TRUE	FALSE
5229055	2021	1	FALSE	FALSE	FALSE	FALSE
5229134	2021	1	FALSE	FALSE	FALSE	FALSE
5229156	2021	1	TRUE	FALSE	FALSE	FALSE
5229203	2021	0	TRUE	FALSE	TRUE	FALSE
5229205	2021	1	FALSE	FALSE	FALSE	FALSE
5231398	2021	0	FALSE	FALSE	TRUE	FALSE
5232428	2021	2	FALSE	TRUE	FALSE	FALSE
5232435	2021	0	TRUE	FALSE	TRUE	FALSE
5232437	2021	3	FALSE	TRUE	FALSE	TRUE
5232452	2021	2	FALSE	TRUE	FALSE	FALSE
5281901	2021	2	FALSE	TRUE	FALSE	FALSE
5284231	2021	1	TRUE	FALSE	FALSE	FALSE
5284237	2021	3	FALSE	TRUE	FALSE	TRUE
5284698	2021	2	FALSE	TRUE	FALSE	FALSE
5284702	2021	3	FALSE	TRUE	FALSE	TRUE
5284809	2021	2	FALSE	TRUE	FALSE	FALSE
5284827	2021	2	FALSE	TRUE	FALSE	FALSE
5284884	2021	2	FALSE	TRUE	FALSE	FALSE
5284950	2021	1	FALSE	FALSE	FALSE	FALSE
5284982	2021	3	FALSE	TRUE	FALSE	TRUE
5285053	2021	0	FALSE	FALSE	TRUE	FALSE
5285074	2021	0	FALSE	FALSE	TRUE	FALSE
5285385	2021	0	TRUE	FALSE	TRUE	FALSE
5285635	2021	0	TRUE	FALSE	TRUE	FALSE
5285637	2021	2	FALSE	TRUE	FALSE	FALSE
5289666	2021	1	FALSE	FALSE	FALSE	FALSE
5289686	2021	2	FALSE	TRUE	FALSE	FALSE
5289764	2021	0	TRUE	FALSE	TRUE	FALSE
5295044	2021	0	TRUE	FALSE	TRUE	FALSE
5296218	2021	0	TRUE	FALSE	TRUE	FALSE
5298765	2021	3	FALSE	TRUE	FALSE	TRUE
5300102	2021	0	FALSE	FALSE	TRUE	FALSE
5304187	2021	3	FALSE	TRUE	FALSE	TRUE
5304294	2021	1	FALSE	FALSE	FALSE	FALSE
5305162	2021	0	TRUE	FALSE	TRUE	FALSE
5324959	2021	2	FALSE	TRUE	FALSE	FALSE
5328909	2021	3	FALSE	TRUE	FALSE	TRUE
5329263	2021	2	FALSE	TRUE	FALSE	FALSE
5330661	2021	3	FALSE	TRUE	FALSE	TRUE
5332004	2021	0	TRUE	FALSE	TRUE	FALSE
5332120	2021	0	FALSE	FALSE	TRUE	FALSE
5332305	2021	1	FALSE	FALSE	FALSE	FALSE
5333354	2021	0	TRUE	FALSE	TRUE	FALSE
5334194	2021	3	FALSE	TRUE	FALSE	TRUE
5334239	2021	0	TRUE	FALSE	TRUE	FALSE
5334240	2021	2	FALSE	TRUE	FALSE	FALSE
5334247	2021	1	TRUE	FALSE	FALSE	FALSE
5334253	2021	0	TRUE	FALSE	TRUE	FALSE
5334527	2021	3	FALSE	TRUE	FALSE	TRUE
5341187	2021	1	TRUE	FALSE	FALSE	FALSE
5341201	2021	3	FALSE	TRUE	FALSE	TRUE
5341497	2021	3	FALSE	TRUE	FALSE	TRUE
5341548	2021	1	TRUE	FALSE	FALSE	FALSE
5341558	2021	0	TRUE	FALSE	TRUE	FALSE
5353590	2021	1	FALSE	FALSE	FALSE	FALSE
5355395	2021	2	FALSE	TRUE	FALSE	FALSE
5356541	2021	0	TRUE	FALSE	TRUE	FALSE
5358907	2021	2	FALSE	TRUE	FALSE	FALSE
5359169	2021	0	TRUE	FALSE	TRUE	FALSE
5359249	2021	0	FALSE	FALSE	TRUE	FALSE
5361762	2021	1	FALSE	FALSE	FALSE	FALSE
5361785	2021	3	FALSE	TRUE	FALSE	TRUE
5361888	2021	0	FALSE	FALSE	TRUE	FALSE
5362004	2021	1	FALSE	FALSE	FALSE	FALSE
5362054	2021	3	FALSE	TRUE	FALSE	TRUE
5362573	2021	2	FALSE	TRUE	FALSE	FALSE
5365705	2021	2	FALSE	TRUE	FALSE	FALSE
5366327	2021	1	FALSE	FALSE	FALSE	FALSE
5367294	2021	3	FALSE	TRUE	FALSE	TRUE
5369784	2021	3	FALSE	TRUE	FALSE	TRUE
5370006	2021	1	TRUE	FALSE	FALSE	FALSE
5372639	2021	3	FALSE	TRUE	FALSE	TRUE
5372655	2021	3	FALSE	TRUE	FALSE	TRUE
5372875	2021	0	TRUE	FALSE	TRUE	FALSE
5373039	2021	0	TRUE	FALSE	TRUE	FALSE
5373124	2021	1	FALSE	FALSE	FALSE	FALSE
5375020	2021	3	FALSE	TRUE	FALSE	TRUE
5376035	2021	1	FALSE	FALSE	FALSE	FALSE
5376179	2021	0	FALSE	FALSE	TRUE	FALSE
5377163	2021	3	FALSE	TRUE	FALSE	TRUE
5377196	2021	0	TRUE	FALSE	TRUE	FALSE
5384361	2021	2	FALSE	TRUE	FALSE	FALSE
5384390	2021	1	FALSE	FALSE	FALSE	FALSE
5384393	2021	0	FALSE	FALSE	TRUE	FALSE
5384932	2021	3	FALSE	TRUE	FALSE	TRUE
5384950	2021	0	TRUE	FALSE	TRUE	FALSE
5387098	2021	0	TRUE	FALSE	TRUE	FALSE
5387396	2021	1	TRUE	FALSE	FALSE	FALSE
5391928	2021	3	FALSE	TRUE	FALSE	TRUE
5392145	2021	1	FALSE	FALSE	FALSE	FALSE
5402363	2021	0	TRUE	FALSE	TRUE	FALSE
5403605	2021	1	FALSE	FALSE	FALSE	FALSE
5406741	2021	0	FALSE	FALSE	TRUE	FALSE
5410151	2021	2	FALSE	TRUE	FALSE	FALSE
5410411	2021	2	FALSE	TRUE	FALSE	FALSE
5410661	2021	0	TRUE	FALSE	TRUE	FALSE
5411353	2021	0	TRUE	FALSE	TRUE	FALSE
5411453	2021	3	FALSE	TRUE	FALSE	TRUE
5414976	2021	1	TRUE	FALSE	FALSE	FALSE
5414991	2021	1	TRUE	FALSE	FALSE	FALSE
5415012	2021	2	FALSE	TRUE	FALSE	FALSE
5415054	2021	2	FALSE	TRUE	FALSE	FALSE
5415455	2021	2	FALSE	TRUE	FALSE	FALSE
5420991	2021	1	FALSE	FALSE	FALSE	FALSE
5421039	2021	2	FALSE	TRUE	FALSE	FALSE
5421040	2021	0	TRUE	FALSE	TRUE	FALSE
5421180	2021	1	TRUE	FALSE	FALSE	FALSE
5421389	2021	0	FALSE	FALSE	TRUE	FALSE
5545159	2021	0	FALSE	FALSE	TRUE	FALSE
5559837	2021	1	FALSE	FALSE	FALSE	TRUE
5561475	2021	1	FALSE	FALSE	FALSE	FALSE
5567694	2021	1	FALSE	FALSE	FALSE	FALSE
5582033	2021	2	FALSE	TRUE	FALSE	FALSE
5584611	2021	3	FALSE	TRUE	FALSE	TRUE
5587240	2021	1	FALSE	FALSE	FALSE	FALSE
5598598	2021	1	FALSE	FALSE	FALSE	FALSE
5598915	2021	2	FALSE	TRUE	FALSE	FALSE
5609603	2021	1	TRUE	FALSE	FALSE	FALSE
5617467	2021	0	TRUE	FALSE	TRUE	FALSE
5641274	2021	0	TRUE	FALSE	TRUE	FALSE
5652131	2021	1	TRUE	FALSE	FALSE	FALSE
5679692	2021	0	TRUE	FALSE	TRUE	FALSE
5686494	2021	0	TRUE	FALSE	TRUE	FALSE
5789082	2021	0	TRUE	FALSE	TRUE	FALSE
5825913	2021	1	FALSE	FALSE	FALSE	FALSE
5851603	2021	1	FALSE	FALSE	FALSE	FALSE
5855746	2021	1	TRUE	FALSE	FALSE	FALSE
5879783	2021	1	TRUE	FALSE	FALSE	FALSE
5892120	2021	0	FALSE	FALSE	TRUE	FALSE
5959231	2021	0	TRUE	FALSE	TRUE	FALSE
6035638	2021	0	TRUE	FALSE	TRUE	FALSE
6096602	2021	2	FALSE	TRUE	FALSE	FALSE
6098843	2021	3	FALSE	TRUE	FALSE	TRUE
6100996	2021	0	TRUE	FALSE	TRUE	FALSE
6101223	2021	1	FALSE	FALSE	FALSE	FALSE
6109535	2021	3	FALSE	TRUE	FALSE	TRUE
6157026	2021	2	FALSE	TRUE	FALSE	FALSE
6157035	2021	2	FALSE	TRUE	FALSE	FALSE
6159223	2021	0	FALSE	FALSE	TRUE	FALSE
6159273	2021	0	TRUE	FALSE	TRUE	FALSE
6362904	2021	2	FALSE	TRUE	FALSE	FALSE
6369140	2021	1	FALSE	FALSE	FALSE	FALSE
6387003	2021	1	FALSE	FALSE	FALSE	FALSE
6391417	2021	2	FALSE	TRUE	FALSE	FALSE
6432925	2021	1	FALSE	FALSE	FALSE	FALSE
6709291	2021	1	TRUE	FALSE	FALSE	FALSE
7062200	2021	2	FALSE	TRUE	FALSE	FALSE
7068732	2021	1	FALSE	FALSE	FALSE	FALSE
7127354	2021	3	FALSE	TRUE	FALSE	TRUE
7127810	2021	2	FALSE	TRUE	FALSE	FALSE
7135755	2021	3	FALSE	TRUE	FALSE	TRUE
7162908	2021	3	FALSE	TRUE	FALSE	TRUE
7172831	2021	3	FALSE	TRUE	FALSE	TRUE
7190901	2021	0	TRUE	FALSE	TRUE	FALSE
7222255	2021	3	FALSE	TRUE	FALSE	TRUE
7224157	2021	1	FALSE	FALSE	FALSE	FALSE
7225712	2021	0	TRUE	FALSE	TRUE	FALSE
7227181	2021	1	FALSE	FALSE	FALSE	FALSE
7230699	2021	1	FALSE	FALSE	FALSE	FALSE
7262908	2021	0	FALSE	FALSE	TRUE	FALSE
7262958	2021	0	FALSE	FALSE	TRUE	FALSE
7263145	2021	1	FALSE	FALSE	FALSE	FALSE
7266329	2021	3	FALSE	TRUE	FALSE	TRUE
7266343	2021	1	FALSE	FALSE	FALSE	FALSE
7267630	2021	3	FALSE	TRUE	FALSE	TRUE
7267631	2021	0	FALSE	FALSE	TRUE	FALSE
7270381	2021	0	TRUE	FALSE	TRUE	FALSE
7271631	2021	0	TRUE	FALSE	TRUE	FALSE
7277286	2021	0	TRUE	FALSE	TRUE	FALSE
7291264	2021	3	FALSE	TRUE	FALSE	TRUE
7293727	2021	0	TRUE	FALSE	TRUE	FALSE
7294681	2021	2	FALSE	TRUE	FALSE	FALSE
7307327	2021	2	FALSE	TRUE	FALSE	FALSE
7307829	2021	0	TRUE	FALSE	TRUE	FALSE
7315072	2021	3	FALSE	TRUE	FALSE	TRUE
7315286	2021	1	FALSE	FALSE	FALSE	FALSE
7319302	2021	0	FALSE	FALSE	TRUE	FALSE
7322122	2021	0	TRUE	FALSE	TRUE	FALSE
7322292	2021	1	TRUE	FALSE	FALSE	FALSE
7325877	2021	1	FALSE	FALSE	FALSE	FALSE
7332415	2021	1	TRUE	FALSE	FALSE	FALSE
7332416	2021	1	TRUE	FALSE	FALSE	FALSE
7333320	2021	0	TRUE	FALSE	TRUE	FALSE
7334368	2021	3	FALSE	TRUE	FALSE	TRUE
7334489	2021	1	FALSE	FALSE	FALSE	FALSE
7346102	2021	2	FALSE	TRUE	FALSE	FALSE
7358677	2021	1	FALSE	FALSE	FALSE	FALSE
7358948	2021	0	FALSE	FALSE	TRUE	FALSE
7400250	2021	2	FALSE	TRUE	FALSE	FALSE
7433196	2021	1	FALSE	FALSE	FALSE	FALSE
7443846	2021	3	FALSE	TRUE	FALSE	TRUE
7475424	2021	1	TRUE	FALSE	FALSE	FALSE
7529533	2021	0	TRUE	FALSE	TRUE	FALSE
7540164	2021	3	FALSE	TRUE	FALSE	TRUE
7560711	2021	2	FALSE	TRUE	FALSE	FALSE
7624620	2021	0	TRUE	FALSE	TRUE	FALSE
7664179	2021	0	TRUE	FALSE	TRUE	FALSE
7671397	2021	1	FALSE	FALSE	FALSE	FALSE
7681436	2021	2	FALSE	TRUE	FALSE	FALSE
7690055	2021	0	TRUE	FALSE	TRUE	FALSE
7699567	2021	1	FALSE	FALSE	FALSE	FALSE
7730307	2021	1	FALSE	FALSE	FALSE	FALSE
7738766	2021	1	FALSE	FALSE	FALSE	FALSE
7740617	2021	0	TRUE	FALSE	TRUE	FALSE
7763534	2021	1	FALSE	FALSE	FALSE	FALSE
7802465	2021	3	FALSE	TRUE	FALSE	TRUE
7818643	2021	3	FALSE	TRUE	FALSE	TRUE
7823743	2021	0	TRUE	FALSE	TRUE	FALSE
7828157	2021	2	FALSE	TRUE	FALSE	FALSE
7832723	2021	0	TRUE	FALSE	TRUE	FALSE
7848132	2021	0	TRUE	FALSE	TRUE	FALSE
7902463	2021	0	TRUE	FALSE	TRUE	FALSE
7915783	2021	2	FALSE	TRUE	FALSE	FALSE
7925372	2021	0	FALSE	FALSE	TRUE	FALSE
7978544	2021	2	FALSE	TRUE	FALSE	FALSE
7989836	2021	1	FALSE	FALSE	FALSE	FALSE
8010581	2021	0	TRUE	FALSE	TRUE	FALSE
8011733	2021	2	FALSE	TRUE	FALSE	FALSE
8018277	2021	0	TRUE	FALSE	TRUE	FALSE
8021567	2021	0	TRUE	FALSE	TRUE	FALSE
8022932	2021	0	TRUE	FALSE	TRUE	FALSE
8031875	2021	0	TRUE	FALSE	TRUE	FALSE
8044946	2021	0	TRUE	FALSE	TRUE	FALSE
8080743	2021	3	FALSE	TRUE	FALSE	TRUE
8133114	2021	3	FALSE	TRUE	FALSE	TRUE
8149049	2021	1	FALSE	FALSE	FALSE	FALSE
8149923	2021	3	FALSE	TRUE	FALSE	TRUE
8168344	2021	1	FALSE	FALSE	FALSE	FALSE
8183217	2021	0	FALSE	FALSE	TRUE	FALSE
8190077	2021	2	FALSE	TRUE	FALSE	FALSE
8190231	2021	2	FALSE	TRUE	FALSE	FALSE
8200663	2021	3	FALSE	TRUE	FALSE	TRUE
8207952	2021	1	FALSE	FALSE	FALSE	FALSE
8212772	2021	1	FALSE	FALSE	FALSE	FALSE
8251158	2021	1	TRUE	FALSE	FALSE	FALSE
8255921	2021	1	FALSE	FALSE	FALSE	FALSE
8265082	2021	0	FALSE	FALSE	TRUE	FALSE
8288647	2021	3	FALSE	TRUE	FALSE	TRUE
8302634	2021	1	TRUE	FALSE	FALSE	FALSE
8313153	2021	3	FALSE	TRUE	FALSE	TRUE
8323119	2021	3	FALSE	TRUE	FALSE	TRUE
8323485	2021	1	FALSE	FALSE	FALSE	FALSE
8326061	2021	0	TRUE	FALSE	TRUE	FALSE
8356787	2021	0	TRUE	FALSE	TRUE	FALSE
8362005	2021	3	FALSE	TRUE	FALSE	TRUE
8402586	2021	0	TRUE	FALSE	TRUE	FALSE
8537667	2021	1	TRUE	FALSE	FALSE	FALSE
8599762	2021	1	FALSE	FALSE	FALSE	FALSE
8699607	2021	3	FALSE	TRUE	FALSE	TRUE
8741260	2021	1	FALSE	FALSE	FALSE	FALSE
8745918	2021	3	FALSE	TRUE	FALSE	TRUE
8909595	2021	1	FALSE	FALSE	FALSE	FALSE
8946295	2021	2	FALSE	TRUE	FALSE	FALSE
8993502	2021	1	FALSE	FALSE	FALSE	FALSE
9018536	2021	1	FALSE	FALSE	FALSE	TRUE
9078997	2021	0	TRUE	FALSE	TRUE	FALSE
9153437	2021	1	FALSE	FALSE	FALSE	FALSE
9188840	2021	1	FALSE	FALSE	FALSE	FALSE
9228111	2021	1	FALSE	FALSE	FALSE	FALSE
9228211	2021	0	TRUE	FALSE	TRUE	FALSE
9245228	2021	0	TRUE	FALSE	TRUE	FALSE
9254355	2021	1	TRUE	FALSE	FALSE	FALSE
9305555	2021	0	FALSE	FALSE	TRUE	FALSE
9306058	2021	1	FALSE	FALSE	FALSE	FALSE
9321334	2021	0	TRUE	FALSE	TRUE	FALSE
9326020	2021	2	FALSE	TRUE	FALSE	FALSE
9345027	2021	3	FALSE	TRUE	FALSE	TRUE
9350124	2021	3	FALSE	TRUE	FALSE	TRUE
9376410	2021	1	FALSE	FALSE	FALSE	FALSE
9382645	2021	1	FALSE	FALSE	FALSE	FALSE
9450106	2021	0	FALSE	FALSE	TRUE	FALSE
9451184	2021	2	FALSE	TRUE	FALSE	FALSE
9496048	2021	0	FALSE	FALSE	TRUE	FALSE
9508460	2021	2	FALSE	TRUE	FALSE	FALSE
9541940	2021	0	TRUE	FALSE	TRUE	FALSE
9583342	2021	0	TRUE	FALSE	TRUE	FALSE
9606290	2021	1	FALSE	FALSE	FALSE	FALSE
10755213	2021	2	FALSE	TRUE	FALSE	FALSE
10786206	2021	2	FALSE	TRUE	FALSE	FALSE
10801424	2021	3	FALSE	TRUE	FALSE	TRUE
10902460	2021	1	FALSE	FALSE	FALSE	FALSE
11844792	2021	1	TRUE	FALSE	FALSE	FALSE
1017419	2022	3	FALSE	TRUE	FALSE	TRUE
1031394	2022	1	TRUE	FALSE	FALSE	FALSE
1031400	2022	0	TRUE	FALSE	TRUE	FALSE
1031684	2022	2	FALSE	TRUE	FALSE	FALSE
1031742	2022	3	FALSE	TRUE	FALSE	TRUE
1043717	2022	1	TRUE	FALSE	FALSE	FALSE
1045323	2022	0	TRUE	FALSE	TRUE	FALSE
1047536	2022	2	FALSE	TRUE	FALSE	FALSE
1119292	2022	1	TRUE	FALSE	FALSE	FALSE
1309600	2022	3	FALSE	TRUE	FALSE	TRUE
1309652	2022	1	FALSE	FALSE	FALSE	FALSE
1311477	2022	3	FALSE	TRUE	FALSE	TRUE
1316805	2022	0	TRUE	FALSE	TRUE	FALSE
1323402	2022	0	FALSE	FALSE	TRUE	FALSE
1346919	2022	3	FALSE	TRUE	FALSE	TRUE
1421091	2022	2	FALSE	TRUE	FALSE	FALSE
1421095	2022	2	FALSE	TRUE	FALSE	FALSE
1622599	2022	2	FALSE	TRUE	FALSE	FALSE
1626096	2022	3	FALSE	TRUE	FALSE	TRUE
1650106	2022	0	TRUE	FALSE	TRUE	FALSE
1651430	2022	1	FALSE	FALSE	FALSE	FALSE
1652212	2022	1	FALSE	FALSE	FALSE	FALSE
1690429	2022	1	FALSE	FALSE	FALSE	FALSE
1702101	2022	3	FALSE	TRUE	FALSE	TRUE
1718308	2022	2	FALSE	TRUE	FALSE	FALSE
1719204	2022	0	TRUE	FALSE	TRUE	FALSE
1722299	2022	1	FALSE	FALSE	FALSE	FALSE
1749449	2022	1	FALSE	FALSE	FALSE	FALSE
1749580	2022	1	FALSE	FALSE	FALSE	FALSE
1751299	2022	0	TRUE	FALSE	TRUE	FALSE
1830284	2022	0	TRUE	FALSE	TRUE	FALSE
1873051	2022	1	TRUE	FALSE	FALSE	FALSE
1873890	2022	0	TRUE	FALSE	TRUE	FALSE
1910629	2022	1	TRUE	FALSE	FALSE	FALSE
1932752	2022	3	FALSE	TRUE	FALSE	TRUE
1941864	2022	0	TRUE	FALSE	TRUE	FALSE
1997215	2022	3	FALSE	TRUE	FALSE	TRUE
2007665	2022	0	TRUE	FALSE	TRUE	FALSE
2008616	2022	3	FALSE	TRUE	FALSE	TRUE
2020655	2022	2	FALSE	TRUE	FALSE	FALSE
2020779	2022	1	TRUE	FALSE	FALSE	FALSE
2037925	2022	3	FALSE	TRUE	FALSE	TRUE
2037991	2022	3	FALSE	TRUE	FALSE	TRUE
2038171	2022	1	FALSE	FALSE	FALSE	FALSE
2041682	2022	3	FALSE	TRUE	FALSE	TRUE
2049296	2022	3	FALSE	TRUE	FALSE	TRUE
2049661	2022	2	FALSE	TRUE	FALSE	FALSE
2049722	2022	2	FALSE	TRUE	FALSE	FALSE
2049732	2022	1	FALSE	FALSE	FALSE	FALSE
2077985	2022	1	TRUE	FALSE	FALSE	FALSE
2078852	2022	3	FALSE	TRUE	FALSE	TRUE
2091932	2022	1	FALSE	FALSE	FALSE	FALSE
2095283	2022	3	FALSE	TRUE	FALSE	TRUE
2128482	2022	1	FALSE	FALSE	FALSE	FALSE
2128502	2022	1	FALSE	FALSE	FALSE	FALSE
2138688	2022	0	FALSE	FALSE	TRUE	FALSE
2141622	2022	0	TRUE	FALSE	TRUE	FALSE
2142456	2022	3	FALSE	TRUE	FALSE	TRUE
2153287	2022	3	FALSE	TRUE	FALSE	TRUE
2157245	2022	2	FALSE	TRUE	FALSE	FALSE
2164198	2022	1	TRUE	FALSE	FALSE	FALSE
2174528	2022	1	FALSE	FALSE	FALSE	FALSE
2217982	2022	1	FALSE	FALSE	FALSE	FALSE
2219863	2022	0	FALSE	FALSE	TRUE	FALSE
2220312	2022	1	FALSE	FALSE	FALSE	FALSE
2220347	2022	1	FALSE	FALSE	FALSE	FALSE
2226990	2022	3	FALSE	TRUE	FALSE	TRUE
2227300	2022	2	FALSE	TRUE	FALSE	FALSE
2234836	2022	0	FALSE	FALSE	TRUE	FALSE
2287073	2022	1	FALSE	FALSE	FALSE	FALSE
2294284	2022	1	FALSE	FALSE	FALSE	FALSE
2295442	2022	3	FALSE	TRUE	FALSE	TRUE
2297108	2022	3	FALSE	TRUE	FALSE	TRUE
2308609	2022	0	FALSE	FALSE	TRUE	FALSE
2337607	2022	0	FALSE	FALSE	TRUE	FALSE
2362030	2022	3	FALSE	TRUE	FALSE	TRUE
2362868	2022	1	FALSE	FALSE	FALSE	FALSE
2362881	2022	1	FALSE	FALSE	FALSE	FALSE
2367742	2022	0	TRUE	FALSE	TRUE	FALSE
2379089	2022	2	FALSE	TRUE	FALSE	FALSE
2379245	2022	1	FALSE	FALSE	FALSE	FALSE
2402129	2022	1	TRUE	FALSE	FALSE	FALSE
2426640	2022	0	TRUE	FALSE	TRUE	FALSE
2426661	2022	2	FALSE	TRUE	FALSE	FALSE
2427091	2022	1	FALSE	FALSE	FALSE	FALSE
2434552	2022	2	FALSE	TRUE	FALSE	FALSE
2435035	2022	2	FALSE	TRUE	FALSE	FALSE
2436940	2022	2	FALSE	TRUE	FALSE	FALSE
2437282	2022	0	TRUE	FALSE	TRUE	FALSE
2437399	2022	1	TRUE	FALSE	FALSE	FALSE
2437450	2022	2	FALSE	TRUE	FALSE	FALSE
2439261	2022	3	FALSE	TRUE	FALSE	TRUE
2439270	2022	2	FALSE	TRUE	FALSE	FALSE
2439838	2022	0	TRUE	FALSE	TRUE	FALSE
2440946	2022	2	FALSE	TRUE	FALSE	FALSE
2440954	2022	1	FALSE	FALSE	FALSE	FALSE
2443002	2022	2	FALSE	TRUE	FALSE	FALSE
2443079	2022	1	FALSE	FALSE	FALSE	FALSE
2444339	2022	0	TRUE	FALSE	TRUE	FALSE
2455615	2022	1	FALSE	FALSE	FALSE	FALSE
2469188	2022	3	FALSE	TRUE	FALSE	TRUE
2473341	2022	3	FALSE	TRUE	FALSE	TRUE
2473477	2022	3	FALSE	TRUE	FALSE	TRUE
2474051	2022	2	FALSE	TRUE	FALSE	FALSE
2474162	2022	0	TRUE	FALSE	TRUE	FALSE
2474936	2022	1	FALSE	FALSE	FALSE	FALSE
2474944	2022	0	FALSE	FALSE	TRUE	FALSE
2475648	2022	1	FALSE	FALSE	FALSE	FALSE
2476041	2022	0	TRUE	FALSE	TRUE	FALSE
2479226	2022	3	FALSE	TRUE	FALSE	TRUE
2479311	2022	0	FALSE	FALSE	TRUE	FALSE
2479329	2022	1	FALSE	FALSE	FALSE	FALSE
2479407	2022	1	FALSE	FALSE	FALSE	FALSE
2479544	2022	3	FALSE	TRUE	FALSE	TRUE
2479553	2022	1	FALSE	FALSE	FALSE	FALSE
2479666	2022	0	TRUE	FALSE	TRUE	FALSE
2479798	2022	2	FALSE	TRUE	FALSE	FALSE
2479964	2022	1	TRUE	FALSE	FALSE	FALSE
2479977	2022	2	FALSE	TRUE	FALSE	FALSE
2480181	2022	0	TRUE	FALSE	TRUE	FALSE
2480350	2022	1	FALSE	FALSE	FALSE	FALSE
2480352	2022	0	FALSE	FALSE	TRUE	FALSE
2480410	2022	1	FALSE	FALSE	FALSE	FALSE
2480454	2022	1	TRUE	FALSE	FALSE	FALSE
2480542	2022	0	TRUE	FALSE	TRUE	FALSE
2480764	2022	0	FALSE	FALSE	TRUE	FALSE
2480770	2022	0	FALSE	FALSE	TRUE	FALSE
2480772	2022	0	TRUE	FALSE	TRUE	FALSE
2480800	2022	0	TRUE	FALSE	TRUE	FALSE
2480989	2022	0	FALSE	FALSE	TRUE	FALSE
2481034	2022	0	TRUE	FALSE	TRUE	FALSE
2481092	2022	1	TRUE	FALSE	FALSE	FALSE
2481110	2022	0	TRUE	FALSE	TRUE	FALSE
2481936	2022	0	TRUE	FALSE	TRUE	FALSE
2482519	2022	0	TRUE	FALSE	TRUE	FALSE
2486132	2022	1	TRUE	FALSE	FALSE	FALSE
2486151	2022	1	TRUE	FALSE	FALSE	FALSE
2489010	2022	0	TRUE	FALSE	TRUE	FALSE
2489080	2022	0	TRUE	FALSE	TRUE	FALSE
2493633	2022	2	FALSE	TRUE	FALSE	FALSE
2493660	2022	0	FALSE	FALSE	TRUE	FALSE
2493698	2022	0	FALSE	FALSE	TRUE	FALSE
2494088	2022	0	TRUE	FALSE	TRUE	FALSE
2494097	2022	0	FALSE	FALSE	TRUE	FALSE
2494303	2022	2	FALSE	TRUE	FALSE	FALSE
2495134	2022	0	TRUE	FALSE	TRUE	FALSE
2495165	2022	2	FALSE	TRUE	FALSE	FALSE
2495414	2022	2	FALSE	TRUE	FALSE	FALSE
2495494	2022	1	FALSE	FALSE	FALSE	FALSE
2495688	2022	0	FALSE	FALSE	TRUE	FALSE
2498001	2022	0	TRUE	FALSE	TRUE	FALSE
2498010	2022	0	FALSE	FALSE	TRUE	FALSE
2498034	2022	2	FALSE	TRUE	FALSE	FALSE
2498035	2022	3	FALSE	TRUE	FALSE	TRUE
2498046	2022	1	FALSE	FALSE	FALSE	FALSE
2498064	2022	0	TRUE	FALSE	TRUE	FALSE
2498065	2022	0	FALSE	FALSE	TRUE	FALSE
2498084	2022	0	TRUE	FALSE	TRUE	FALSE
2498090	2022	3	FALSE	TRUE	FALSE	TRUE
2498094	2022	1	FALSE	FALSE	FALSE	FALSE
2498163	2022	0	FALSE	FALSE	TRUE	FALSE
2498167	2022	0	TRUE	FALSE	TRUE	FALSE
2498181	2022	0	TRUE	FALSE	TRUE	FALSE
2498252	2022	2	FALSE	TRUE	FALSE	FALSE
2498305	2022	2	FALSE	TRUE	FALSE	FALSE
2498313	2022	0	TRUE	FALSE	TRUE	FALSE
2498329	2022	0	FALSE	FALSE	TRUE	FALSE
2498335	2022	0	FALSE	FALSE	TRUE	FALSE
2498344	2022	2	FALSE	TRUE	FALSE	FALSE
2498380	2022	0	TRUE	FALSE	TRUE	FALSE
2498384	2022	2	FALSE	TRUE	FALSE	FALSE
2498387	2022	2	FALSE	TRUE	FALSE	FALSE
2498388	2022	2	FALSE	TRUE	FALSE	FALSE
2498390	2022	0	FALSE	FALSE	TRUE	FALSE
2498393	2022	0	TRUE	FALSE	TRUE	FALSE
2498396	2022	1	FALSE	FALSE	FALSE	FALSE
2498402	2022	3	FALSE	TRUE	FALSE	TRUE
2498408	2022	1	FALSE	FALSE	FALSE	FALSE
2498411	2022	0	TRUE	FALSE	TRUE	FALSE
2516075	2022	0	TRUE	FALSE	TRUE	FALSE
2516809	2022	0	TRUE	FALSE	TRUE	FALSE
2650827	2022	2	FALSE	TRUE	FALSE	FALSE
2650829	2022	3	FALSE	TRUE	FALSE	TRUE
2651816	2022	3	FALSE	TRUE	FALSE	TRUE
2677047	2022	2	FALSE	TRUE	FALSE	FALSE
2683866	2022	2	FALSE	TRUE	FALSE	FALSE
2683894	2022	0	FALSE	FALSE	TRUE	FALSE
2684120	2022	3	FALSE	TRUE	FALSE	TRUE
2684171	2022	2	FALSE	TRUE	FALSE	FALSE
2684178	2022	1	FALSE	FALSE	FALSE	FALSE
2684191	2022	2	FALSE	TRUE	FALSE	FALSE
2685361	2022	2	FALSE	TRUE	FALSE	FALSE
2685484	2022	2	FALSE	TRUE	FALSE	FALSE
2685552	2022	1	FALSE	FALSE	FALSE	FALSE
2685663	2022	0	TRUE	FALSE	TRUE	FALSE
2685796	2022	2	FALSE	TRUE	FALSE	FALSE
2686157	2022	2	FALSE	TRUE	FALSE	FALSE
2686212	2022	2	FALSE	TRUE	FALSE	FALSE
2687182	2022	1	FALSE	FALSE	FALSE	FALSE
2687210	2022	1	FALSE	FALSE	FALSE	FALSE
2687885	2022	0	TRUE	FALSE	TRUE	FALSE
2700768	2022	1	FALSE	FALSE	FALSE	FALSE
2701612	2022	1	FALSE	FALSE	FALSE	FALSE
2701986	2022	0	TRUE	FALSE	TRUE	FALSE
2702822	2022	3	FALSE	TRUE	FALSE	TRUE
2703346	2022	0	TRUE	FALSE	TRUE	FALSE
2703712	2022	0	FALSE	FALSE	TRUE	FALSE
2704523	2022	2	FALSE	TRUE	FALSE	FALSE
2705090	2022	3	FALSE	TRUE	FALSE	TRUE
2705286	2022	1	FALSE	FALSE	FALSE	FALSE
2705512	2022	1	FALSE	FALSE	FALSE	FALSE
2706026	2022	1	FALSE	FALSE	FALSE	FALSE
2706209	2022	1	FALSE	FALSE	FALSE	FALSE
2706225	2022	0	TRUE	FALSE	TRUE	FALSE
2716226	2022	3	FALSE	TRUE	FALSE	TRUE
2716838	2022	1	FALSE	FALSE	FALSE	FALSE
2717402	2022	1	FALSE	FALSE	FALSE	FALSE
2717467	2022	1	FALSE	FALSE	FALSE	FALSE
2720120	2022	1	FALSE	FALSE	FALSE	FALSE
2720269	2022	1	FALSE	FALSE	FALSE	FALSE
2722380	2022	0	FALSE	FALSE	TRUE	FALSE
2726360	2022	1	FALSE	FALSE	FALSE	FALSE
2726538	2022	3	FALSE	TRUE	FALSE	TRUE
2747489	2022	0	TRUE	FALSE	TRUE	FALSE
2747564	2022	3	FALSE	TRUE	FALSE	TRUE
2747567	2022	3	FALSE	TRUE	FALSE	TRUE
2747750	2022	1	TRUE	FALSE	FALSE	FALSE
2752849	2022	1	TRUE	FALSE	FALSE	FALSE
2765942	2022	0	FALSE	FALSE	TRUE	FALSE
2766030	2022	3	FALSE	TRUE	FALSE	TRUE
2767031	2022	0	TRUE	FALSE	TRUE	FALSE
2767271	2022	2	FALSE	TRUE	FALSE	FALSE
2767275	2022	2	FALSE	TRUE	FALSE	FALSE
2767428	2022	3	FALSE	TRUE	FALSE	TRUE
2769622	2022	1	FALSE	FALSE	FALSE	FALSE
2772094	2022	2	FALSE	TRUE	FALSE	FALSE
2772174	2022	2	FALSE	TRUE	FALSE	FALSE
2772666	2022	2	FALSE	TRUE	FALSE	FALSE
2772885	2022	1	FALSE	FALSE	FALSE	FALSE
2775530	2022	3	FALSE	TRUE	FALSE	TRUE
2775619	2022	3	FALSE	TRUE	FALSE	TRUE
2781103	2022	1	FALSE	FALSE	FALSE	FALSE
2856204	2022	1	FALSE	FALSE	FALSE	FALSE
2857017	2022	3	FALSE	TRUE	FALSE	TRUE
2857449	2022	1	TRUE	FALSE	FALSE	FALSE
2857697	2022	0	TRUE	FALSE	TRUE	FALSE
2858909	2022	1	FALSE	FALSE	FALSE	FALSE
2858963	2022	1	FALSE	FALSE	FALSE	FALSE
2865565	2022	2	FALSE	TRUE	FALSE	FALSE
2867614	2022	2	FALSE	TRUE	FALSE	FALSE
2867631	2022	0	TRUE	FALSE	TRUE	FALSE
2869311	2022	3	FALSE	TRUE	FALSE	TRUE
2870583	2022	1	FALSE	FALSE	FALSE	FALSE
2873877	2022	3	FALSE	TRUE	FALSE	TRUE
2873995	2022	1	FALSE	FALSE	FALSE	FALSE
2874199	2022	0	TRUE	FALSE	TRUE	FALSE
2874515	2022	2	FALSE	TRUE	FALSE	FALSE
2874569	2022	1	TRUE	FALSE	FALSE	FALSE
2874574	2022	1	TRUE	FALSE	FALSE	FALSE
2875968	2022	2	FALSE	TRUE	FALSE	FALSE
2876049	2022	2	FALSE	TRUE	FALSE	FALSE
2876571	2022	0	TRUE	FALSE	TRUE	FALSE
2876607	2022	2	FALSE	TRUE	FALSE	FALSE
2878826	2022	0	TRUE	FALSE	TRUE	FALSE
2879098	2022	1	FALSE	FALSE	FALSE	FALSE
2880539	2022	3	FALSE	TRUE	FALSE	TRUE
2880580	2022	2	FALSE	TRUE	FALSE	FALSE
2882482	2022	2	FALSE	TRUE	FALSE	FALSE
2882631	2022	0	TRUE	FALSE	TRUE	FALSE
2882841	2022	1	FALSE	FALSE	FALSE	FALSE
2882849	2022	1	TRUE	FALSE	FALSE	FALSE
2888437	2022	1	FALSE	FALSE	FALSE	FALSE
2888439	2022	2	FALSE	TRUE	FALSE	FALSE
2888564	2022	1	FALSE	FALSE	FALSE	FALSE
2888579	2022	2	FALSE	TRUE	FALSE	FALSE
2888585	2022	2	FALSE	TRUE	FALSE	FALSE
2888625	2022	3	FALSE	TRUE	FALSE	TRUE
2888636	2022	1	FALSE	FALSE	FALSE	FALSE
2888706	2022	3	FALSE	TRUE	FALSE	TRUE
2888859	2022	3	FALSE	TRUE	FALSE	TRUE
2888867	2022	1	FALSE	FALSE	FALSE	FALSE
2888948	2022	1	FALSE	FALSE	FALSE	FALSE
2888990	2022	0	FALSE	FALSE	TRUE	FALSE
2889010	2022	2	FALSE	TRUE	FALSE	FALSE
2889037	2022	1	FALSE	FALSE	FALSE	FALSE
2889304	2022	0	TRUE	FALSE	TRUE	FALSE
2889934	2022	2	FALSE	TRUE	FALSE	FALSE
2889980	2022	1	FALSE	FALSE	FALSE	FALSE
2890541	2022	2	FALSE	TRUE	FALSE	FALSE
2890739	2022	2	FALSE	TRUE	FALSE	FALSE
2890995	2022	0	TRUE	FALSE	TRUE	FALSE
2891677	2022	2	FALSE	TRUE	FALSE	FALSE
2891707	2022	1	FALSE	FALSE	FALSE	FALSE
2891755	2022	1	FALSE	FALSE	FALSE	FALSE
2891774	2022	3	FALSE	TRUE	FALSE	TRUE
2891783	2022	3	FALSE	TRUE	FALSE	TRUE
2913169	2022	1	FALSE	FALSE	FALSE	FALSE
2925366	2022	0	TRUE	FALSE	TRUE	FALSE
2925496	2022	3	FALSE	TRUE	FALSE	TRUE
2925816	2022	2	FALSE	TRUE	FALSE	FALSE
2925874	2022	1	FALSE	FALSE	FALSE	FALSE
2926042	2022	1	FALSE	FALSE	FALSE	FALSE
2926572	2022	0	FALSE	FALSE	TRUE	FALSE
2926681	2022	0	TRUE	FALSE	TRUE	FALSE
2926992	2022	3	FALSE	TRUE	FALSE	TRUE
2927303	2022	2	FALSE	TRUE	FALSE	FALSE
2927492	2022	0	TRUE	FALSE	TRUE	FALSE
2927727	2022	2	FALSE	TRUE	FALSE	FALSE
2928026	2022	2	FALSE	TRUE	FALSE	FALSE
2928034	2022	1	FALSE	FALSE	FALSE	FALSE
2928238	2022	1	FALSE	FALSE	FALSE	FALSE
2928589	2022	0	TRUE	FALSE	TRUE	FALSE
2928761	2022	2	FALSE	TRUE	FALSE	FALSE
2928859	2022	1	FALSE	FALSE	FALSE	FALSE
2928861	2022	1	FALSE	FALSE	FALSE	FALSE
2930222	2022	2	FALSE	TRUE	FALSE	FALSE
2931104	2022	2	FALSE	TRUE	FALSE	FALSE
2959443	2022	2	FALSE	TRUE	FALSE	FALSE
2965354	2022	1	FALSE	FALSE	FALSE	FALSE
2971024	2022	0	TRUE	FALSE	TRUE	FALSE
2975132	2022	0	TRUE	FALSE	TRUE	FALSE
2984306	2022	3	FALSE	TRUE	FALSE	TRUE
2984676	2022	3	FALSE	TRUE	FALSE	TRUE
2985863	2022	2	FALSE	TRUE	FALSE	FALSE
2985964	2022	1	FALSE	FALSE	FALSE	FALSE
2985965	2022	3	FALSE	TRUE	FALSE	TRUE
2985994	2022	0	FALSE	FALSE	TRUE	FALSE
2985995	2022	3	FALSE	TRUE	FALSE	TRUE
2986022	2022	0	FALSE	FALSE	TRUE	FALSE
2986111	2022	3	FALSE	TRUE	FALSE	TRUE
2986132	2022	0	TRUE	FALSE	TRUE	FALSE
2987948	2022	1	FALSE	FALSE	FALSE	FALSE
2988188	2022	3	FALSE	TRUE	FALSE	TRUE
2995149	2022	3	FALSE	TRUE	FALSE	TRUE
2996525	2022	2	FALSE	TRUE	FALSE	FALSE
3000406	2022	3	FALSE	TRUE	FALSE	TRUE
3000610	2022	2	FALSE	TRUE	FALSE	FALSE
3000679	2022	2	FALSE	TRUE	FALSE	FALSE
3003244	2022	3	FALSE	TRUE	FALSE	TRUE
3003709	2022	2	FALSE	TRUE	FALSE	FALSE
3011247	2022	0	TRUE	FALSE	TRUE	FALSE
3012089	2022	3	FALSE	TRUE	FALSE	TRUE
3012103	2022	0	TRUE	FALSE	TRUE	FALSE
3020871	2022	3	FALSE	TRUE	FALSE	TRUE
3021496	2022	3	FALSE	TRUE	FALSE	TRUE
3021730	2022	3	FALSE	TRUE	FALSE	TRUE
3022203	2022	0	FALSE	FALSE	TRUE	FALSE
3022609	2022	1	FALSE	FALSE	FALSE	FALSE
3022668	2022	0	FALSE	FALSE	TRUE	FALSE
3025605	2022	0	TRUE	FALSE	TRUE	FALSE
3025617	2022	2	FALSE	TRUE	FALSE	FALSE
3025896	2022	1	FALSE	FALSE	FALSE	FALSE
3026004	2022	0	FALSE	FALSE	TRUE	FALSE
3026024	2022	1	FALSE	FALSE	FALSE	FALSE
3026035	2022	3	FALSE	TRUE	FALSE	TRUE
3026049	2022	2	FALSE	TRUE	FALSE	FALSE
3026074	2022	2	FALSE	TRUE	FALSE	FALSE
3026092	2022	2	FALSE	TRUE	FALSE	FALSE
3026107	2022	2	FALSE	TRUE	FALSE	FALSE
3026162	2022	3	FALSE	TRUE	FALSE	TRUE
3026294	2022	2	FALSE	TRUE	FALSE	FALSE
3026334	2022	3	FALSE	TRUE	FALSE	TRUE
3026454	2022	2	FALSE	TRUE	FALSE	FALSE
3026622	2022	0	FALSE	FALSE	TRUE	FALSE
3027341	2022	0	TRUE	FALSE	TRUE	FALSE
3027791	2022	1	FALSE	FALSE	FALSE	FALSE
3028528	2022	3	FALSE	TRUE	FALSE	TRUE
3032611	2022	3	FALSE	TRUE	FALSE	TRUE
3032653	2022	1	FALSE	FALSE	FALSE	FALSE
3032762	2022	0	TRUE	FALSE	TRUE	FALSE
3033077	2022	2	FALSE	TRUE	FALSE	FALSE
3033242	2022	3	FALSE	TRUE	FALSE	TRUE
3033261	2022	2	FALSE	TRUE	FALSE	FALSE
3033535	2022	1	FALSE	FALSE	FALSE	FALSE
3033865	2022	2	FALSE	TRUE	FALSE	FALSE
3033896	2022	3	FALSE	TRUE	FALSE	TRUE
3033965	2022	0	TRUE	FALSE	TRUE	FALSE
3034015	2022	3	FALSE	TRUE	FALSE	TRUE
3034782	2022	1	FALSE	FALSE	FALSE	FALSE
3036033	2022	3	FALSE	TRUE	FALSE	TRUE
3036892	2022	0	TRUE	FALSE	TRUE	FALSE
3039046	2022	1	TRUE	FALSE	FALSE	FALSE
3039194	2022	2	FALSE	TRUE	FALSE	FALSE
3039267	2022	3	FALSE	TRUE	FALSE	TRUE
3039270	2022	1	TRUE	FALSE	FALSE	FALSE
3040184	2022	2	FALSE	TRUE	FALSE	FALSE
3040185	2022	2	FALSE	TRUE	FALSE	FALSE
3040232	2022	0	TRUE	FALSE	TRUE	FALSE
3040233	2022	3	FALSE	TRUE	FALSE	TRUE
3040241	2022	0	FALSE	FALSE	TRUE	FALSE
3040999	2022	0	TRUE	FALSE	TRUE	FALSE
3042845	2022	2	FALSE	TRUE	FALSE	FALSE
3044912	2022	0	TRUE	FALSE	TRUE	FALSE
3046744	2022	0	FALSE	FALSE	TRUE	FALSE
3046765	2022	0	FALSE	FALSE	TRUE	FALSE
3054117	2022	2	FALSE	TRUE	FALSE	FALSE
3054352	2022	0	TRUE	FALSE	TRUE	FALSE
3054357	2022	3	FALSE	TRUE	FALSE	TRUE
3054368	2022	3	FALSE	TRUE	FALSE	TRUE
3064221	2022	3	FALSE	TRUE	FALSE	TRUE
3064669	2022	3	FALSE	TRUE	FALSE	TRUE
3067119	2022	2	FALSE	TRUE	FALSE	FALSE
3067353	2022	3	FALSE	TRUE	FALSE	TRUE
3067891	2022	3	FALSE	TRUE	FALSE	TRUE
3069053	2022	0	FALSE	FALSE	TRUE	FALSE
3069300	2022	0	FALSE	FALSE	TRUE	FALSE
3082279	2022	3	FALSE	TRUE	FALSE	TRUE
3083680	2022	3	FALSE	TRUE	FALSE	TRUE
3083935	2022	1	TRUE	FALSE	FALSE	FALSE
3084015	2022	3	FALSE	TRUE	FALSE	TRUE
3084022	2022	3	FALSE	TRUE	FALSE	TRUE
3085357	2022	3	FALSE	TRUE	FALSE	TRUE
3085420	2022	3	FALSE	TRUE	FALSE	TRUE
3088310	2022	3	FALSE	TRUE	FALSE	TRUE
3088488	2022	3	FALSE	TRUE	FALSE	TRUE
3095939	2022	0	TRUE	FALSE	TRUE	FALSE
3096529	2022	0	TRUE	FALSE	TRUE	FALSE
3097496	2022	0	TRUE	FALSE	TRUE	FALSE
3098912	2022	2	FALSE	TRUE	FALSE	FALSE
3098951	2022	2	FALSE	TRUE	FALSE	FALSE
3104106	2022	3	FALSE	TRUE	FALSE	TRUE
3104314	2022	1	FALSE	FALSE	FALSE	FALSE
3104491	2022	1	TRUE	FALSE	FALSE	FALSE
3105508	2022	1	TRUE	FALSE	FALSE	FALSE
3105768	2022	3	FALSE	TRUE	FALSE	TRUE
3111754	2022	1	FALSE	FALSE	FALSE	FALSE
3112361	2022	1	FALSE	FALSE	FALSE	FALSE
3112364	2022	3	FALSE	TRUE	FALSE	TRUE
3113637	2022	0	FALSE	FALSE	TRUE	FALSE
3120790	2022	3	FALSE	TRUE	FALSE	TRUE
3121088	2022	1	FALSE	FALSE	FALSE	FALSE
3123262	2022	0	FALSE	FALSE	TRUE	FALSE
3127837	2022	0	TRUE	FALSE	TRUE	FALSE
3128225	2022	2	FALSE	TRUE	FALSE	FALSE
3128888	2022	1	FALSE	FALSE	FALSE	FALSE
3133887	2022	3	FALSE	TRUE	FALSE	TRUE
3133938	2022	2	FALSE	TRUE	FALSE	FALSE
3134867	2022	3	FALSE	TRUE	FALSE	TRUE
3136320	2022	2	FALSE	TRUE	FALSE	FALSE
3139003	2022	0	TRUE	FALSE	TRUE	FALSE
3140436	2022	3	FALSE	TRUE	FALSE	TRUE
3146683	2022	2	FALSE	TRUE	FALSE	FALSE
3147018	2022	3	FALSE	TRUE	FALSE	TRUE
3147168	2022	2	FALSE	TRUE	FALSE	FALSE
3147913	2022	0	TRUE	FALSE	TRUE	FALSE
3151692	2022	0	TRUE	FALSE	TRUE	FALSE
3152583	2022	3	FALSE	TRUE	FALSE	TRUE
3152816	2022	0	TRUE	FALSE	TRUE	FALSE
3152824	2022	1	FALSE	FALSE	FALSE	FALSE
3152861	2022	2	FALSE	TRUE	FALSE	FALSE
3164340	2022	1	TRUE	FALSE	FALSE	FALSE
3169120	2022	0	TRUE	FALSE	TRUE	FALSE
3169137	2022	2	FALSE	TRUE	FALSE	FALSE
3169329	2022	0	FALSE	FALSE	TRUE	FALSE
3169331	2022	0	FALSE	FALSE	TRUE	FALSE
3169756	2022	3	FALSE	TRUE	FALSE	TRUE
3170040	2022	3	FALSE	TRUE	FALSE	TRUE
3170247	2022	1	FALSE	FALSE	FALSE	FALSE
3170823	2022	3	FALSE	TRUE	FALSE	TRUE
3171888	2022	0	FALSE	FALSE	TRUE	FALSE
3171952	2022	1	FALSE	FALSE	FALSE	FALSE
3172068	2022	3	FALSE	TRUE	FALSE	TRUE
3172266	2022	2	FALSE	TRUE	FALSE	FALSE
3172291	2022	2	FALSE	TRUE	FALSE	FALSE
3172343	2022	0	TRUE	FALSE	TRUE	FALSE
3172549	2022	1	FALSE	FALSE	FALSE	FALSE
3172613	2022	0	FALSE	FALSE	TRUE	FALSE
3172615	2022	2	FALSE	TRUE	FALSE	FALSE
3188859	2022	1	FALSE	FALSE	FALSE	FALSE
3188896	2022	0	FALSE	FALSE	TRUE	FALSE
3189073	2022	2	FALSE	TRUE	FALSE	FALSE
3189815	2022	2	FALSE	TRUE	FALSE	FALSE
3189824	2022	0	FALSE	FALSE	TRUE	FALSE
3189837	2022	3	FALSE	TRUE	FALSE	TRUE
3189843	2022	2	FALSE	TRUE	FALSE	FALSE
3189866	2022	3	FALSE	TRUE	FALSE	TRUE
3189882	2022	3	FALSE	TRUE	FALSE	TRUE
3189883	2022	0	TRUE	FALSE	TRUE	FALSE
3190411	2022	2	FALSE	TRUE	FALSE	FALSE
3190522	2022	3	FALSE	TRUE	FALSE	TRUE
3190544	2022	1	FALSE	FALSE	FALSE	FALSE
3190653	2022	3	FALSE	TRUE	FALSE	TRUE
3586046	2022	3	FALSE	TRUE	FALSE	TRUE
3602683	2022	2	FALSE	TRUE	FALSE	FALSE
3631129	2022	3	FALSE	TRUE	FALSE	TRUE
3633319	2022	0	FALSE	FALSE	TRUE	FALSE
3638793	2022	0	TRUE	FALSE	TRUE	FALSE
3642339	2022	0	TRUE	FALSE	TRUE	FALSE
3642531	2022	1	FALSE	FALSE	FALSE	FALSE
3646556	2022	0	FALSE	FALSE	TRUE	FALSE
3663237	2022	1	FALSE	FALSE	FALSE	FALSE
3664287	2022	0	TRUE	FALSE	TRUE	FALSE
3664589	2022	3	FALSE	TRUE	FALSE	TRUE
3666422	2022	2	FALSE	TRUE	FALSE	FALSE
3666776	2022	1	FALSE	FALSE	FALSE	FALSE
3667721	2022	0	TRUE	FALSE	TRUE	FALSE
3690997	2022	3	FALSE	TRUE	FALSE	TRUE
3693336	2022	0	FALSE	FALSE	TRUE	FALSE
3707631	2022	1	TRUE	FALSE	FALSE	FALSE
3740974	2022	0	TRUE	FALSE	TRUE	FALSE
3741446	2022	2	FALSE	TRUE	FALSE	FALSE
3753098	2022	0	TRUE	FALSE	TRUE	FALSE
3767816	2022	1	FALSE	FALSE	FALSE	FALSE
3797084	2022	2	FALSE	TRUE	FALSE	FALSE
3886505	2022	3	FALSE	TRUE	FALSE	TRUE
3896282	2022	1	FALSE	FALSE	FALSE	FALSE
3924221	2022	1	TRUE	FALSE	FALSE	FALSE
3981543	2022	3	FALSE	TRUE	FALSE	TRUE
4038485	2022	1	FALSE	FALSE	FALSE	FALSE
4067302	2022	3	FALSE	TRUE	FALSE	TRUE
4102952	2022	3	FALSE	TRUE	FALSE	TRUE
4121791	2022	0	FALSE	FALSE	TRUE	FALSE
4125930	2022	0	TRUE	FALSE	TRUE	FALSE
4129181	2022	1	FALSE	FALSE	FALSE	FALSE
4201607	2022	2	FALSE	TRUE	FALSE	FALSE
4201688	2022	3	FALSE	TRUE	FALSE	TRUE
4201695	2022	1	FALSE	FALSE	FALSE	FALSE
4259350	2022	1	FALSE	FALSE	FALSE	FALSE
4264680	2022	3	FALSE	TRUE	FALSE	TRUE
4285968	2022	0	TRUE	FALSE	TRUE	FALSE
4314683	2022	1	FALSE	FALSE	FALSE	FALSE
4315705	2022	1	FALSE	FALSE	FALSE	FALSE
4352332	2022	1	FALSE	FALSE	FALSE	FALSE
4400961	2022	1	FALSE	FALSE	FALSE	FALSE
4409643	2022	1	FALSE	FALSE	FALSE	FALSE
4410088	2022	0	FALSE	FALSE	TRUE	FALSE
4427283	2022	1	FALSE	FALSE	FALSE	FALSE
4427319	2022	3	FALSE	TRUE	FALSE	TRUE
4460066	2022	3	FALSE	TRUE	FALSE	TRUE
4470640	2022	1	FALSE	FALSE	FALSE	FALSE
4483961	2022	3	FALSE	TRUE	FALSE	TRUE
4484176	2022	3	FALSE	TRUE	FALSE	TRUE
4485843	2022	3	FALSE	TRUE	FALSE	TRUE
4486243	2022	3	FALSE	TRUE	FALSE	TRUE
4486297	2022	1	TRUE	FALSE	FALSE	FALSE
4486365	2022	3	FALSE	TRUE	FALSE	TRUE
4486382	2022	1	TRUE	FALSE	FALSE	FALSE
4487661	2022	0	TRUE	FALSE	TRUE	FALSE
4488821	2022	3	FALSE	TRUE	FALSE	TRUE
4496869	2022	0	TRUE	FALSE	TRUE	FALSE
4497054	2022	0	FALSE	FALSE	TRUE	FALSE
4497124	2022	2	FALSE	TRUE	FALSE	FALSE
4497180	2022	3	FALSE	TRUE	FALSE	TRUE
4532122	2022	3	FALSE	TRUE	FALSE	TRUE
4553805	2022	0	TRUE	FALSE	TRUE	FALSE
4559541	2022	0	TRUE	FALSE	TRUE	FALSE
4562529	2022	3	FALSE	TRUE	FALSE	TRUE
4565039	2022	2	FALSE	TRUE	FALSE	FALSE
4565061	2022	3	FALSE	TRUE	FALSE	TRUE
4567717	2022	2	FALSE	TRUE	FALSE	FALSE
4568269	2022	3	FALSE	TRUE	FALSE	TRUE
4845776	2022	0	TRUE	FALSE	TRUE	FALSE
4925890	2022	3	FALSE	TRUE	FALSE	TRUE
4932232	2022	0	FALSE	FALSE	TRUE	FALSE
4933624	2022	1	FALSE	FALSE	FALSE	FALSE
4938682	2022	2	FALSE	TRUE	FALSE	FALSE
4989904	2022	2	FALSE	TRUE	FALSE	FALSE
4990175	2022	1	FALSE	FALSE	FALSE	TRUE
4990176	2022	1	FALSE	FALSE	FALSE	FALSE
5123474	2022	2	FALSE	TRUE	FALSE	FALSE
5124716	2022	0	TRUE	FALSE	TRUE	FALSE
5130444	2022	1	TRUE	FALSE	FALSE	FALSE
5151589	2022	3	FALSE	TRUE	FALSE	TRUE
5152536	2022	1	FALSE	FALSE	FALSE	FALSE
5154481	2022	2	FALSE	TRUE	FALSE	FALSE
5156102	2022	3	FALSE	TRUE	FALSE	TRUE
5177089	2022	1	FALSE	FALSE	FALSE	FALSE
5179027	2022	3	FALSE	TRUE	FALSE	TRUE
5189032	2022	3	FALSE	TRUE	FALSE	TRUE
5189713	2022	0	FALSE	FALSE	TRUE	FALSE
5199161	2022	1	FALSE	FALSE	FALSE	FALSE
5217334	2022	3	FALSE	TRUE	FALSE	TRUE
5218786	2022	2	FALSE	TRUE	FALSE	FALSE
5219681	2022	1	TRUE	FALSE	FALSE	FALSE
5219683	2022	0	FALSE	FALSE	TRUE	FALSE
5219858	2022	2	FALSE	TRUE	FALSE	FALSE
5220136	2022	3	FALSE	TRUE	FALSE	TRUE
5220170	2022	3	FALSE	TRUE	FALSE	TRUE
5227775	2022	1	FALSE	FALSE	FALSE	FALSE
5227966	2022	0	FALSE	FALSE	TRUE	FALSE
5228034	2022	0	FALSE	FALSE	TRUE	FALSE
5228080	2022	0	TRUE	FALSE	TRUE	FALSE
5228229	2022	2	FALSE	TRUE	FALSE	FALSE
5229044	2022	0	FALSE	FALSE	TRUE	FALSE
5229055	2022	0	FALSE	FALSE	TRUE	FALSE
5229134	2022	1	FALSE	FALSE	FALSE	FALSE
5229156	2022	0	TRUE	FALSE	TRUE	FALSE
5229203	2022	0	TRUE	FALSE	TRUE	FALSE
5229205	2022	1	FALSE	FALSE	FALSE	FALSE
5231398	2022	0	FALSE	FALSE	TRUE	FALSE
5232428	2022	1	FALSE	FALSE	FALSE	FALSE
5232435	2022	0	TRUE	FALSE	TRUE	FALSE
5232437	2022	2	FALSE	TRUE	FALSE	FALSE
5232452	2022	2	FALSE	TRUE	FALSE	FALSE
5281901	2022	2	FALSE	TRUE	FALSE	FALSE
5284231	2022	3	FALSE	TRUE	FALSE	TRUE
5284237	2022	1	FALSE	FALSE	FALSE	FALSE
5284698	2022	3	FALSE	TRUE	FALSE	TRUE
5284702	2022	2	FALSE	TRUE	FALSE	FALSE
5284809	2022	2	FALSE	TRUE	FALSE	FALSE
5284827	2022	2	FALSE	TRUE	FALSE	FALSE
5284884	2022	2	FALSE	TRUE	FALSE	FALSE
5284950	2022	1	FALSE	FALSE	FALSE	FALSE
5284982	2022	3	FALSE	TRUE	FALSE	TRUE
5285053	2022	0	FALSE	FALSE	TRUE	FALSE
5285074	2022	0	FALSE	FALSE	TRUE	FALSE
5285385	2022	0	TRUE	FALSE	TRUE	FALSE
5285635	2022	0	TRUE	FALSE	TRUE	FALSE
5285637	2022	2	FALSE	TRUE	FALSE	FALSE
5289666	2022	2	FALSE	TRUE	FALSE	FALSE
5289686	2022	2	FALSE	TRUE	FALSE	FALSE
5289764	2022	0	TRUE	FALSE	TRUE	FALSE
5295044	2022	0	TRUE	FALSE	TRUE	FALSE
5296218	2022	0	TRUE	FALSE	TRUE	FALSE
5298765	2022	1	FALSE	FALSE	FALSE	FALSE
5300102	2022	3	FALSE	TRUE	FALSE	TRUE
5304187	2022	1	FALSE	FALSE	FALSE	FALSE
5304294	2022	1	FALSE	FALSE	FALSE	FALSE
5305162	2022	0	TRUE	FALSE	TRUE	FALSE
5324959	2022	3	FALSE	TRUE	FALSE	TRUE
5328909	2022	1	FALSE	FALSE	FALSE	FALSE
5329263	2022	3	FALSE	TRUE	FALSE	TRUE
5330661	2022	3	FALSE	TRUE	FALSE	TRUE
5332004	2022	0	TRUE	FALSE	TRUE	FALSE
5332120	2022	0	FALSE	FALSE	TRUE	FALSE
5332305	2022	1	FALSE	FALSE	FALSE	FALSE
5333354	2022	0	TRUE	FALSE	TRUE	FALSE
5334194	2022	1	FALSE	FALSE	FALSE	FALSE
5334239	2022	0	TRUE	FALSE	TRUE	FALSE
5334240	2022	3	FALSE	TRUE	FALSE	TRUE
5334247	2022	1	TRUE	FALSE	FALSE	FALSE
5334253	2022	0	TRUE	FALSE	TRUE	FALSE
5334527	2022	1	FALSE	FALSE	FALSE	FALSE
5341187	2022	1	TRUE	FALSE	FALSE	FALSE
5341201	2022	2	FALSE	TRUE	FALSE	FALSE
5341497	2022	2	FALSE	TRUE	FALSE	FALSE
5341548	2022	0	TRUE	FALSE	TRUE	FALSE
5341558	2022	0	TRUE	FALSE	TRUE	FALSE
5353590	2022	1	FALSE	FALSE	FALSE	FALSE
5355395	2022	3	FALSE	TRUE	FALSE	TRUE
5356541	2022	0	TRUE	FALSE	TRUE	FALSE
5358907	2022	1	FALSE	FALSE	FALSE	FALSE
5359169	2022	0	TRUE	FALSE	TRUE	FALSE
5359249	2022	0	FALSE	FALSE	TRUE	FALSE
5361762	2022	0	FALSE	FALSE	TRUE	FALSE
5361785	2022	3	FALSE	TRUE	FALSE	TRUE
5361888	2022	2	FALSE	TRUE	FALSE	FALSE
5362004	2022	1	FALSE	FALSE	FALSE	FALSE
5362054	2022	3	FALSE	TRUE	FALSE	TRUE
5362573	2022	2	FALSE	TRUE	FALSE	FALSE
5365705	2022	2	FALSE	TRUE	FALSE	FALSE
5366327	2022	1	FALSE	FALSE	FALSE	FALSE
5367294	2022	2	FALSE	TRUE	FALSE	FALSE
5369784	2022	3	FALSE	TRUE	FALSE	TRUE
5370006	2022	0	TRUE	FALSE	TRUE	FALSE
5372639	2022	2	FALSE	TRUE	FALSE	FALSE
5372655	2022	2	FALSE	TRUE	FALSE	FALSE
5372875	2022	0	TRUE	FALSE	TRUE	FALSE
5373039	2022	0	TRUE	FALSE	TRUE	FALSE
5373124	2022	1	FALSE	FALSE	FALSE	FALSE
5375020	2022	2	FALSE	TRUE	FALSE	FALSE
5376035	2022	1	FALSE	FALSE	FALSE	FALSE
5376179	2022	0	FALSE	FALSE	TRUE	FALSE
5377163	2022	2	FALSE	TRUE	FALSE	FALSE
5377196	2022	0	TRUE	FALSE	TRUE	FALSE
5384361	2022	2	FALSE	TRUE	FALSE	FALSE
5384390	2022	3	FALSE	TRUE	FALSE	TRUE
5384393	2022	0	FALSE	FALSE	TRUE	FALSE
5384932	2022	2	FALSE	TRUE	FALSE	FALSE
5384950	2022	0	TRUE	FALSE	TRUE	FALSE
5387098	2022	0	TRUE	FALSE	TRUE	FALSE
5387396	2022	1	TRUE	FALSE	FALSE	FALSE
5391928	2022	2	FALSE	TRUE	FALSE	FALSE
5392145	2022	1	FALSE	FALSE	FALSE	FALSE
5402363	2022	0	TRUE	FALSE	TRUE	FALSE
5403605	2022	1	FALSE	FALSE	FALSE	FALSE
5406741	2022	3	FALSE	TRUE	FALSE	TRUE
5410151	2022	3	FALSE	TRUE	FALSE	TRUE
5410411	2022	3	FALSE	TRUE	FALSE	TRUE
5410661	2022	0	TRUE	FALSE	TRUE	FALSE
5411353	2022	0	TRUE	FALSE	TRUE	FALSE
5411453	2022	1	FALSE	FALSE	FALSE	FALSE
5414976	2022	0	TRUE	FALSE	TRUE	FALSE
5414991	2022	1	TRUE	FALSE	FALSE	FALSE
5415012	2022	3	FALSE	TRUE	FALSE	TRUE
5415054	2022	1	FALSE	FALSE	FALSE	FALSE
5415455	2022	1	FALSE	FALSE	FALSE	FALSE
5420991	2022	2	FALSE	TRUE	FALSE	FALSE
5421039	2022	3	FALSE	TRUE	FALSE	TRUE
5421040	2022	0	TRUE	FALSE	TRUE	FALSE
5421180	2022	1	TRUE	FALSE	FALSE	FALSE
5421389	2022	0	FALSE	FALSE	TRUE	FALSE
5545159	2022	0	FALSE	FALSE	TRUE	FALSE
5559837	2022	1	FALSE	FALSE	FALSE	TRUE
5561475	2022	3	FALSE	TRUE	FALSE	TRUE
5567694	2022	2	FALSE	TRUE	FALSE	FALSE
5582033	2022	3	FALSE	TRUE	FALSE	TRUE
5584611	2022	2	FALSE	TRUE	FALSE	FALSE
5587240	2022	1	FALSE	FALSE	FALSE	FALSE
5598598	2022	3	FALSE	TRUE	FALSE	TRUE
5598915	2022	2	FALSE	TRUE	FALSE	FALSE
5609603	2022	1	TRUE	FALSE	FALSE	FALSE
5617467	2022	0	TRUE	FALSE	TRUE	FALSE
5641274	2022	0	TRUE	FALSE	TRUE	FALSE
5652131	2022	0	TRUE	FALSE	TRUE	FALSE
5679692	2022	0	TRUE	FALSE	TRUE	FALSE
5686494	2022	0	TRUE	FALSE	TRUE	FALSE
5789082	2022	0	TRUE	FALSE	TRUE	FALSE
5825913	2022	0	FALSE	FALSE	TRUE	FALSE
5851603	2022	1	FALSE	FALSE	FALSE	FALSE
5855746	2022	1	TRUE	FALSE	FALSE	FALSE
5879783	2022	1	TRUE	FALSE	FALSE	FALSE
5892120	2022	0	FALSE	FALSE	TRUE	FALSE
5959231	2022	0	TRUE	FALSE	TRUE	FALSE
6035638	2022	0	TRUE	FALSE	TRUE	FALSE
6096602	2022	1	FALSE	FALSE	FALSE	FALSE
6098843	2022	2	FALSE	TRUE	FALSE	FALSE
6100996	2022	0	TRUE	FALSE	TRUE	FALSE
6101223	2022	1	FALSE	FALSE	FALSE	FALSE
6109535	2022	2	FALSE	TRUE	FALSE	FALSE
6157026	2022	2	FALSE	TRUE	FALSE	FALSE
6157035	2022	1	FALSE	FALSE	FALSE	FALSE
6159223	2022	0	FALSE	FALSE	TRUE	FALSE
6159273	2022	0	TRUE	FALSE	TRUE	FALSE
6362904	2022	2	FALSE	TRUE	FALSE	FALSE
6369140	2022	0	FALSE	FALSE	TRUE	FALSE
6387003	2022	1	FALSE	FALSE	FALSE	FALSE
6391417	2022	1	FALSE	FALSE	FALSE	FALSE
6432925	2022	0	FALSE	FALSE	TRUE	FALSE
6709291	2022	1	TRUE	FALSE	FALSE	FALSE
7062200	2022	1	FALSE	FALSE	FALSE	FALSE
7068732	2022	2	FALSE	TRUE	FALSE	FALSE
7127354	2022	2	FALSE	TRUE	FALSE	FALSE
7127810	2022	3	FALSE	TRUE	FALSE	TRUE
7135755	2022	2	FALSE	TRUE	FALSE	FALSE
7162908	2022	2	FALSE	TRUE	FALSE	FALSE
7172831	2022	1	FALSE	FALSE	FALSE	FALSE
7190901	2022	0	TRUE	FALSE	TRUE	FALSE
7222255	2022	3	FALSE	TRUE	FALSE	TRUE
7224157	2022	1	FALSE	FALSE	FALSE	FALSE
7225712	2022	0	TRUE	FALSE	TRUE	FALSE
7227181	2022	1	FALSE	FALSE	FALSE	FALSE
7230699	2022	1	FALSE	FALSE	FALSE	FALSE
7262908	2022	2	FALSE	TRUE	FALSE	FALSE
7262958	2022	0	FALSE	FALSE	TRUE	FALSE
7263145	2022	0	FALSE	FALSE	TRUE	FALSE
7266329	2022	2	FALSE	TRUE	FALSE	FALSE
7266343	2022	1	FALSE	FALSE	FALSE	FALSE
7267630	2022	1	FALSE	FALSE	FALSE	FALSE
7267631	2022	0	FALSE	FALSE	TRUE	FALSE
7270381	2022	0	TRUE	FALSE	TRUE	FALSE
7271631	2022	0	TRUE	FALSE	TRUE	FALSE
7277286	2022	0	TRUE	FALSE	TRUE	FALSE
7291264	2022	2	FALSE	TRUE	FALSE	FALSE
7293727	2022	0	TRUE	FALSE	TRUE	FALSE
7294681	2022	1	FALSE	FALSE	FALSE	FALSE
7307327	2022	1	FALSE	FALSE	FALSE	FALSE
7307829	2022	0	TRUE	FALSE	TRUE	FALSE
7315072	2022	2	FALSE	TRUE	FALSE	FALSE
7315286	2022	1	FALSE	FALSE	FALSE	FALSE
7319302	2022	0	FALSE	FALSE	TRUE	FALSE
7322122	2022	0	TRUE	FALSE	TRUE	FALSE
7322292	2022	1	TRUE	FALSE	FALSE	FALSE
7325877	2022	1	FALSE	FALSE	FALSE	FALSE
7332415	2022	3	FALSE	TRUE	FALSE	TRUE
7332416	2022	3	FALSE	TRUE	FALSE	TRUE
7333320	2022	0	TRUE	FALSE	TRUE	FALSE
7334368	2022	3	FALSE	TRUE	FALSE	TRUE
7334489	2022	1	FALSE	FALSE	FALSE	FALSE
7346102	2022	3	FALSE	TRUE	FALSE	TRUE
7358677	2022	1	FALSE	FALSE	FALSE	FALSE
7358948	2022	0	FALSE	FALSE	TRUE	FALSE
7400250	2022	2	FALSE	TRUE	FALSE	FALSE
7433196	2022	3	FALSE	TRUE	FALSE	TRUE
7443846	2022	3	FALSE	TRUE	FALSE	TRUE
7475424	2022	1	TRUE	FALSE	FALSE	FALSE
7529533	2022	0	TRUE	FALSE	TRUE	FALSE
7540164	2022	3	FALSE	TRUE	FALSE	TRUE
7560711	2022	2	FALSE	TRUE	FALSE	FALSE
7624620	2022	0	TRUE	FALSE	TRUE	FALSE
7664179	2022	0	TRUE	FALSE	TRUE	FALSE
7671397	2022	1	FALSE	FALSE	FALSE	FALSE
7681436	2022	2	FALSE	TRUE	FALSE	FALSE
7690055	2022	0	TRUE	FALSE	TRUE	FALSE
7699567	2022	1	FALSE	FALSE	FALSE	FALSE
7730307	2022	1	FALSE	FALSE	FALSE	FALSE
7738766	2022	0	FALSE	FALSE	TRUE	FALSE
7740617	2022	0	TRUE	FALSE	TRUE	FALSE
7763534	2022	1	FALSE	FALSE	FALSE	FALSE
7802465	2022	2	FALSE	TRUE	FALSE	FALSE
7818643	2022	1	FALSE	FALSE	FALSE	FALSE
7823743	2022	3	FALSE	TRUE	FALSE	TRUE
7828157	2022	2	FALSE	TRUE	FALSE	FALSE
7832723	2022	0	TRUE	FALSE	TRUE	FALSE
7848132	2022	0	TRUE	FALSE	TRUE	FALSE
7902463	2022	0	TRUE	FALSE	TRUE	FALSE
7915783	2022	1	FALSE	FALSE	FALSE	FALSE
7925372	2022	0	FALSE	FALSE	TRUE	FALSE
7978544	2022	2	FALSE	TRUE	FALSE	FALSE
7989836	2022	2	FALSE	TRUE	FALSE	FALSE
8010581	2022	0	TRUE	FALSE	TRUE	FALSE
8011733	2022	1	FALSE	FALSE	FALSE	FALSE
8018277	2022	0	TRUE	FALSE	TRUE	FALSE
8021567	2022	0	TRUE	FALSE	TRUE	FALSE
8022932	2022	0	TRUE	FALSE	TRUE	FALSE
8031875	2022	0	TRUE	FALSE	TRUE	FALSE
8044946	2022	0	TRUE	FALSE	TRUE	FALSE
8080743	2022	2	FALSE	TRUE	FALSE	FALSE
8133114	2022	2	FALSE	TRUE	FALSE	FALSE
8149049	2022	1	FALSE	FALSE	FALSE	FALSE
8149923	2022	2	FALSE	TRUE	FALSE	FALSE
8168344	2022	2	FALSE	TRUE	FALSE	FALSE
8183217	2022	0	FALSE	FALSE	TRUE	FALSE
8190077	2022	2	FALSE	TRUE	FALSE	FALSE
8190231	2022	3	FALSE	TRUE	FALSE	TRUE
8200663	2022	3	FALSE	TRUE	FALSE	TRUE
8207952	2022	1	FALSE	FALSE	FALSE	TRUE
8212772	2022	1	FALSE	FALSE	FALSE	FALSE
8251158	2022	1	TRUE	FALSE	FALSE	FALSE
8255921	2022	1	FALSE	FALSE	FALSE	FALSE
8265082	2022	0	FALSE	FALSE	TRUE	FALSE
8288647	2022	2	FALSE	TRUE	FALSE	FALSE
8302634	2022	3	FALSE	TRUE	FALSE	TRUE
8313153	2022	2	FALSE	TRUE	FALSE	FALSE
8323119	2022	1	FALSE	FALSE	FALSE	FALSE
8323485	2022	1	FALSE	FALSE	FALSE	FALSE
8326061	2022	0	TRUE	FALSE	TRUE	FALSE
8356787	2022	0	TRUE	FALSE	TRUE	FALSE
8362005	2022	1	FALSE	FALSE	FALSE	FALSE
8402586	2022	0	TRUE	FALSE	TRUE	FALSE
8537667	2022	1	TRUE	FALSE	FALSE	FALSE
8599762	2022	1	FALSE	FALSE	FALSE	FALSE
8699607	2022	2	FALSE	TRUE	FALSE	FALSE
8741260	2022	1	FALSE	FALSE	FALSE	FALSE
8745918	2022	2	FALSE	TRUE	FALSE	FALSE
8909595	2022	2	FALSE	TRUE	FALSE	FALSE
8946295	2022	2	FALSE	TRUE	FALSE	FALSE
8993502	2022	1	FALSE	FALSE	FALSE	FALSE
9018536	2022	1	FALSE	FALSE	FALSE	FALSE
9078997	2022	0	TRUE	FALSE	TRUE	FALSE
9153437	2022	1	FALSE	FALSE	FALSE	FALSE
9188840	2022	2	FALSE	TRUE	FALSE	FALSE
9228111	2022	1	FALSE	FALSE	FALSE	FALSE
9228211	2022	0	TRUE	FALSE	TRUE	FALSE
9245228	2022	0	TRUE	FALSE	TRUE	FALSE
9254355	2022	0	TRUE	FALSE	TRUE	FALSE
9305555	2022	0	FALSE	FALSE	TRUE	FALSE
9306058	2022	1	FALSE	FALSE	FALSE	FALSE
9321334	2022	0	TRUE	FALSE	TRUE	FALSE
9326020	2022	2	FALSE	TRUE	FALSE	FALSE
9345027	2022	2	FALSE	TRUE	FALSE	FALSE
9350124	2022	2	FALSE	TRUE	FALSE	FALSE
9376410	2022	1	FALSE	FALSE	FALSE	FALSE
9382645	2022	0	FALSE	FALSE	TRUE	FALSE
9450106	2022	0	FALSE	FALSE	TRUE	FALSE
9451184	2022	2	FALSE	TRUE	FALSE	FALSE
9496048	2022	2	FALSE	TRUE	FALSE	FALSE
9508460	2022	2	FALSE	TRUE	FALSE	FALSE
9541940	2022	0	TRUE	FALSE	TRUE	FALSE
9583342	2022	0	TRUE	FALSE	TRUE	FALSE
9606290	2022	3	FALSE	TRUE	FALSE	TRUE
10755213	2022	2	FALSE	TRUE	FALSE	FALSE
10786206	2022	1	FALSE	FALSE	FALSE	FALSE
10801424	2022	3	FALSE	TRUE	FALSE	TRUE
10902460	2022	2	FALSE	TRUE	FALSE	FALSE
11844792	2022	0	TRUE	FALSE	TRUE	FALSE
